date,exchange,code,name,total_shares_wanfen
2026-09-01,SSE,510010,治理ETF,13052.44
2026-09-01,SSE,510020,超大ETF,3584.8
2026-09-01,SSE,510030,价值ETF,14622.98
2026-09-01,SSE,510040,上证180E,2648
2026-09-01,SSE,510050,50ETF,653376.68
2026-09-01,SSE,510060,央企ETF,3595.92
2026-09-01,SSE,510090,ESG建信,2508.11
2026-09-01,SSE,510100,SZ50ETF,93380.68
2026-09-01,SSE,510130,中盘ETF,3148.51
2026-09-01,SSE,510140,上证指,7723.05
2026-09-01,SSE,510150,消费ETF,283917.86
2026-09-01,SSE,510160,产业升级,18405.74
2026-09-01,SSE,510170,商品ETF,33491.48
2026-09-01,SSE,510180,180ETF,441655.77
2026-09-01,SSE,510190,上证50基,2365.08
2026-09-01,SSE,510200,上证券商,14388.55
2026-09-01,SSE,510210,综指ETF,1421019.26
2026-09-01,SSE,510230,金融ETF,67780.8
2026-09-01,SSE,510270,国企ETF,1683.21
2026-09-01,SSE,510290,380ETF,5444.89
2026-09-01,SSE,510300,300ETF,2299998.77
2026-09-01,SSE,510310,HS300ETF,1129474.4
2026-09-01,SSE,510320,300中金,63106.85
2026-09-01,SSE,510330,华夏300,837564.98
2026-09-01,SSE,510350,工银300,67601.47
2026-09-01,SSE,510360,广发300,178138.12
2026-09-01,SSE,510370,兴业300,8725.81
2026-09-01,SSE,510380,国寿300,146180.24
2026-09-01,SSE,510390,平安300,13655
2026-09-01,SSE,510410,资源ETF,43925.84
2026-09-01,SSE,510500,500ETF,518936.86
2026-09-01,SSE,510510,广发500,83903.83
2026-09-01,SSE,510530,工银500,4747.94
2026-09-01,SSE,510550,方正500,2374.33
2026-09-01,SSE,510560,国寿500,5231.87
2026-09-01,SSE,510570,兴业500,3306.06
2026-09-01,SSE,510580,ZZ500ETF,112936.83
2026-09-01,SSE,510590,平安500,11638.61
2026-09-01,SSE,510600,沪50ETF,1331.51
2026-09-01,SSE,510630,消费30,55536.15
2026-09-01,SSE,510650,金融行业,1195.25
2026-09-01,SSE,510660,医药行业,5237.97
2026-09-01,SSE,510670,180指,17799.3
2026-09-01,SSE,510680,万家50,2052.47
2026-09-01,SSE,510710,上50ETF,10371.89
2026-09-01,SSE,510720,红利国泰,165476.6
2026-09-01,SSE,510760,上证ETF,302950.37
2026-09-01,SSE,510770,G60创新,2161.07
2026-09-01,SSE,510800,上证50,17457.6
2026-09-01,SSE,510810,上海国企,596669.37
2026-09-01,SSE,510850,工银上50,4669.89
2026-09-01,SSE,510880,红利ETF,564517.57
2026-09-01,SSE,510900,恒生中国,322102.19
2026-09-01,SSE,510910,上证指CS,15079.6
2026-09-01,SSE,510950,上证广发,10192.08
2026-09-01,SSE,510980,上证综合,59079.8
2026-09-01,SSE,510990,ESG180,4094.86
2026-09-01,SSE,511010,国债ETF,5030.63
2026-09-01,SSE,511020,活跃国债,3919.75
2026-09-01,SSE,511030,公司债,40274.07
2026-09-01,SSE,511060,5年地债,2144.63
2026-09-01,SSE,511070,沪公司债,29313.1
2026-09-01,SSE,511090,30年国债,28303.81
2026-09-01,SSE,511100,基准国债,10884.05
2026-09-01,SSE,511110,公司债易,32499.96
2026-09-01,SSE,511120,科创债基,11771.06
2026-09-01,SSE,511130,国债30年,19297.97
2026-09-01,SSE,511150,科债永赢,11153.09
2026-09-01,SSE,511160,国债东财,2189.09
2026-09-01,SSE,511180,上证转债,99125.97
2026-09-01,SSE,511190,信用债,14880.43
2026-09-01,SSE,511200,信用债基,24256.75
2026-09-01,SSE,511220,城投ETF,531188.14
2026-09-01,SSE,511260,十年国债,16880.65
2026-09-01,SSE,511270,10年地债,8993.75
2026-09-01,SSE,511360,短融ETF,73649.26
2026-09-01,SSE,511380,转债ETF,452758.67
2026-09-01,SSE,511520,政金债,38419.65
2026-09-01,SSE,511580,国债政金,7010.48
2026-09-01,SSE,512000,券商ETF,7206303.54
2026-09-01,SSE,512010,医药ETF,4027769.49
2026-09-01,SSE,512020,A500,110901.27
2026-09-01,SSE,512030,A50增,4324
2026-09-01,SSE,512040,国信价值,448871.59
2026-09-01,SSE,512050,A500E,1634899.22
2026-09-01,SSE,512060,A100指基,1092.8
2026-09-01,SSE,512070,证券保险,1653547.97
2026-09-01,SSE,512080,A500中金,77618.61
2026-09-01,SSE,512090,MSCI易基,33359.23
2026-09-01,SSE,512100,1000ETF,623721.76
2026-09-01,SSE,512120,医药50,77624.19
2026-09-01,SSE,512130,现金全指,1489.5
2026-09-01,SSE,512140,电力事业,14204.9
2026-09-01,SSE,512150,A50ETF,1807.34
2026-09-01,SSE,512160,MSCI基金,12177.78
2026-09-01,SSE,512170,医疗ETF,7164382.05
2026-09-01,SSE,512180,建信MSCI,4804.8
2026-09-01,SSE,512190,之江凤凰,20081.84
2026-09-01,SSE,512200,地产ETF,305084.79
2026-09-01,SSE,512220,TMTETF,20996.76
2026-09-01,SSE,512240,A50龙头,2168.6
2026-09-01,SSE,512250,A50指数E,11810.01
2026-09-01,SSE,512260,500低波,2049.77
2026-09-01,SSE,512290,生物医药,315582.07
2026-09-01,SSE,512330,信息ETF,35518.8
2026-09-01,SSE,512360,MSCI国际,2733.77
2026-09-01,SSE,512370,A500增指,29631.3
2026-09-01,SSE,512380,MSCI中国,7580.56
2026-09-01,SSE,512390,MSCI低波,1268.2
2026-09-01,SSE,512400,有色ETF,1422253.9
2026-09-01,SSE,512410,银行广发,4347.17
2026-09-01,SSE,512420,机械华安,7423.89
2026-09-01,SSE,512430,家电家居,2872
2026-09-01,SSE,512450,广发养殖,10586.7
2026-09-01,SSE,512460,电池主题,30182.3
2026-09-01,SSE,512480,半导体,1955400.72
2026-09-01,SSE,512500,中证500,180720.88
2026-09-01,SSE,512510,ETF500,43042.98
2026-09-01,SSE,512520,MSCIETF,4505.64
2026-09-01,SSE,512530,300红利,9550.2
2026-09-01,SSE,512550,A50基金,10790.6
2026-09-01,SSE,512560,中证军工,94112.7
2026-09-01,SSE,512570,中证证券,400580.61
2026-09-01,SSE,512580,环保ETF,56787.17
2026-09-01,SSE,512600,必选消费,167135.61
2026-09-01,SSE,512620,农业TH,141766.6
2026-09-01,SSE,512630,卫星基金,163642.6
2026-09-01,SSE,512640,金融地产,2024.09
2026-09-01,SSE,512650,长三角,3094.16
2026-09-01,SSE,512660,军工ETF,622508
2026-09-01,SSE,512670,国防ETF,218965.26
2026-09-01,SSE,512680,军工基金,305453.01
2026-09-01,SSE,512690,酒ETF,3154435.02
2026-09-01,SSE,512700,XD银行基,70458.1
2026-09-01,SSE,512710,军工龙头,1160865.84
2026-09-01,SSE,512720,计算机,36345.34
2026-09-01,SSE,512730,银行FUND,5208.39
2026-09-01,SSE,512750,基本面50,4655.49
2026-09-01,SSE,512760,芯片ETF,961344.55
2026-09-01,SSE,512770,战略新兴,9826.78
2026-09-01,SSE,512800,银行ETF,1189947.99
2026-09-01,SSE,512810,国防军工,97558.35
2026-09-01,SSE,512820,银行股基,38260.19
2026-09-01,SSE,512870,杭州湾区,2241.06
2026-09-01,SSE,512880,证券ETF,5632429.15
2026-09-01,SSE,512890,红利低波,2702711.08
2026-09-01,SSE,512900,证券基金,746140.6
2026-09-01,SSE,512910,100ETF,13112.88
2026-09-01,SSE,512930,AIETF,484452.13
2026-09-01,SSE,512940,有色矿业,214370.5
2026-09-01,SSE,512950,央企改革,404255.1
2026-09-01,SSE,512960,央调ETF,385545.73
2026-09-01,SSE,512970,湾区ETF,498.76
2026-09-01,SSE,512980,传媒ETF,495742.44
2026-09-01,SSE,512990,MSCIA股,9901.54
2026-09-01,SSE,513000,225ETF,100291.14
2026-09-01,SSE,513010,港股科技,4423930.7
2026-09-01,SSE,513020,科技HK,228814.54
2026-09-01,SSE,513030,德国ETF,101777.9
2026-09-01,SSE,513040,HK互联网,681434.13
2026-09-01,SSE,513050,中概互联,3453843.27
2026-09-01,SSE,513060,恒生医疗,858539.33
2026-09-01,SSE,513070,HK消费50,133676.08
2026-09-01,SSE,513080,法国ETF,66091.6
2026-09-01,SSE,513090,香港证券,978448.8
2026-09-01,SSE,513100,纳指ETF,946511.06
2026-09-01,SSE,513110,纳指100,220243.5
2026-09-01,SSE,513120,HK创新药,1884863.54
2026-09-01,SSE,513130,恒生科技,5669434.7
2026-09-01,SSE,513140,港股金融,7836.8
2026-09-01,SSE,513150,港科技50,10055.98
2026-09-01,SSE,513160,科技30,318918.93
2026-09-01,SSE,513170,恒生央企,16357.3
2026-09-01,SSE,513180,恒指科技,6954675.95
2026-09-01,SSE,513190,H股金融,99693.6
2026-09-01,SSE,513200,港股医药,89028.21
2026-09-01,SSE,513210,恒生E,4094.2
2026-09-01,SSE,513220,互联网30,52110.94
2026-09-01,SSE,513230,H股消费,32942.27
2026-09-01,SSE,513240,港信息,10949.6
2026-09-01,SSE,513260,恒科技,473524.3
2026-09-01,SSE,513280,恒生生物,36511.45
2026-09-01,SSE,513290,纳指生物,104857.21
2026-09-01,SSE,513300,纳斯达克,533692.1
2026-09-01,SSE,513310,中韩芯片,242742.7
2026-09-01,SSE,513320,HK新经济,9101.06
2026-09-01,SSE,513330,恒生互联,6985748
2026-09-01,SSE,513350,油气ETF,84474.6
2026-09-01,SSE,513360,教育ETF,61771.39
2026-09-01,SSE,513380,科技恒生,1778278.49
2026-09-01,SSE,513390,纳指基金,214537.91
2026-09-01,SSE,513400,道琼斯,276206.2
2026-09-01,SSE,513500,标普500,1021463.86
2026-09-01,SSE,513520,日经ETF,107738.72
2026-09-01,SSE,513530,港股红利,283793.87
2026-09-01,SSE,513550,港股通50,168299.2
2026-09-01,SSE,513560,香港科技,53138.6
2026-09-01,SSE,513580,HS科技,606011.8
2026-09-01,SSE,513590,香港消费,13051.89
2026-09-01,SSE,513600,恒指ETF,60982.95
2026-09-01,SSE,513620,港医疗指,5721.6
2026-09-01,SSE,513630,香港红利,752335.9
2026-09-01,SSE,513650,标普ETF,436573.4
2026-09-01,SSE,513660,恒生通,180800.02
2026-09-01,SSE,513690,恒生股息,314997.99
2026-09-01,SSE,513700,香港医药,79484.6
2026-09-01,SSE,513720,香港互联,24885.9
2026-09-01,SSE,513730,东南亚,77635.5
2026-09-01,SSE,513750,港股非银,808783.8
2026-09-01,SSE,513770,港股互联,1445013.79
2026-09-01,SSE,513780,港股新药,188765.7
2026-09-01,SSE,513800,东证ETF,103704.44
2026-09-01,SSE,513810,港股国企,4199.2
2026-09-01,SSE,513820,港股分红,173766.9
2026-09-01,SSE,513830,红利港股,5381.1
2026-09-01,SSE,513850,美国50,124489.26
2026-09-01,SSE,513860,HKC科技,271947.06
2026-09-01,SSE,513870,纳指指数,137767.1
2026-09-01,SSE,513880,日经225,131397
2026-09-01,SSE,513890,HK科技,89512.8
2026-09-01,SSE,513900,港股100,8997.8
2026-09-01,SSE,513910,红利央企,196627.6
2026-09-01,SSE,513920,央企40,260573.1
2026-09-01,SSE,513930,香港生科,10290.8
2026-09-01,SSE,513950,恒生红利,240761.9
2026-09-01,SSE,513970,恒生消费,140604.1
2026-09-01,SSE,513980,科技港股,1676720.4
2026-09-01,SSE,513990,港股通综,4300
2026-09-01,SSE,515000,科技ETF,318257.93
2026-09-01,SSE,515010,华夏证券,205077.16
2026-09-01,SSE,515020,银行指数,37484.53
2026-09-01,SSE,515030,新汽车,149538.4
2026-09-01,SSE,515040,工业金属,5131.96
2026-09-01,SSE,515050,5GETF,1733920.54
2026-09-01,SSE,515060,华夏地产,102647.81
2026-09-01,SSE,515070,AI智能,750694.04
2026-09-01,SSE,515080,中证红利,685114.89
2026-09-01,SSE,515090,可持续,1180.17
2026-09-01,SSE,515100,红利100,363919.15
2026-09-01,SSE,515110,国企方达,21429.5
2026-09-01,SSE,515120,创新药,1738299.36
2026-09-01,SSE,515130,HS300E,9446.32
2026-09-01,SSE,515150,国企富国,39770.32
2026-09-01,SSE,515160,MSCI招商,24395.51
2026-09-01,SSE,515170,食品饮料,860725.79
2026-09-01,SSE,515180,100红利,1280963.7
2026-09-01,SSE,515190,BOCI500,29346.61
2026-09-01,SSE,515200,创新100,3794.32
2026-09-01,SSE,515210,钢铁ETF,101172.61
2026-09-01,SSE,515220,煤炭ETF,989567.69
2026-09-01,SSE,515230,软件ETF,792369.09
2026-09-01,SSE,515250,智能汽车,34094.45
2026-09-01,SSE,515260,电子ETF,86656.84
2026-09-01,SSE,515290,银行,258047.29
2026-09-01,SSE,515300,红利300,334817.52
2026-09-01,SSE,515310,添富300,31461.12
2026-09-01,SSE,515320,电子50,8930.9
2026-09-01,SSE,515330,天弘300,617670.95
2026-09-01,SSE,515350,民生300,1169.92
2026-09-01,SSE,515360,方正300,3727.93
2026-09-01,SSE,515370,中证光伏,96171.3
2026-09-01,SSE,515380,泰康300,66249.98
2026-09-01,SSE,515390,HS300,192268.3
2026-09-01,SSE,515400,大数据,163063.14
2026-09-01,SSE,515450,红利50,1416683.5
2026-09-01,SSE,515460,质量红利,27509.1
2026-09-01,SSE,515480,红利一百,2534.07
2026-09-01,SSE,515530,泰康500,1224.27
2026-09-01,SSE,515550,国联500,2034.57
2026-09-01,SSE,515560,证券E,19288.33
2026-09-01,SSE,515580,中证科技,30403.14
2026-09-01,SSE,515590,500ETFEW,3611.37
2026-09-01,SSE,515600,央企创新,103779.74
2026-09-01,SSE,515630,保险证券,92121.77
2026-09-01,SSE,515640,家电指数,1705
2026-09-01,SSE,515650,消费50,303518.4
2026-09-01,SSE,515660,沪深300E,43359.42
2026-09-01,SSE,515680,创新央企,109926.47
2026-09-01,SSE,515700,新能车,67851.02
2026-09-01,SSE,515710,食品ETF,232309.98
2026-09-01,SSE,515720,金科富国,44161.1
2026-09-01,SSE,515730,家居家电,3989.2
2026-09-01,SSE,515750,科技50,26414.05
2026-09-01,SSE,515760,浙江国资,9438.81
2026-09-01,SSE,515770,MSCIAETF,3972.73
2026-09-01,SSE,515790,光伏ETF,596149.4
2026-09-01,SSE,515800,800ETF,394393.72
2026-09-01,SSE,515810,ZZ800ETF,26390.88
2026-09-01,SSE,515840,食品南方,3342.64
2026-09-01,SSE,515850,证券龙头,48029.1
2026-09-01,SSE,515860,科技100,10187.89
2026-09-01,SSE,515880,通信ETF,6310577.4
2026-09-01,SSE,515890,红利博时,37744.39
2026-09-01,SSE,515900,央创ETF,222724.65
2026-09-01,SSE,515910,质量ETF,22750.7
2026-09-01,SSE,515920,智能消费,6440.57
2026-09-01,SSE,515950,医药龙头,53120.06
2026-09-01,SSE,515960,医药100,23999.19
2026-09-01,SSE,515970,华夏机械,60108.8
2026-09-01,SSE,515980,人工智能,619412.9
2026-09-01,SSE,515990,添富国企,5335.02
2026-09-01,SSE,516000,数据ETF,42485.5
2026-09-01,SSE,516010,游戏ETF,245969.3
2026-09-01,SSE,516020,化工ETF,346632.62
2026-09-01,SSE,516050,科技龙头,16022.8
2026-09-01,SSE,516060,新药ETF,29623.74
2026-09-01,SSE,516070,碳中和50,29164.6
2026-09-01,SSE,516080,创新医药,526355.48
2026-09-01,SSE,516090,新能源E,165484.48
2026-09-01,SSE,516100,科技金融,113675.97
2026-09-01,SSE,516110,汽车ETF,21662.31
2026-09-01,SSE,516120,化工50,502258.2
2026-09-01,SSE,516130,消费龙头,157889
2026-09-01,SSE,516150,稀土基金,382007.7
2026-09-01,SSE,516160,新能源,151864.2
2026-09-01,SSE,516180,光伏产业,14998.7
2026-09-01,SSE,516190,文娱ETF,11881.85
2026-09-01,SSE,516200,证券行业,44460.4
2026-09-01,SSE,516210,银行股,7663.1
2026-09-01,SSE,516220,化工龙头,25717
2026-09-01,SSE,516230,光伏招商,74492.1
2026-09-01,SSE,516250,富国机械,6387.8
2026-09-01,SSE,516260,物联网50,4388.26
2026-09-01,SSE,516270,新能源50,29540.9
2026-09-01,SSE,516290,光伏基金,73919.69
2026-09-01,SSE,516300,中证1000,3901.26
2026-09-01,SSE,516310,银行指基,155965.85
2026-09-01,SSE,516320,装备ETF,8758.93
2026-09-01,SSE,516330,物联网,847.13
2026-09-01,SSE,516350,芯片50,142041.53
2026-09-01,SSE,516360,新材料,5755.18
2026-09-01,SSE,516370,全指电力,29240.8
2026-09-01,SSE,516380,智能电车,8344.93
2026-09-01,SSE,516390,电动车,18126.1
2026-09-01,SSE,516440,南方机械,13812.66
2026-09-01,SSE,516460,现金流E,42169.3
2026-09-01,SSE,516500,生物ETF,20393.72
2026-09-01,SSE,516510,云计算,150589
2026-09-01,SSE,516520,智能驾驶,79176.55
2026-09-01,SSE,516530,物流快递,1780.23
2026-09-01,SSE,516550,农业ETF,26041.44
2026-09-01,SSE,516560,养老ETF,20875.8
2026-09-01,SSE,516570,石化ETF,113335.76
2026-09-01,SSE,516580,新能源BS,14612.41
2026-09-01,SSE,516590,电动汽车,5201.5
2026-09-01,SSE,516600,消服ETF,11033.21
2026-09-01,SSE,516610,医服ETF,23297.48
2026-09-01,SSE,516620,影视ETF,34026.75
2026-09-01,SSE,516630,云计算50,47515.6
2026-09-01,SSE,516640,芯片龙头,130848.28
2026-09-01,SSE,516650,有色50,523346.48
2026-09-01,SSE,516660,新能汽车,15468.9
2026-09-01,SSE,516670,畜牧养殖,336426.63
2026-09-01,SSE,516700,数据产业,17512.2
2026-09-01,SSE,516710,新材料50,7427.2
2026-09-01,SSE,516720,ESGETF,933.78
2026-09-01,SSE,516730,证券公司,22738.08
2026-09-01,SSE,516750,建材ETF,13866.73
2026-09-01,SSE,516760,养殖ETF,29621.51
2026-09-01,SSE,516770,游戏动漫,27104.8
2026-09-01,SSE,516780,稀土ETF,239659.97
2026-09-01,SSE,516790,保健ETF,18268.22
2026-09-01,SSE,516800,智能制造,18230.8
2026-09-01,SSE,516810,农业,52347.89
2026-09-01,SSE,516820,医疗创新,458141.52
2026-09-01,SSE,516830,300ESG,8967.69
2026-09-01,SSE,516840,汽车基金,13527.7
2026-09-01,SSE,516850,新能源80,13923.7
2026-09-01,SSE,516860,金融科技,115752.2
2026-09-01,SSE,516880,光伏50,91594.41
2026-09-01,SSE,516890,新材ETF,3331.14
2026-09-01,SSE,516900,食品50,28022.9
2026-09-01,SSE,516910,物流ETF,6214.18
2026-09-01,SSE,516920,芯片基金,47946.3
2026-09-01,SSE,516930,生科ETF,10613.96
2026-09-01,SSE,516950,基建ETF,11582.1
2026-09-01,SSE,516960,机械ETF,1605.11
2026-09-01,SSE,516970,基建50,117454.25
2026-09-01,SSE,516980,证券先锋,5551.6
2026-09-01,SSE,517000,沪港深,12279.3
2026-09-01,SSE,517010,HGS500E,7814.42
2026-09-01,SSE,517030,HGS300,8404.03
2026-09-01,SSE,517050,互联网50,34760.5
2026-09-01,SSE,517080,HGS500,17316.6
2026-09-01,SSE,517090,共赢ETF,5307.5
2026-09-01,SSE,517100,AH500ETF,14360.21
2026-09-01,SSE,517110,创新药HK,134009.85
2026-09-01,SSE,517120,创新药50,57696.64
2026-09-01,SSE,517130,云计算JS,18865.4
2026-09-01,SSE,517160,长江ETF,182677.75
2026-09-01,SSE,517170,沪港深E,1613.18
2026-09-01,SSE,517180,中国国企,8949.63
2026-09-01,SSE,517200,互联网,14478.2
2026-09-01,SSE,517230,云计算MW,16254.58
2026-09-01,SSE,517300,AH300ETF,100243.45
2026-09-01,SSE,517330,长江保护,180916.9
2026-09-01,SSE,517350,龙头科技,4904.2
2026-09-01,SSE,517360,AH科技,2508.3
2026-09-01,SSE,517380,创新药AH,303432.63
2026-09-01,SSE,517390,云计算AH,13011.26
2026-09-01,SSE,517400,黄金股票,97779.2
2026-09-01,SSE,517520,黄金股,627140.4
2026-09-01,SSE,517550,消费主题,8041.74
2026-09-01,SSE,517660,物联网AH,3988.07
2026-09-01,SSE,517770,游戏传媒,19694.78
2026-09-01,SSE,517800,AI50,21253.97
2026-09-01,SSE,517850,张江ETF,3818.52
2026-09-01,SSE,517880,品牌消费,4933.71
2026-09-01,SSE,517900,银行优选,39499.35
2026-09-01,SSE,517950,交银科技,4862.32
2026-09-01,SSE,517990,医药基金,4698.79
2026-09-01,SSE,518600,上海金,81421.63
2026-09-01,SSE,518660,工银黄金,95775.27
2026-09-01,SSE,518680,金ETF,76656.95
2026-09-01,SSE,518800,黄金基金,374927.92
2026-09-01,SSE,518850,黄金9999,188707.87
2026-09-01,SSE,518860,上海金E,46545.98
2026-09-01,SSE,518880,黄金ETF,1172184.08
2026-09-01,SSE,518890,中银黄金,37255.48
2026-09-01,SSE,520500,恒生新药,188980.5
2026-09-01,SSE,520510,港股医疗,24172.8
2026-09-01,SSE,520520,HK消费,5260.6
2026-09-01,SSE,520530,港科ETF,23477.6
2026-09-01,SSE,520550,红利恒生,114952.4
2026-09-01,SSE,520560,香港30,60741.9
2026-09-01,SSE,520570,科技恒指,350687.6
2026-09-01,SSE,520580,新兴亚洲,29098.39
2026-09-01,SSE,520590,恒科,19623.5
2026-09-01,SSE,520600,汽车港股,23586.8
2026-09-01,SSE,520610,港红利指,42596.3
2026-09-01,SSE,520620,港股消费,28840.9
2026-09-01,SSE,520630,互联港股,59461
2026-09-01,SSE,520650,互联网HK,248275.5
2026-09-01,SSE,520660,港红利CS,209248.55
2026-09-01,SSE,520670,港科基金,21392.81
2026-09-01,SSE,520680,港股通车,6936.9
2026-09-01,SSE,520690,恒生港药,62345.4
2026-09-01,SSE,520700,创新药WJ,46007.6
2026-09-01,SSE,520710,信息港股,9702.9
2026-09-01,SSE,520720,香港汽车,12194.2
2026-09-01,SSE,520730,汽车WJ,11839.44
2026-09-01,SSE,520740,互联香港,4601.26
2026-09-01,SSE,520750,HK信息,13438.4
2026-09-01,SSE,520760,港股生物,12846.6
2026-09-01,SSE,520770,港股恒指,21337.38
2026-09-01,SSE,520780,港股车50,3946
2026-09-01,SSE,520790,港互联网,57807.5
2026-09-01,SSE,520810,港高股息,32236
2026-09-01,SSE,520820,恒指通,5868.2
2026-09-01,SSE,520830,沙特ETF,106461.9
2026-09-01,SSE,520840,港科技,112654.9
2026-09-01,SSE,520850,港医疗,13924.96
2026-09-01,SSE,520860,港股通科,34019.5
2026-09-01,SSE,520870,巴西ETF,51197.72
2026-09-01,SSE,520880,港创新药,439561.8
2026-09-01,SSE,520890,港红利,8050.8
2026-09-01,SSE,520900,红利香港,153117.5
2026-09-01,SSE,520910,HK互联,75344.5
2026-09-01,SSE,520920,恒生科TH,1889401.9
2026-09-01,SSE,520930,恒生生科,16073.3
2026-09-01,SSE,520940,恒指基金,2229.7
2026-09-01,SSE,520950,港股50,32542.1
2026-09-01,SSE,520960,恒指港通,5060.34
2026-09-01,SSE,520970,港股通药,125235.8
2026-09-01,SSE,520980,港科技30,316938.7
2026-09-01,SSE,520990,国新红利,342047.05
2026-09-01,SSE,526000,港股信息,17614.2
2026-09-01,SSE,526010,香港医疗,3645.8
2026-09-01,SSE,526030,港信息基,15346.5
2026-09-01,SSE,526050,香港信息,5363
2026-09-01,SSE,526070,恒生博时,5237.7
2026-09-01,SSE,530000,50ETF基,94102.94
2026-09-01,SSE,530050,SH50ETF,12881.3
2026-09-01,SSE,530060,上证综E,87619.3
2026-09-01,SSE,530080,180指基,2891.7
2026-09-01,SSE,530100,上证580,12069.6
2026-09-01,SSE,530180,上证180,5795.2
2026-09-01,SSE,530280,180ETF指,2993.4
2026-09-01,SSE,530300,180指数,3364.3
2026-09-01,SSE,530380,上证380,13470.5
2026-09-01,SSE,530530,580ETF,13446
2026-09-01,SSE,530580,180基金,5514.9
2026-09-01,SSE,530680,180E,10889.19
2026-09-01,SSE,530800,上180ETF,1820.18
2026-09-01,SSE,530880,上证红利,3983.6
2026-09-01,SSE,551000,科创债,7990.41
2026-09-01,SSE,551030,科创债券,18334
2026-09-01,SSE,551060,科创债沪,5740.1
2026-09-01,SSE,551300,科创债摩,5099.75
2026-09-01,SSE,551500,科创债易,12822
2026-09-01,SSE,551510,科债AAA,14221.61
2026-09-01,SSE,551520,科创债汇,21616.16
2026-09-01,SSE,551550,科创AAA,17933.82
2026-09-01,SSE,551560,科创债兴,17167.88
2026-09-01,SSE,551580,科创债TK,10702.68
2026-09-01,SSE,551800,国泰科债,11605.14
2026-09-01,SSE,551900,科创债指,13893.17
2026-09-01,SSE,560010,1000基金,183062.17
2026-09-01,SSE,560020,红利添富,13356.2
2026-09-01,SSE,560030,800价值,2343.2
2026-09-01,SSE,560050,MSCIA50,217993.44
2026-09-01,SSE,560060,碳中和基,7609
2026-09-01,SSE,560070,央企分红,8336.23
2026-09-01,SSE,560080,中药ETF,225726.5
2026-09-01,SSE,560090,证券指数,228836.5
2026-09-01,SSE,560100,增强ETF,5508.03
2026-09-01,SSE,560110,ZZ1000,34690.35
2026-09-01,SSE,560120,500现金,57868.9
2026-09-01,SSE,560130,食品基金,6977.62
2026-09-01,SSE,560150,红利TK,68127.93
2026-09-01,SSE,560160,食品E,10970.6
2026-09-01,SSE,560170,央企科技,37449.55
2026-09-01,SSE,560180,ESG300,1560.3
2026-09-01,SSE,560190,公用事业,2683.4
2026-09-01,SSE,560210,景顺农牧,51452.2
2026-09-01,SSE,560220,2000基金,6071.7
2026-09-01,SSE,560230,光伏富国,8588.9
2026-09-01,SSE,560250,红利质量,14083.3
2026-09-01,SSE,560260,医疗50,171566.47
2026-09-01,SSE,560270,电力指数,16443.9
2026-09-01,SSE,560280,工程机械,158425.2
2026-09-01,SSE,560290,景顺有色,36769.4
2026-09-01,SSE,560300,电信50,2680.34
2026-09-01,SSE,560310,光伏博时,18512.2
2026-09-01,SSE,560320,食品富国,11833.2
2026-09-01,SSE,560330,300价值E,1713
2026-09-01,SSE,560350,A50指数,84553.21
2026-09-01,SSE,560360,软件指数,22534.5
2026-09-01,SSE,560370,全指红利,21008.4
2026-09-01,SSE,560380,A100,14086.1
2026-09-01,SSE,560390,电网E,203525.8
2026-09-01,SSE,560400,证券华泰,17049.3
2026-09-01,SSE,560410,电池鹏华,5878.61
2026-09-01,SSE,560420,食品Q,13078.02
2026-09-01,SSE,560450,电力TH,24856.9
2026-09-01,SSE,560460,电力平安,28303.7
2026-09-01,SSE,560470,有色E,30434
2026-09-01,SSE,560480,中证电力,13980.3
2026-09-01,SSE,560490,华泰有色,10548.2
2026-09-01,SSE,560500,500质量,29533.9
2026-09-01,SSE,560510,中证A500,253102.69
2026-09-01,SSE,560520,红利大成,5175.1
2026-09-01,SSE,560530,A500ETF,399462.37
2026-09-01,SSE,560550,碳中和,12359.74
2026-09-01,SSE,560560,碳中和TK,7019.01
2026-09-01,SSE,560570,A500低波,115754.12
2026-09-01,SSE,560580,电力指基,44100.3
2026-09-01,SSE,560590,1000鹏华,2871
2026-09-01,SSE,560610,A500指数,524598.84
2026-09-01,SSE,560620,公用WJ,2636.7
2026-09-01,SSE,560630,机器人WJ,15339.4
2026-09-01,SSE,560660,云50ETF,12993.8
2026-09-01,SSE,560670,中证银行,4197.4
2026-09-01,SSE,560680,龙头消费,33522.56
2026-09-01,SSE,560690,电信主题,2038.9
2026-09-01,SSE,560700,央红利50,45003.69
2026-09-01,SSE,560710,船舶ETF,174558
2026-09-01,SSE,560720,工银红利,9754.8
2026-09-01,SSE,560730,红利GTHT,8183.63
2026-09-01,SSE,560750,A500申万,7855.48
2026-09-01,SSE,560770,机器人ZS,165163.3
2026-09-01,SSE,560780,半导设备,1302748.8
2026-09-01,SSE,560790,软件服务,22545.59
2026-09-01,SSE,560800,数字ETF,29395.11
2026-09-01,SSE,560810,央企ESG,18111.6
2026-09-01,SSE,560820,A50新华,4092.6
2026-09-01,SSE,560830,电指数,70151.9
2026-09-01,SSE,560850,信创50,6916.4
2026-09-01,SSE,560860,工业有色,532823.3
2026-09-01,SSE,560870,中银有色,9335.19
2026-09-01,SSE,560880,家电基金,19373.2
2026-09-01,SSE,560900,创新药企,21196.91
2026-09-01,SSE,560910,中证电池,19472.1
2026-09-01,SSE,560920,招商机械,4437.33
2026-09-01,SSE,560930,电力E,20802.4
2026-09-01,SSE,560950,500增,1548.3
2026-09-01,SSE,560970,有色金属,6913.8
2026-09-01,SSE,560980,光伏龙头,34802.2
2026-09-01,SSE,560990,科技先锋,1518.71
2026-09-01,SSE,561000,300指增,4992
2026-09-01,SSE,561010,软件开发,29135.6
2026-09-01,SSE,561020,食品招商,3102.22
2026-09-01,SSE,561030,机械华泰,18655
2026-09-01,SSE,561050,稀金属E,23025
2026-09-01,SSE,561060,红利国企,4906.5
2026-09-01,SSE,561080,现金自由,2425
2026-09-01,SSE,561090,A500增,21297.4
2026-09-01,SSE,561100,电子龙头,59874.69
2026-09-01,SSE,561120,家电ETF,2815.99
2026-09-01,SSE,561130,国货ETF,8393.52
2026-09-01,SSE,561160,锂电池,228683.5
2026-09-01,SSE,561170,绿电50,54103.27
2026-09-01,SSE,561180,A100ETF,4960.96
2026-09-01,SSE,561190,双碳ETF,19331.8
2026-09-01,SSE,561200,A100基金,3147.05
2026-09-01,SSE,561220,国企数字,4605.3
2026-09-01,SSE,561230,A50,45047.78
2026-09-01,SSE,561250,稀金属PH,7575.22
2026-09-01,SSE,561260,能源ETF,2409.52
2026-09-01,SSE,561280,增强1000,8784.77
2026-09-01,SSE,561300,300增ETF,50296.5
2026-09-01,SSE,561310,消电ETF,10783.31
2026-09-01,SSE,561320,交运ETF,3436.9
2026-09-01,SSE,561330,矿业ETF,178839.21
2026-09-01,SSE,561350,国泰500,9470
2026-09-01,SSE,561360,石油ETF,136714.8
2026-09-01,SSE,561370,2000ETF,3235.6
2026-09-01,SSE,561380,电网ETF,631353.4
2026-09-01,SSE,561390,稀金属PA,8812.81
2026-09-01,SSE,561400,鑫元养殖,4051.9
2026-09-01,SSE,561410,光伏工银,20461.33
2026-09-01,SSE,561420,300现金,101123.7
2026-09-01,SSE,561430,全指质量,3722.32
2026-09-01,SSE,561450,华泰红利,8112.43
2026-09-01,SSE,561460,AITH,104602
2026-09-01,SSE,561470,畜牧TH,4293.6
2026-09-01,SSE,561490,红利财通,9063.13
2026-09-01,SSE,561500,漂亮50,5610.03
2026-09-01,SSE,561510,中医药,6420.6
2026-09-01,SSE,561550,500指增,132298.96
2026-09-01,SSE,561560,电力ETF,193862.42
2026-09-01,SSE,561570,油气基金,7214.7
2026-09-01,SSE,561580,央企红利,191187.07
2026-09-01,SSE,561590,1000增强,10149.96
2026-09-01,SSE,561600,消费电子,29654.8
2026-09-01,SSE,561620,华泰化工,3672.7
2026-09-01,SSE,561630,华泰质量,4189.8
2026-09-01,SSE,561660,通航基金,6871
2026-09-01,SSE,561680,A500红低,5816.9
2026-09-01,SSE,561700,电力基金,35181.36
2026-09-01,SSE,561730,中证A股,12674.81
2026-09-01,SSE,561750,A50博时,6149.6
2026-09-01,SSE,561760,油气博时,15619.5
2026-09-01,SSE,561770,指基A100,3755
2026-09-01,SSE,561780,1000指增,1935.58
2026-09-01,SSE,561790,现代能源,5693.4
2026-09-01,SSE,561800,稀金属,20257.72
2026-09-01,SSE,561810,华泰医疗,6863.84
2026-09-01,SSE,561870,现金流指,8976.5
2026-09-01,SSE,561880,A100指数,8238.9
2026-09-01,SSE,561890,A股E,4111.26
2026-09-01,SSE,561900,沪深ESG,2633.44
2026-09-01,SSE,561910,电池ETF,474107.66
2026-09-01,SSE,561920,疫苗龙头,6169.2
2026-09-01,SSE,561930,招商300,18426.06
2026-09-01,SSE,561950,500增强A,7215.6
2026-09-01,SSE,561960,央企回报,5738.52
2026-09-01,SSE,561980,芯片设备,847555
2026-09-01,SSE,561990,300增强,34064.92
2026-09-01,SSE,562000,中证A100,59673.79
2026-09-01,SSE,562010,绿色能源,1829.87
2026-09-01,SSE,562030,信创基金,13797.39
2026-09-01,SSE,562050,药ETF,10046.8
2026-09-01,SSE,562060,标普红利,509179.26
2026-09-01,SSE,562070,300ETF增,55254.2
2026-09-01,SSE,562080,自由现金,59275.72
2026-09-01,SSE,562180,N红低,14615
2026-09-01,SSE,562300,低碳ETF,5549.5
2026-09-01,SSE,562310,300成长,43257.23
2026-09-01,SSE,562320,300价值A,5529.55
2026-09-01,SSE,562330,500价值,1201.89
2026-09-01,SSE,562340,500成长,814.43
2026-09-01,SSE,562350,电力,13141.09
2026-09-01,SSE,562360,机器人YH,29247.4
2026-09-01,SSE,562380,科技引领,7462.89
2026-09-01,SSE,562390,中药,7942.9
2026-09-01,SSE,562500,机器人,1847368.73
2026-09-01,SSE,562510,旅游ETF,111109.5
2026-09-01,SSE,562520,1000成长,2856.8
2026-09-01,SSE,562530,1000价值,17714.4
2026-09-01,SSE,562550,绿电ETF,151841.93
2026-09-01,SSE,562560,信息技术,2276.55
2026-09-01,SSE,562570,信创ETF,30128.1
2026-09-01,SSE,562580,可选消费,3922.33
2026-09-01,SSE,562590,半导材料,919398.9
2026-09-01,SSE,562600,医疗器械,45093.74
2026-09-01,SSE,562660,ZZ2000,36687.4
2026-09-01,SSE,562700,汽车零件,9875
2026-09-01,SSE,562800,稀有金属,565874.5
2026-09-01,SSE,562810,上证增强,5045.1
2026-09-01,SSE,562820,集成电路,41640.8
2026-09-01,SSE,562850,央企能源,18198.15
2026-09-01,SSE,562860,疫苗ETF,33089.5
2026-09-01,SSE,562870,证券全指,58850.52
2026-09-01,SSE,562880,电池基金,88939.96
2026-09-01,SSE,562890,A50中证,27055.1
2026-09-01,SSE,562900,现代农业,24270.63
2026-09-01,SSE,562910,高端制造,30022.73
2026-09-01,SSE,562920,信息安全,9206.9
2026-09-01,SSE,562930,软件30,170043.7
2026-09-01,SSE,562950,消电50,102625.83
2026-09-01,SSE,562960,绿色电力,123639.1
2026-09-01,SSE,562970,光伏E,36444.8
2026-09-01,SSE,562990,碳中和E,37675.6
2026-09-01,SSE,563000,中国A50,153845.11
2026-09-01,SSE,563010,电信ETF,9418.93
2026-09-01,SSE,563020,低波红利,1071491
2026-09-01,SSE,563030,增强500,12716.9
2026-09-01,SSE,563050,科技央企,13620.84
2026-09-01,SSE,563060,央企50,18852.7
2026-09-01,SSE,563080,中证A50E,110058.84
2026-09-01,SSE,563090,上50增强,5584.8
2026-09-01,SSE,563150,油气资源,3439.9
2026-09-01,SSE,563180,高股息,10042
2026-09-01,SSE,563200,2000指数,5345.88
2026-09-01,SSE,563210,专精特新,11606.7
2026-09-01,SSE,563220,A500富国,645201.37
2026-09-01,SSE,563230,卫星ETF,332923.7
2026-09-01,SSE,563280,A50增强,520.66
2026-09-01,SSE,563300,中证2000,481367.4
2026-09-01,SSE,563320,通用航空,22389.2
2026-09-01,SSE,563330,A股ETF,3076.06
2026-09-01,SSE,563350,中证A50,16999.76
2026-09-01,SSE,563360,A500基金,3142998.74
2026-09-01,SSE,563380,航空航天,86995
2026-09-01,SSE,563390,现金基金,214184.4
2026-09-01,SSE,563500,A500华宝,76595.87
2026-09-01,SSE,563510,A500红利,28353.7
2026-09-01,SSE,563520,300永赢,44206.5
2026-09-01,SSE,563530,卫星E,156774.8
2026-09-01,SSE,563550,增强A500,8255.9
2026-09-01,SSE,563560,科技成长,5476.9
2026-09-01,SSE,563570,金融科,10437.4
2026-09-01,SSE,563580,现金800,24364.8
2026-09-01,SSE,563590,红利A500,6094.44
2026-09-01,SSE,563600,A500增强,6648.3
2026-09-01,SSE,563620,现金流全,5104.9
2026-09-01,SSE,563630,A500指增,3794.71
2026-09-01,SSE,563650,A500中证,14090.9
2026-09-01,SSE,563660,A500银河,6308.52
2026-09-01,SSE,563670,金科基金,18098.7
2026-09-01,SSE,563680,现金流TF,10495.9
2026-09-01,SSE,563690,红利永赢,3488.2
2026-09-01,SSE,563700,红利价值,36515
2026-09-01,SSE,563750,500添富,33723.7
2026-09-01,SSE,563760,中银现金,69991.32
2026-09-01,SSE,563770,全指现金,2580.7
2026-09-01,SSE,563780,现金指数,24802.71
2026-09-01,SSE,563790,卫星产业,119144.7
2026-09-01,SSE,563800,A500龙头,901097.81
2026-09-01,SSE,563830,现金流基,13489.6
2026-09-01,SSE,563850,食品广发,11488.17
2026-09-01,SSE,563860,A500海富,18284.43
2026-09-01,SSE,563870,航空通用,10830.39
2026-09-01,SSE,563880,A500添富,157099.64
2026-09-01,SSE,563890,红利国有,2233.6
2026-09-01,SSE,563900,现金流,46396.57
2026-09-01,SSE,563930,上指增强,2859.2
2026-09-01,SSE,563960,300质量,36001.2
2026-09-01,SSE,563980,800红利,18896.7
2026-09-01,SSE,563990,800现金,29957.3
2026-09-01,SSE,588000,科创50,5114666.82
2026-09-01,SSE,588010,科创材料,94042.58
2026-09-01,SSE,588020,科创50E,219537.3
2026-09-01,SSE,588030,科创指基,228883.81
2026-09-01,SSE,588040,科创板指,12788.9
2026-09-01,SSE,588050,科创ETF,647724.13
2026-09-01,SSE,588060,上证科创,723114
2026-09-01,SSE,588070,科创万家,4043.7
2026-09-01,SSE,588080,科创板50,2489862.81
2026-09-01,SSE,588090,科创板,299707.28
2026-09-01,SSE,588100,科创信息,20174.62
2026-09-01,SSE,588110,科创成长,103903.2
2026-09-01,SSE,588120,科100ETF,90162.2
2026-09-01,SSE,588130,科创药,46908.26
2026-09-01,SSE,588140,科200GF,21775.1
2026-09-01,SSE,588150,科创龙头,38743.26
2026-09-01,SSE,588160,科创新材,88149.6
2026-09-01,SSE,588170,科创半导,4514144.7
2026-09-01,SSE,588180,科创50基,73485.37
2026-09-01,SSE,588190,科创100,134261.83
2026-09-01,SSE,588200,科创芯片,4256368.43
2026-09-01,SSE,588210,科创100E,24825.4
2026-09-01,SSE,588220,科创100F,364169.79
2026-09-01,SSE,588230,科创200,77393.9
2026-09-01,SSE,588240,科200,11663.3
2026-09-01,SSE,588250,KC医药,26567.5
2026-09-01,SSE,588260,科创技术,4674.6
2026-09-01,SSE,588270,科创200F,30441
2026-09-01,SSE,588280,科创五零,38012.1
2026-09-01,SSE,588290,芯片科创,490619.1
2026-09-01,SSE,588300,双创ETF,151921.05
2026-09-01,SSE,588310,双创基金,3303.75
2026-09-01,SSE,588320,双创增强,8382.46
2026-09-01,SSE,588330,双创龙头,117573.78
2026-09-01,SSE,588350,双创,65254.6
2026-09-01,SSE,588360,创创ETF,21628.18
2026-09-01,SSE,588370,科创策略,7327.2
2026-09-01,SSE,588380,创50ETF,267877
2026-09-01,SSE,588390,科创创业,16193.59
2026-09-01,SSE,588400,双创50,136260.06
2026-09-01,SSE,588410,双创AI,11325
2026-09-01,SSE,588420,AI双创,33764.8
2026-09-01,SSE,588430,科创创AI,9645.8
2026-09-01,SSE,588450,科创50增,6056.87
2026-09-01,SSE,588460,科创增强,64501.4
2026-09-01,SSE,588470,双创智能,28390.7
2026-09-01,SSE,588480,AI50双创,24171.7
2026-09-01,SSE,588500,科创100Z,4764.7
2026-09-01,SSE,588510,智能双创,32117.5
2026-09-01,SSE,588520,科创增,1295.7
2026-09-01,SSE,588530,AIBOCI,22503.33
2026-09-01,SSE,588550,科创增指,6329
2026-09-01,SSE,588660,双创五零,3834.4
2026-09-01,SSE,588670,科综增强,3979.2
2026-09-01,SSE,588680,科100增,3236.1
2026-09-01,SSE,588690,科综指增,5163.6
2026-09-01,SSE,588700,科创生物,44533.62
2026-09-01,SSE,588710,科半导体,1161688.5
2026-09-01,SSE,588720,中银科创,10974.18
2026-09-01,SSE,588730,科创AI,71939.63
2026-09-01,SSE,588750,科创芯50,325622.8
2026-09-01,SSE,588760,AI科创,242253.2
2026-09-01,SSE,588770,信息科创,31159.71
2026-09-01,SSE,588780,芯片设计,100790.2
2026-09-01,SSE,588790,科创智能,327438.4
2026-09-01,SSE,588800,科创100C,171737.7
2026-09-01,SSE,588810,科创板芯,80132.4
2026-09-01,SSE,588820,科创200E,15140
2026-09-01,SSE,588830,科创新能,59484.79
2026-09-01,SSE,588840,50科创,5823.6
2026-09-01,SSE,588850,科创机械,7877.9
2026-09-01,SSE,588860,科创医药,35288.94
2026-09-01,SSE,588870,科创50指,79455.2
2026-09-01,SSE,588880,科创指数,10836.8
2026-09-01,SSE,588890,科创芯,280743
2026-09-01,SSE,588900,科创100S,35578.3
2026-09-01,SSE,588910,科创价值,10004.91
2026-09-01,SSE,588920,KC芯片,32187.6
2026-09-01,SSE,588930,科创板AI,61732.9
2026-09-01,SSE,588940,科创富国,291284
2026-09-01,SSE,588950,景顺科创,68672.97
2026-09-01,SSE,588960,新能科创,14257.98
2026-09-01,SSE,588980,科创广发,1192
2026-09-01,SSE,588990,科芯片,19974.54
2026-09-01,SSE,589000,科创综指,104750.78
2026-09-01,SSE,589010,科创AI指,92379.3
2026-09-01,SSE,589020,KC半导体,450043.8
2026-09-01,SSE,589030,科芯设计,87407.7
2026-09-01,SSE,589050,科创E,4696.8
2026-09-01,SSE,589060,科综东财,8213.79
2026-09-01,SSE,589070,科芯TH,200129.3
2026-09-01,SSE,589080,科创综E,15806.1
2026-09-01,SSE,589090,KCAI,18193.1
2026-09-01,SSE,589100,国泰芯片,90544.25
2026-09-01,SSE,589110,科AI国泰,54341.3
2026-09-01,SSE,589120,创新药基,132862
2026-09-01,SSE,589130,科创芯易,334778
2026-09-01,SSE,589150,科创平安,82343.72
2026-09-01,SSE,589160,科芯片GF,28429.6
2026-09-01,SSE,589170,芯设计KC,14490.9
2026-09-01,SSE,589180,科创材基,14031.8
2026-09-01,SSE,589190,科创芯基,340356.2
2026-09-01,SSE,589200,科200E,2250.7
2026-09-01,SSE,589210,芯设计GF,131693.8
2026-09-01,SSE,589220,科200GT,31949.58
2026-09-01,SSE,589230,AI科创CS,24355.3
2026-09-01,SSE,589250,芯设计PY,7510.13
2026-09-01,SSE,589260,科创芯设,6415.6
2026-09-01,SSE,589270,科创100Q,2451.66
2026-09-01,SSE,589280,科综增指,14906.9
2026-09-01,SSE,589290,芯片主题,14384.89
2026-09-01,SSE,589300,科综嘉实,4158.25
2026-09-01,SSE,589310,科创人工,31349.18
2026-09-01,SSE,589320,科200JS,11405.3
2026-09-01,SSE,589330,科200DC,17090.2
2026-09-01,SSE,589350,科芯片指,22628.15
2026-09-01,SSE,589360,科创50GT,266917.4
2026-09-01,SSE,589380,AI科创指,9769.43
2026-09-01,SSE,589390,芯设计,135181.05
2026-09-01,SSE,589400,芯设计FG,30378.52
2026-09-01,SSE,589410,科创AIJS,55856.56
2026-09-01,SSE,589420,芯设计MW,35848.15
2026-09-01,SSE,589460,科200HB,21463.09
2026-09-01,SSE,589500,科综工银,8006.4
2026-09-01,SSE,589520,AI科创板,83110.46
2026-09-01,SSE,589550,KC价值,2529.55
2026-09-01,SSE,589560,科创AITF,25335.5
2026-09-01,SSE,589580,科综价格,1435.48
2026-09-01,SSE,589600,富国科综,22153.5
2026-09-01,SSE,589630,科综国泰,34325.8
2026-09-01,SSE,589660,综指科创,26153
2026-09-01,SSE,589680,科创综Z,137994.37
2026-09-01,SSE,589700,成长科创,3029.1
2026-09-01,SSE,589720,科创新药,501382.3
2026-09-01,SSE,589770,科创全指,16356.92
2026-09-01,SSE,589780,科200FG,6921.5
2026-09-01,SSE,589800,科创综合,111198.82
2026-09-01,SSE,589820,科200F,12972.02
2026-09-01,SSE,589850,科创东财,73005.7
2026-09-01,SSE,589860,天弘科综,16622.4
2026-09-01,SSE,589880,科创综,44999.6
2026-09-01,SSE,589890,景顺科综,8498.7
2026-09-01,SSE,589900,博时科综,17390.82
2026-09-01,SSE,589950,科100FG,35787.3
2026-09-01,SSE,589960,科创新源,17131.6
2026-09-01,SSE,589980,科基100,12912.2
2026-09-01,SSE,589990,科创板综,10609
2026-09-01,SZSE,158000,港股通金融ETF鹏华,13492.58
2026-09-01,SZSE,158001,价值ETF嘉实,16639.26
2026-09-01,SZSE,158003,港股通医疗ETF嘉实,11865.43
2026-09-01,SZSE,158005,工程机械ETF博时,16006.13
2026-09-01,SZSE,158006,化工ETF博时,4204.60
2026-09-01,SZSE,158008,新能源电池ETF华夏,24741.31
2026-09-01,SZSE,158009,航空航天ETF南方,3837.38
2026-09-01,SZSE,158010,医疗ETF嘉实,24421.33
2026-09-01,SZSE,158012,云计算ETF南方,27782.55
2026-09-01,SZSE,158017,化工ETF易方达,8259.45
2026-09-01,SZSE,158019,电池ETF永赢,27628.19
2026-09-01,SZSE,159001,货币ETF易方达,3373.29
2026-09-01,SZSE,159003,招商快线ETF,199.15
2026-09-01,SZSE,159005,快钱ETF汇添富,116.95
2026-09-01,SZSE,159007,养殖ETF华泰柏瑞,18660.32
2026-09-01,SZSE,159008,证券ETF景顺,10978.45
2026-09-01,SZSE,159009,创业板新能源ETF易方达,6139.27
2026-09-01,SZSE,159010,港股通科技ETF博时,20009.76
2026-09-01,SZSE,159011,养殖ETF华安,2650.51
2026-09-01,SZSE,159012,科创创业50ETF鹏华,12288.11
2026-09-01,SZSE,159013,工业互联网ETF大成,3957.88
2026-09-01,SZSE,159015,恒生港股通科技ETF国联,11035.29
2026-09-01,SZSE,159016,证券ETF广发,33204.01
2026-09-01,SZSE,159017,石油ETF工银,15125.68
2026-09-01,SZSE,159018,石油ETF广发,2590.42
2026-09-01,SZSE,159019,石油ETF华宝,4732.77
2026-09-01,SZSE,159020,养殖ETF易方达,12556.70
2026-09-01,SZSE,159021,大盘价值ETF华夏,7490.77
2026-09-01,SZSE,159022,科创创业人工智能ETF富国,17763.09
2026-09-01,SZSE,159023,养殖ETF万家,4177.79
2026-09-01,SZSE,159026,石油ETF南方,4551.34
2026-09-01,SZSE,159027,畜牧养殖ETF大成,10947.22
2026-09-01,SZSE,159028,港股汽车ETF天弘,12744.90
2026-09-01,SZSE,159029,有色ETF广发,29212.77
2026-09-01,SZSE,159030,粮食ETF华夏,38646.81
2026-09-01,SZSE,159031,粮食ETF博时,51452.86
2026-09-01,SZSE,159032,工业有色ETF易方达,25584.50
2026-09-01,SZSE,159033,粮食ETF国泰,9532.34
2026-09-01,SZSE,159035,软件ETF天弘,60685.97
2026-09-01,SZSE,159036,软件开发ETF华宝,28474.01
2026-09-01,SZSE,159037,价值ETF鹏华,6824.98
2026-09-01,SZSE,159038,粮食ETF易方达,17802.69
2026-09-01,SZSE,159039,机器人ETF华安,101946.14
2026-09-01,SZSE,159040,港股通互联网ETF鹏华,3248.10
2026-09-01,SZSE,159041,农业ETF鹏华,5547.18
2026-09-01,SZSE,159042,价值ETF汇添富,9080.11
2026-09-01,SZSE,159043,食品ETF华安,8477.06
2026-09-01,SZSE,159045,稀有金属ETF大成,16833.02
2026-09-01,SZSE,159046,绿电ETF天弘,50497.68
2026-09-01,SZSE,159048,机器人ETF大成,19480.38
2026-09-01,SZSE,159049,有色ETF工银,3407.33
2026-09-01,SZSE,159050,机器人ETF广发,65770.36
2026-09-01,SZSE,159051,医疗器械ETF易方达,8711.78
2026-09-01,SZSE,159052,新能源电池ETF嘉实,19592.60
2026-09-01,SZSE,159053,稀有金属ETF华夏,15919.81
2026-09-01,SZSE,159055,稀有金属ETF富国,12029.39
2026-09-01,SZSE,159056,医疗器械ETF富国,6093.43
2026-09-01,SZSE,159057,医疗器械ETF鹏华,2771.53
2026-09-01,SZSE,159058,证券ETF大成,7933.12
2026-09-01,SZSE,159059,电力ETF大成,5683.00
2026-09-01,SZSE,159060,粮食ETF浦银,2348.34
2026-09-01,SZSE,159061,绿色电力ETF南方,21484.02
2026-09-01,SZSE,159062,稀有金属ETF南方,11620.12
2026-09-01,SZSE,159063,粮食ETF南方,5298.66
2026-09-01,SZSE,159065,工程机械ETF景顺,10735.08
2026-09-01,SZSE,159066,A股ETF建信,21073.30
2026-09-01,SZSE,159067,绿色电力ETF鹏华,1890.87
2026-09-01,SZSE,159068,软件ETF华夏,6133.65
2026-09-01,SZSE,159069,创业板新能源ETF华泰柏瑞,4077.04
2026-09-01,SZSE,159070,工程机械ETF嘉实,10436.68
2026-09-01,SZSE,159071,新能源电池ETF华宝,12091.17
2026-09-01,SZSE,159072,粮食ETF景顺,4228.51
2026-09-01,SZSE,159073,粮食ETF汇添富,6517.38
2026-09-01,SZSE,159075,工业互联网ETF华夏,17619.71
2026-09-01,SZSE,159076,创业板新能源ETF华宝,24837.30
2026-09-01,SZSE,159077,电池ETF鑫元,3224.25
2026-09-01,SZSE,159078,A股ETF富国,17226.24
2026-09-01,SZSE,159079,价值ETF兴全,8580.68
2026-09-01,SZSE,159082,化工ETF华夏,7553.12
2026-09-01,SZSE,159083,红利低波100ETF嘉实,15637.04
2026-09-01,SZSE,159085,价值ETF永赢,2953.54
2026-09-01,SZSE,159086,金融科技ETF广发,2839.98
2026-09-01,SZSE,159087,化工ETF万家,3499.21
2026-09-01,SZSE,159091,港股通金融ETF易方达,2537.41
2026-09-01,SZSE,159093,化工ETF汇添富,2868.14
2026-09-01,SZSE,159095,云计算ETF银华,21646.81
2026-09-01,SZSE,159096,价值ETF华夏,19263.13
2026-09-01,SZSE,159098,价值ETF招商,10789.15
2026-09-01,SZSE,159099,云计算ETF华宝,10661.05
2026-09-01,SZSE,159100,巴西ETF华夏,47804.69
2026-09-01,SZSE,159101,港股通科技ETF华夏,287431.14
2026-09-01,SZSE,159102,港股通生物科技ETF华安,66062.20
2026-09-01,SZSE,159103,金融科技ETF汇添富,31340.67
2026-09-01,SZSE,159105,恒生生物科技ETF易方达,18227.29
2026-09-01,SZSE,159106,民企300ETF前海开源,3957.94
2026-09-01,SZSE,159107,创业板软件ETF富国,76882.30
2026-09-01,SZSE,159108,工业软件ETF博时,11573.85
2026-09-01,SZSE,159109,恒生50ETF景顺,56916.38
2026-09-01,SZSE,159110,科创债ETF万家,2262.70
2026-09-01,SZSE,159111,科创债ETF天弘,14427.66
2026-09-01,SZSE,159112,科创债ETF银华,22223.78
2026-09-01,SZSE,159113,科创债ETF大成,9299.62
2026-09-01,SZSE,159115,科创债ETF华安,5274.34
2026-09-01,SZSE,159116,科创债ETF工银,11440.27
2026-09-01,SZSE,159117,港股通红利低波ETF鹏华,6140.11
2026-09-01,SZSE,159118,港股通红利低波ETF华夏,6967.70
2026-09-01,SZSE,159119,800现金流ETF招商,14505.42
2026-09-01,SZSE,159120,港股通科技ETF国联安,14802.44
2026-09-01,SZSE,159121,港股通汽车ETF易方达,14448.11
2026-09-01,SZSE,159122,创业板新能源ETF富国,6716.09
2026-09-01,SZSE,159123,光伏ETF嘉实,38804.70
2026-09-01,SZSE,159125,港股通科技ETF招商,84024.58
2026-09-01,SZSE,159126,港股通50ETF南方,22761.65
2026-09-01,SZSE,159127,港股通红利ETF南方,15234.42
2026-09-01,SZSE,159128,港股科技ETF天弘,189176.08
2026-09-01,SZSE,159129,化工ETF嘉实,111340.65
2026-09-01,SZSE,159130,恒生生物科技ETF鹏华,19938.94
2026-09-01,SZSE,159131,港股通信息技术ETF华宝,226091.99
2026-09-01,SZSE,159132,恒生生物科技ETF富国,12296.35
2026-09-01,SZSE,159133,化工ETF天弘,155791.33
2026-09-01,SZSE,159135,港股通科技ETF前海开源,61846.63
2026-09-01,SZSE,159136,A50ETF广发,10941.40
2026-09-01,SZSE,159137,港股通医疗ETF华宝,16863.26
2026-09-01,SZSE,159138,工程机械ETF易方达,29476.79
2026-09-01,SZSE,159139,科创创业人工智能ETF华泰柏瑞,18610.92
2026-09-01,SZSE,159140,科创创业人工智能ETF易方达,49793.68
2026-09-01,SZSE,159141,科创创业人工智能ETF永赢,128106.07
2026-09-01,SZSE,159142,科创创业人工智能ETF景顺,116726.01
2026-09-01,SZSE,159143,港股通央企红利ETF平安,5155.44
2026-09-01,SZSE,159145,工业软件ETF广发,6958.18
2026-09-01,SZSE,159146,电力ETF华宝,70844.08
2026-09-01,SZSE,159147,电池ETF南方,210390.95
2026-09-01,SZSE,159148,石油ETF富国,23746.66
2026-09-01,SZSE,159149,创业板新能源ETF工银,5451.52
2026-09-01,SZSE,159150,深证50ETF易方达,9899.76
2026-09-01,SZSE,159151,食品ETF华夏,18105.10
2026-09-01,SZSE,159152,港股通科技ETF平安,81755.60
2026-09-01,SZSE,159153,消费电子ETF鹏华,9272.59
2026-09-01,SZSE,159155,电池ETF大成,64151.32
2026-09-01,SZSE,159156,电池ETF万家,21346.12
2026-09-01,SZSE,159157,有色金属ETF天弘,801175.87
2026-09-01,SZSE,159158,电力ETF景顺,88003.53
2026-09-01,SZSE,159159,公用事业ETF国投瑞银,11781.85
2026-09-01,SZSE,159160,电池ETF东财,23381.92
2026-09-01,SZSE,159161,工程机械ETF东财,6833.12
2026-09-01,SZSE,159162,工业有色ETF鹏华,41693.98
2026-09-01,SZSE,159163,有色ETF泰康,25980.70
2026-09-01,SZSE,159165,养殖ETF永赢,10657.12
2026-09-01,SZSE,159166,现金流ETF长城,55581.60
2026-09-01,SZSE,159167,港股通医疗ETF工银,17554.91
2026-09-01,SZSE,159168,有色ETF富国,50945.50
2026-09-01,SZSE,159169,恒生生物科技ETF广发,13087.44
2026-09-01,SZSE,159170,港股通互联网ETF永赢,39263.83
2026-09-01,SZSE,159171,工业有色ETF博时,21453.29
2026-09-01,SZSE,159172,养殖ETF汇添富,38582.92
2026-09-01,SZSE,159173,农牧ETF南方,5145.53
2026-09-01,SZSE,159175,电池ETF易方达,49227.03
2026-09-01,SZSE,159176,家电ETF华宝,2130.33
2026-09-01,SZSE,159177,工程机械ETF鹏华,4761.92
2026-09-01,SZSE,159178,消费电子ETF汇添富,9443.29
2026-09-01,SZSE,159179,港股通互联网ETF工银,10290.35
2026-09-01,SZSE,159180,软件ETF银华,3315.59
2026-09-01,SZSE,159181,石油ETF易方达,12740.53
2026-09-01,SZSE,159182,家电ETF南方,3648.56
2026-09-01,SZSE,159183,新能源车ETF招商,4538.77
2026-09-01,SZSE,159185,港股通信息技术ETF鹏华,19409.90
2026-09-01,SZSE,159186,港股通汽车ETF鹏华,8486.92
2026-09-01,SZSE,159187,创业板新能源ETF景顺,6917.62
2026-09-01,SZSE,159188,红利100ETF景顺,6660.18
2026-09-01,SZSE,159189,石油ETF华夏,10708.31
2026-09-01,SZSE,159190,创业板新能源ETF天弘,7406.92
2026-09-01,SZSE,159191,港股通科技ETF易方达,6910.48
2026-09-01,SZSE,159192,家电ETF汇添富,1798.70
2026-09-01,SZSE,159193,新能源电池ETF银华,22808.03
2026-09-01,SZSE,159195,石油ETF华安,7649.01
2026-09-01,SZSE,159196,港股通信息技术ETF易方达,22153.03
2026-09-01,SZSE,159197,石油ETF招商,3938.82
2026-09-01,SZSE,159198,港股通信息技术ETF富国,8534.43
2026-09-01,SZSE,159199,石油ETF平安,6615.49
2026-09-01,SZSE,159200,科创债ETF富国,15210.26
2026-09-01,SZSE,159201,自由现金流ETF华夏,1383827.59
2026-09-01,SZSE,159202,恒生互联网ETF万家,121940.19
2026-09-01,SZSE,159203,大盘成长ETF博时,979.19
2026-09-01,SZSE,159205,创业板ETF东财,59705.60
2026-09-01,SZSE,159206,卫星ETF永赢,944295.33
2026-09-01,SZSE,159207,高股息ETF广发,224148.33
2026-09-01,SZSE,159208,航空航天ETF万家,32846.27
2026-09-01,SZSE,159209,红利质量ETF招商,220963.50
2026-09-01,SZSE,159210,港股通汽车ETF汇添富,3454.98
2026-09-01,SZSE,159211,深证100ETF富国,2168.32
2026-09-01,SZSE,159212,深100ETF南方,8520.43
2026-09-01,SZSE,159213,机器人ETF汇添富,47973.75
2026-09-01,SZSE,159215,A500ETF平安,95858.28
2026-09-01,SZSE,159216,深证100ETF大成,1404.82
2026-09-01,SZSE,159217,港股通创新药ETF工银,595215.75
2026-09-01,SZSE,159218,卫星ETF招商,202761.63
2026-09-01,SZSE,159219,深证100ETF融通,838.80
2026-09-01,SZSE,159220,港股通红利低波ETF华宝,51156.95
2026-09-01,SZSE,159221,现金流ETF嘉实,112701.32
2026-09-01,SZSE,159222,自由现金流ETF易方达,173837.04
2026-09-01,SZSE,159223,现金流ETF永赢,17884.47
2026-09-01,SZSE,159225,现金流ETF银华,26474.48
2026-09-01,SZSE,159226,中证A500增强ETF国泰,8709.48
2026-09-01,SZSE,159227,航空航天ETF华夏,463891.11
2026-09-01,SZSE,159228,红利低波ETF长城,10421.26
2026-09-01,SZSE,159229,自由现金流ETF广发,14205.60
2026-09-01,SZSE,159230,通用航空ETF华夏,30230.42
2026-09-01,SZSE,159231,通用航空ETF华宝,33309.18
2026-09-01,SZSE,159232,自由现金流ETF南方,213094.85
2026-09-01,SZSE,159233,自由现金流ETF平安,62362.34
2026-09-01,SZSE,159235,中证现金流ETF大成,188872.95
2026-09-01,SZSE,159236,自由现金流ETF工银,3872.21
2026-09-01,SZSE,159237,港股汽车ETF工银,4333.42
2026-09-01,SZSE,159238,沪深300增强ETF景顺,5501.61
2026-09-01,SZSE,159239,港股通汽车ETF富国,8878.07
2026-09-01,SZSE,159240,A500增强ETF天弘,1761.97
2026-09-01,SZSE,159241,航空航天ETF天弘,133007.42
2026-09-01,SZSE,159242,创业板人工智能ETF大成,41927.85
2026-09-01,SZSE,159243,创业板人工智能ETF招商,13703.02
2026-09-01,SZSE,159245,港股通消费ETF富国,7011.32
2026-09-01,SZSE,159246,创业板人工智能ETF富国,322765.56
2026-09-01,SZSE,159247,创业板ETF汇添富,47598.49
2026-09-01,SZSE,159248,人工智能ETF万家,13309.56
2026-09-01,SZSE,159249,A500增强ETF工银,10819.19
2026-09-01,SZSE,159251,港股通科技ETF万家,24378.77
2026-09-01,SZSE,159253,银行ETF博时,51890.49
2026-09-01,SZSE,159255,通用航空ETF易方达,6933.88
2026-09-01,SZSE,159256,创业板软件ETF华夏,57818.37
2026-09-01,SZSE,159257,航空ETF汇添富,14841.69
2026-09-01,SZSE,159258,机器人ETF南方,133176.56
2026-09-01,SZSE,159259,成长ETF易方达,492169.64
2026-09-01,SZSE,159260,证券ETF博时,102271.35
2026-09-01,SZSE,159261,创业板新能源ETF鹏华,4781.49
2026-09-01,SZSE,159262,港股通科技ETF广发,551872.04
2026-09-01,SZSE,159263,价值ETF易方达,622110.51
2026-09-01,SZSE,159265,港股消费ETF鹏华,17795.08
2026-09-01,SZSE,159266,港股央企红利ETF永赢,34371.00
2026-09-01,SZSE,159267,航天ETF华安,263050.61
2026-09-01,SZSE,159268,港股通消费ETF汇添富,38905.50
2026-09-01,SZSE,159269,港股通科技ETF南方,164831.17
2026-09-01,SZSE,159270,创业板200ETF南方,9076.36
2026-09-01,SZSE,159271,恒生ETF鹏华,24338.67
2026-09-01,SZSE,159272,机器人ETF富国,369816.46
2026-09-01,SZSE,159273,云计算ETF汇添富,71177.75
2026-09-01,SZSE,159275,农牧渔ETF华宝,25430.29
2026-09-01,SZSE,159276,现金流ETF汇添富,55569.66
2026-09-01,SZSE,159277,港股通红利ETF富国,3755.70
2026-09-01,SZSE,159278,机器人ETF鹏华,203554.58
2026-09-01,SZSE,159279,创业板人工智能ETF华安,15738.75
2026-09-01,SZSE,159280,港股通互联网ETF汇添富,10071.71
2026-09-01,SZSE,159281,港股央企红利ETF天弘,24323.30
2026-09-01,SZSE,159283,通用航空ETF南方,29743.79
2026-09-01,SZSE,159285,港股通消费ETF华安,24848.66
2026-09-01,SZSE,159286,港股通创新药ETF鹏华,72278.54
2026-09-01,SZSE,159287,创业板综ETF博时,10956.87
2026-09-01,SZSE,159288,创业板综ETF银华,9217.49
2026-09-01,SZSE,159289,创业板综指ETF鹏华,3390.26
2026-09-01,SZSE,159290,创业板综指增强ETF东财,4510.03
2026-09-01,SZSE,159291,创业板综增强ETF招商,1745.73
2026-09-01,SZSE,159292,创业板综增强ETF华宝,17518.95
2026-09-01,SZSE,159293,创业板综增强ETF建信,2315.93
2026-09-01,SZSE,159295,创业综指ETF西部利得,9295.82
2026-09-01,SZSE,159296,A500红利低波ETF华宝,4404.29
2026-09-01,SZSE,159297,港股通创新药ETF南方,381141.86
2026-09-01,SZSE,159298,创业板50ETF大成,15928.10
2026-09-01,SZSE,159299,金融科技ETF易方达,66447.29
2026-09-01,SZSE,159300,沪深300ETF富国,37535.80
2026-09-01,SZSE,159301,公用事业ETF华夏,12095.83
2026-09-01,SZSE,159302,港股高股息ETF银华,4929.76
2026-09-01,SZSE,159303,恒生医疗ETF大成,7399.16
2026-09-01,SZSE,159305,储能电池ETF广发,119164.03
2026-09-01,SZSE,159306,汽车零部件ETF平安,2124.46
2026-09-01,SZSE,159307,红利低波100ETF博时,704690.35
2026-09-01,SZSE,159309,油气ETF汇添富,54737.17
2026-09-01,SZSE,159310,芯片ETF天弘,49798.10
2026-09-01,SZSE,159311,数字经济ETF易方达,3938.39
2026-09-01,SZSE,159312,恒指港股通ETF广发,3222.43
2026-09-01,SZSE,159315,黄金股ETF工银,18458.96
2026-09-01,SZSE,159316,港股通创新药ETF易方达,532633.61
2026-09-01,SZSE,159318,恒指港股通ETF银华,1360.16
2026-09-01,SZSE,159320,电网设备ETF广发,166123.55
2026-09-01,SZSE,159321,黄金股ETF华安,37990.03
2026-09-01,SZSE,159322,黄金股ETF平安,11641.16
2026-09-01,SZSE,159323,港股通汽车ETF华夏,9709.73
2026-09-01,SZSE,159325,半导体ETF南方,51646.05
2026-09-01,SZSE,159326,电网设备ETF华夏,1176426.55
2026-09-01,SZSE,159327,半导体设备ETF万家,292657.40
2026-09-01,SZSE,159328,家电ETF易方达,9155.67
2026-09-01,SZSE,159329,沙特ETF南方,115318.91
2026-09-01,SZSE,159330,沪深300ETF东财,41680.10
2026-09-01,SZSE,159331,红利港股ETF国泰,14669.41
2026-09-01,SZSE,159332,央企红利ETF富国,8602.14
2026-09-01,SZSE,159333,港股央企红利ETF万家,20095.28
2026-09-01,SZSE,159335,央企科创ETF融通,6348.36
2026-09-01,SZSE,159336,央企红利ETF融通,30690.50
2026-09-01,SZSE,159337,中证500ETF东财,27771.06
2026-09-01,SZSE,159338,中证A500ETF国泰,2123008.66
2026-09-01,SZSE,159339,A500ETF银华,184408.68
2026-09-01,SZSE,159350,深证50ETF富国,14600.96
2026-09-01,SZSE,159351,A500ETF嘉实,719312.33
2026-09-02,SSE,510010,治理ETF,13052.44
2026-09-02,SSE,510020,超大ETF,3584.8
2026-09-02,SSE,510030,价值ETF,14472.98
2026-09-02,SSE,510040,上证180E,2648
2026-09-02,SSE,510050,50ETF,647256.68
2026-09-02,SSE,510060,央企ETF,3495.92
2026-09-02,SSE,510090,ESG建信,2608.11
2026-09-02,SSE,510100,SZ50ETF,90950.68
2026-09-02,SSE,510130,中盘ETF,3148.51
2026-09-02,SSE,510140,上证指,8023.05
2026-09-02,SSE,510150,消费ETF,283917.86
2026-09-02,SSE,510160,产业升级,18405.74
2026-09-02,SSE,510170,商品ETF,33491.48
2026-09-02,SSE,510180,180ETF,441555.77
2026-09-02,SSE,510190,上证50基,2365.08
2026-09-02,SSE,510200,上证券商,14388.55
2026-09-02,SSE,510210,综指ETF,1419219.26
2026-09-02,SSE,510230,金融ETF,66480.8
2026-09-02,SSE,510270,国企ETF,1683.21
2026-09-02,SSE,510290,380ETF,5444.89
2026-09-02,SSE,510300,300ETF,2295678.77
2026-09-02,SSE,510310,HS300ETF,1129024.4
2026-09-02,SSE,510320,300中金,63106.85
2026-09-02,SSE,510330,华夏300,835224.98
2026-09-02,SSE,510350,工银300,67691.47
2026-09-02,SSE,510360,广发300,178138.12
2026-09-02,SSE,510370,兴业300,8725.81
2026-09-02,SSE,510380,国寿300,146180.24
2026-09-02,SSE,510390,平安300,13655
2026-09-02,SSE,510410,资源ETF,44125.84
2026-09-02,SSE,510500,500ETF,506336.86
2026-09-02,SSE,510510,广发500,84903.83
2026-09-02,SSE,510530,工银500,4747.94
2026-09-02,SSE,510550,方正500,2374.33
2026-09-02,SSE,510560,国寿500,5231.87
2026-09-02,SSE,510570,兴业500,4306.06
2026-09-02,SSE,510580,ZZ500ETF,112216.83
2026-09-02,SSE,510590,平安500,11638.61
2026-09-02,SSE,510600,沪50ETF,1301.51
2026-09-02,SSE,510630,消费30,55636.15
2026-09-02,SSE,510650,金融行业,1195.25
2026-09-02,SSE,510660,医药行业,5237.97
2026-09-02,SSE,510670,180指,17799.3
2026-09-02,SSE,510680,万家50,1962.47
2026-09-02,SSE,510710,上50ETF,10221.89
2026-09-02,SSE,510720,红利国泰,166376.6
2026-09-02,SSE,510760,上证ETF,300850.37
2026-09-02,SSE,510770,G60创新,2161.07
2026-09-02,SSE,510800,上证50,17357.6
2026-09-02,SSE,510810,上海国企,597059.37
2026-09-02,SSE,510850,工银上50,4669.89
2026-09-02,SSE,510880,红利ETF,561117.57
2026-09-02,SSE,510900,恒生中国,322102.19
2026-09-02,SSE,510910,上证指CS,15079.6
2026-09-02,SSE,510950,上证广发,10192.08
2026-09-02,SSE,510980,上证综合,61479.8
2026-09-02,SSE,510990,ESG180,4094.86
2026-09-02,SSE,511010,国债ETF,4974.63
2026-09-02,SSE,511020,活跃国债,3901.75
2026-09-02,SSE,511030,公司债,40274.07
2026-09-02,SSE,511060,5年地债,2144.63
2026-09-02,SSE,511070,沪公司债,29312.1
2026-09-02,SSE,511090,30年国债,28433.81
2026-09-02,SSE,511100,基准国债,10883.05
2026-09-02,SSE,511110,公司债易,32699.96
2026-09-02,SSE,511120,科创债基,11771.06
2026-09-02,SSE,511130,国债30年,19442.97
2026-09-02,SSE,511150,科债永赢,11153.09
2026-09-02,SSE,511160,国债东财,2188.09
2026-09-02,SSE,511180,上证转债,101425.97
2026-09-02,SSE,511190,信用债,14931.43
2026-09-02,SSE,511200,信用债基,24438.75
2026-09-02,SSE,511220,城投ETF,531188.14
2026-09-02,SSE,511260,十年国债,16884.65
2026-09-02,SSE,511270,10年地债,8993.75
2026-09-02,SSE,511360,短融ETF,73578.86
2026-09-02,SSE,511380,转债ETF,457718.67
2026-09-02,SSE,511520,政金债,38619.65
2026-09-02,SSE,511580,国债政金,7096.68
2026-09-02,SSE,512000,券商ETF,7229343.54
2026-09-02,SSE,512010,医药ETF,4008269.49
2026-09-02,SSE,512020,A500,110901.27
2026-09-02,SSE,512030,A50增,4324
2026-09-02,SSE,512040,国信价值,447471.59
2026-09-02,SSE,512050,A500E,1614799.22
2026-09-02,SSE,512060,A100指基,1092.8
2026-09-02,SSE,512070,证券保险,1639047.97
2026-09-02,SSE,512080,A500中金,77618.61
2026-09-02,SSE,512090,MSCI易基,32559.23
2026-09-02,SSE,512100,1000ETF,606521.76
2026-09-02,SSE,512120,医药50,77624.19
2026-09-02,SSE,512130,现金全指,1489.5
2026-09-02,SSE,512140,电力事业,14204.9
2026-09-02,SSE,512150,A50ETF,1807.34
2026-09-02,SSE,512160,MSCI基金,12177.78
2026-09-02,SSE,512170,医疗ETF,7169182.05
2026-09-02,SSE,512180,建信MSCI,4804.8
2026-09-02,SSE,512190,之江凤凰,20081.84
2026-09-02,SSE,512200,地产ETF,302584.79
2026-09-02,SSE,512220,TMTETF,21446.76
2026-09-02,SSE,512240,A50龙头,2168.6
2026-09-02,SSE,512250,A50指数E,11960.01
2026-09-02,SSE,512260,500低波,1969.77
2026-09-02,SSE,512290,生物医药,315382.07
2026-09-02,SSE,512330,信息ETF,35518.8
2026-09-02,SSE,512360,MSCI国际,2733.77
2026-09-02,SSE,512370,A500增指,29631.3
2026-09-02,SSE,512380,MSCI中国,7580.56
2026-09-02,SSE,512390,MSCI低波,1268.2
2026-09-02,SSE,512400,有色ETF,1412003.9
2026-09-02,SSE,512410,银行广发,4527.17
2026-09-02,SSE,512420,机械华安,7423.89
2026-09-02,SSE,512430,家电家居,2872
2026-09-02,SSE,512450,广发养殖,10386.7
2026-09-02,SSE,512460,电池主题,30382.3
2026-09-02,SSE,512480,半导体,1951800.72
2026-09-02,SSE,512500,中证500,174480.88
2026-09-02,SSE,512510,ETF500,43042.98
2026-09-02,SSE,512520,MSCIETF,4505.64
2026-09-02,SSE,512530,300红利,9550.2
2026-09-02,SSE,512550,A50基金,10890.6
2026-09-02,SSE,512560,中证军工,95812.7
2026-09-02,SSE,512570,中证证券,400880.61
2026-09-02,SSE,512580,环保ETF,57147.17
2026-09-02,SSE,512600,必选消费,167135.61
2026-09-02,SSE,512620,农业TH,141566.6
2026-09-02,SSE,512630,卫星基金,163342.6
2026-09-02,SSE,512640,金融地产,2024.09
2026-09-02,SSE,512650,长三角,3094.16
2026-09-02,SSE,512660,军工ETF,645608
2026-09-02,SSE,512670,国防ETF,219265.26
2026-09-02,SSE,512680,军工基金,306973.01
2026-09-02,SSE,512690,酒ETF,3161095.02
2026-09-02,SSE,512700,银行基金,69108.1
2026-09-02,SSE,512710,军工龙头,1168165.84
2026-09-02,SSE,512720,计算机,35945.34
2026-09-02,SSE,512730,银行FUND,5158.39
2026-09-02,SSE,512750,基本面50,4655.49
2026-09-02,SSE,512760,芯片ETF,964744.55
2026-09-02,SSE,512770,战略新兴,9826.78
2026-09-02,SSE,512800,银行ETF,1186047.99
2026-09-02,SSE,512810,国防军工,97758.35
2026-09-02,SSE,512820,银行股基,37030.19
2026-09-02,SSE,512870,杭州湾区,2241.06
2026-09-02,SSE,512880,证券ETF,5643529.15
2026-09-02,SSE,512890,红利低波,2692011.08
2026-09-02,SSE,512900,证券基金,745490.6
2026-09-02,SSE,512910,100ETF,13112.88
2026-09-02,SSE,512930,AIETF,484052.13
2026-09-02,SSE,512940,有色矿业,214670.5
2026-09-02,SSE,512950,央企改革,404455.1
2026-09-02,SSE,512960,央调ETF,385605.73
2026-09-02,SSE,512970,湾区ETF,498.76
2026-09-02,SSE,512980,传媒ETF,491392.44
2026-09-02,SSE,512990,MSCIA股,9901.54
2026-09-02,SSE,513000,225ETF,100341.14
2026-09-02,SSE,513010,港股科技,4423930.7
2026-09-02,SSE,513020,科技HK,228814.54
2026-09-02,SSE,513030,德国ETF,101877.9
2026-09-02,SSE,513040,HK互联网,679684.13
2026-09-02,SSE,513050,中概互联,3457343.27
2026-09-02,SSE,513060,恒生医疗,858539.33
2026-09-02,SSE,513070,HK消费50,133676.08
2026-09-02,SSE,513080,法国ETF,66191.6
2026-09-02,SSE,513090,香港证券,978198.8
2026-09-02,SSE,513100,纳指ETF,946511.06
2026-09-02,SSE,513110,纳指100,220343.5
2026-09-02,SSE,513120,HK创新药,1884013.54
2026-09-02,SSE,513130,恒生科技,5743634.7
2026-09-02,SSE,513140,港股金融,7836.8
2026-09-02,SSE,513150,港科技50,10055.98
2026-09-02,SSE,513160,科技30,318918.93
2026-09-02,SSE,513170,恒生央企,16257.3
2026-09-02,SSE,513180,恒指科技,6954675.95
2026-09-02,SSE,513190,H股金融,99693.6
2026-09-02,SSE,513200,港股医药,89028.21
2026-09-02,SSE,513210,恒生E,4094.2
2026-09-02,SSE,513220,互联网30,52110.94
2026-09-02,SSE,513230,H股消费,32942.27
2026-09-02,SSE,513240,港信息,10749.6
2026-09-02,SSE,513260,恒科技,474024.3
2026-09-02,SSE,513280,恒生生物,36511.45
2026-09-02,SSE,513290,纳指生物,105257.21
2026-09-02,SSE,513300,纳斯达克,534067.1
2026-09-02,SSE,513310,中韩芯片,243342.7
2026-09-02,SSE,513320,HK新经济,9101.06
2026-09-02,SSE,513330,恒生互联,7010748
2026-09-02,SSE,513350,油气ETF,84574.6
2026-09-02,SSE,513360,教育ETF,61771.39
2026-09-02,SSE,513380,科技恒生,1778278.49
2026-09-02,SSE,513390,纳指基金,214637.91
2026-09-02,SSE,513400,道琼斯,278206.2
2026-09-02,SSE,513500,标普500,1024463.86
2026-09-02,SSE,513520,日经ETF,107788.72
2026-09-02,SSE,513530,港股红利,292093.87
2026-09-02,SSE,513550,港股通50,168099.2
2026-09-02,SSE,513560,香港科技,53138.6
2026-09-02,SSE,513580,HS科技,606011.8
2026-09-02,SSE,513590,香港消费,13051.89
2026-09-02,SSE,513600,恒指ETF,60882.95
2026-09-02,SSE,513620,港医疗指,5521.6
2026-09-02,SSE,513630,香港红利,752135.9
2026-09-02,SSE,513650,标普ETF,436773.4
2026-09-02,SSE,513660,恒生通,180800.02
2026-09-02,SSE,513690,恒生股息,314997.99
2026-09-02,SSE,513700,香港医药,79484.6
2026-09-02,SSE,513720,香港互联,24885.9
2026-09-02,SSE,513730,东南亚,77735.5
2026-09-02,SSE,513750,港股非银,807783.8
2026-09-02,SSE,513770,港股互联,1443313.79
2026-09-02,SSE,513780,港股新药,188765.7
2026-09-02,SSE,513800,东证ETF,103704.44
2026-09-02,SSE,513810,港股国企,4199.2
2026-09-02,SSE,513820,港股分红,173766.9
2026-09-02,SSE,513830,红利港股,5281.1
2026-09-02,SSE,513850,美国50,124589.26
2026-09-02,SSE,513860,HKC科技,268447.06
2026-09-02,SSE,513870,纳指指数,137867.1
2026-09-02,SSE,513880,日经225,131497
2026-09-02,SSE,513890,HK科技,89412.8
2026-09-02,SSE,513900,港股100,8997.8
2026-09-02,SSE,513910,红利央企,195527.6
2026-09-02,SSE,513920,央企40,260523.1
2026-09-02,SSE,513930,香港生科,10290.8
2026-09-02,SSE,513950,恒生红利,240361.9
2026-09-02,SSE,513970,恒生消费,140604.1
2026-09-02,SSE,513980,科技港股,1676720.4
2026-09-02,SSE,513990,港股通综,4300
2026-09-02,SSE,515000,科技ETF,322657.93
2026-09-02,SSE,515010,华夏证券,207777.16
2026-09-02,SSE,515020,银行指数,37434.53
2026-09-02,SSE,515030,新汽车,149938.4
2026-09-02,SSE,515040,工业金属,5231.96
2026-09-02,SSE,515050,5GETF,1732520.54
2026-09-02,SSE,515060,华夏地产,101047.81
2026-09-02,SSE,515070,AI智能,752094.04
2026-09-02,SSE,515080,中证红利,682014.89
2026-09-02,SSE,515090,可持续,1080.17
2026-09-02,SSE,515100,红利100,363544.15
2026-09-02,SSE,515110,国企方达,21429.5
2026-09-02,SSE,515120,创新药,1754299.36
2026-09-02,SSE,515130,HS300E,9446.32
2026-09-02,SSE,515150,国企富国,39870.32
2026-09-02,SSE,515160,MSCI招商,24395.51
2026-09-02,SSE,515170,食品饮料,861775.79
2026-09-02,SSE,515180,100红利,1274363.7
2026-09-02,SSE,515190,BOCI500,29346.61
2026-09-02,SSE,515200,创新100,3794.32
2026-09-02,SSE,515210,钢铁ETF,99222.61
2026-09-02,SSE,515220,煤炭ETF,918867.69
2026-09-02,SSE,515230,软件ETF,795569.09
2026-09-02,SSE,515250,智能汽车,34194.45
2026-09-02,SSE,515260,电子ETF,89856.84
2026-09-02,SSE,515290,银行,252707.29
2026-09-02,SSE,515300,红利300,331217.52
2026-09-02,SSE,515310,添富300,31461.12
2026-09-02,SSE,515320,电子50,8930.9
2026-09-02,SSE,515330,天弘300,617370.95
2026-09-02,SSE,515350,民生300,1169.92
2026-09-02,SSE,515360,方正300,3727.93
2026-09-02,SSE,515370,中证光伏,96571.3
2026-09-02,SSE,515380,泰康300,66159.98
2026-09-02,SSE,515390,HS300,188668.3
2026-09-02,SSE,515400,大数据,165663.14
2026-09-02,SSE,515450,红利50,1410733.5
2026-09-02,SSE,515460,质量红利,27509.1
2026-09-02,SSE,515480,红利一百,2534.07
2026-09-02,SSE,515530,泰康500,1224.27
2026-09-02,SSE,515550,国联500,2034.57
2026-09-02,SSE,515560,证券E,19288.33
2026-09-02,SSE,515580,中证科技,30403.14
2026-09-02,SSE,515590,500ETFEW,3611.37
2026-09-02,SSE,515600,央企创新,103779.74
2026-09-02,SSE,515630,保险证券,92171.77
2026-09-02,SSE,515640,家电指数,1705
2026-09-02,SSE,515650,消费50,302918.4
2026-09-02,SSE,515660,沪深300E,43359.42
2026-09-02,SSE,515680,创新央企,109926.47
2026-09-02,SSE,515700,新能车,65851.02
2026-09-02,SSE,515710,食品ETF,232159.98
2026-09-02,SSE,515720,金科富国,44061.1
2026-09-02,SSE,515730,家居家电,3989.2
2026-09-02,SSE,515750,科技50,26414.05
2026-09-02,SSE,515760,浙江国资,9438.81
2026-09-02,SSE,515770,MSCIAETF,3972.73
2026-09-02,SSE,515790,光伏ETF,596749.4
2026-09-02,SSE,515800,800ETF,393043.72
2026-09-02,SSE,515810,ZZ800ETF,26390.88
2026-09-02,SSE,515840,食品南方,3342.64
2026-09-02,SSE,515850,证券龙头,48129.1
2026-09-02,SSE,515860,科技100,10187.89
2026-09-02,SSE,515880,通信ETF,6257377.4
2026-09-02,SSE,515890,红利博时,37744.39
2026-09-02,SSE,515900,央创ETF,222724.65
2026-09-02,SSE,515910,质量ETF,22450.7
2026-09-02,SSE,515920,智能消费,6440.57
2026-09-02,SSE,515950,医药龙头,53120.06
2026-09-02,SSE,515960,医药100,23999.19
2026-09-02,SSE,515970,华夏机械,60208.8
2026-09-02,SSE,515980,人工智能,623912.9
2026-09-02,SSE,515990,添富国企,5335.02
2026-09-02,SSE,516000,数据ETF,42585.5
2026-09-02,SSE,516010,游戏ETF,245069.3
2026-09-02,SSE,516020,化工ETF,347382.62
2026-09-02,SSE,516050,科技龙头,16022.8
2026-09-02,SSE,516060,新药ETF,29923.74
2026-09-02,SSE,516070,碳中和50,29164.6
2026-09-02,SSE,516080,创新医药,530855.48
2026-09-02,SSE,516090,新能源E,167084.48
2026-09-02,SSE,516100,科技金融,113175.97
2026-09-02,SSE,516110,汽车ETF,21262.31
2026-09-02,SSE,516120,化工50,503008.2
2026-09-02,SSE,516130,消费龙头,157989
2026-09-02,SSE,516150,稀土基金,380857.7
2026-09-02,SSE,516160,新能源,151664.2
2026-09-02,SSE,516180,光伏产业,15198.7
2026-09-02,SSE,516190,文娱ETF,11781.85
2026-09-02,SSE,516200,证券行业,44460.4
2026-09-02,SSE,516210,银行股,7603.1
2026-09-02,SSE,516220,化工龙头,25617
2026-09-02,SSE,516230,光伏招商,74892.1
2026-09-02,SSE,516250,富国机械,6487.8
2026-09-02,SSE,516260,物联网50,4388.26
2026-09-02,SSE,516270,新能源50,30290.9
2026-09-02,SSE,516290,光伏基金,73919.69
2026-09-02,SSE,516300,中证1000,3901.26
2026-09-02,SSE,516310,银行指基,158425.85
2026-09-02,SSE,516320,装备ETF,8858.93
2026-09-02,SSE,516330,物联网,847.13
2026-09-02,SSE,516350,芯片50,141641.53
2026-09-02,SSE,516360,新材料,5855.18
2026-09-02,SSE,516370,全指电力,29240.8
2026-09-02,SSE,516380,智能电车,8444.93
2026-09-02,SSE,516390,电动车,18126.1
2026-09-02,SSE,516440,南方机械,13762.66
2026-09-02,SSE,516460,现金流E,42069.3
2026-09-02,SSE,516500,生物ETF,20493.72
2026-09-02,SSE,516510,云计算,150389
2026-09-02,SSE,516520,智能驾驶,78976.55
2026-09-02,SSE,516530,物流快递,1830.23
2026-09-02,SSE,516550,农业ETF,25941.44
2026-09-02,SSE,516560,养老ETF,21125.8
2026-09-02,SSE,516570,石化ETF,113435.76
2026-09-02,SSE,516580,新能源BS,14812.41
2026-09-02,SSE,516590,电动汽车,5301.5
2026-09-02,SSE,516600,消服ETF,11033.21
2026-09-02,SSE,516610,医服ETF,23297.48
2026-09-02,SSE,516620,影视ETF,32026.75
2026-09-02,SSE,516630,云计算50,47415.6
2026-09-02,SSE,516640,芯片龙头,131248.28
2026-09-02,SSE,516650,有色50,524646.48
2026-09-02,SSE,516660,新能汽车,15568.9
2026-09-02,SSE,516670,畜牧养殖,335326.63
2026-09-02,SSE,516700,数据产业,17412.2
2026-09-02,SSE,516710,新材料50,7627.2
2026-09-02,SSE,516720,ESGETF,933.78
2026-09-02,SSE,516730,证券公司,22738.08
2026-09-02,SSE,516750,建材ETF,13866.73
2026-09-02,SSE,516760,养殖ETF,29621.51
2026-09-02,SSE,516770,游戏动漫,27004.8
2026-09-02,SSE,516780,稀土ETF,239059.97
2026-09-02,SSE,516790,保健ETF,18268.22
2026-09-02,SSE,516800,智能制造,18230.8
2026-09-02,SSE,516810,农业,52447.89
2026-09-02,SSE,516820,医疗创新,460341.52
2026-09-02,SSE,516830,300ESG,8967.69
2026-09-02,SSE,516840,汽车基金,13527.7
2026-09-02,SSE,516850,新能源80,14023.7
2026-09-02,SSE,516860,金融科技,115452.2
2026-09-02,SSE,516880,光伏50,91594.41
2026-09-02,SSE,516890,新材ETF,3431.14
2026-09-02,SSE,516900,食品50,28022.9
2026-09-02,SSE,516910,物流ETF,6014.18
2026-09-02,SSE,516920,芯片基金,48446.3
2026-09-02,SSE,516930,生科ETF,10613.96
2026-09-02,SSE,516950,基建ETF,11482.1
2026-09-02,SSE,516960,机械ETF,1605.11
2026-09-02,SSE,516970,基建50,117504.25
2026-09-02,SSE,516980,证券先锋,5551.6
2026-09-02,SSE,517000,沪港深,12279.3
2026-09-02,SSE,517010,HGS500E,7814.42
2026-09-02,SSE,517030,HGS300,8404.03
2026-09-02,SSE,517050,互联网50,34760.5
2026-09-02,SSE,517080,HGS500,17316.6
2026-09-02,SSE,517090,共赢ETF,5307.5
2026-09-02,SSE,517100,AH500ETF,14360.21
2026-09-02,SSE,517110,创新药HK,135109.85
2026-09-02,SSE,517120,创新药50,57896.64
2026-09-02,SSE,517130,云计算JS,18865.4
2026-09-02,SSE,517160,长江ETF,182677.75
2026-09-02,SSE,517170,沪港深E,1613.18
2026-09-02,SSE,517180,中国国企,8849.63
2026-09-02,SSE,517200,互联网,14578.2
2026-09-02,SSE,517230,云计算MW,16054.58
2026-09-02,SSE,517300,AH300ETF,100243.45
2026-09-02,SSE,517330,长江保护,180916.9
2026-09-02,SSE,517350,龙头科技,4904.2
2026-09-02,SSE,517360,AH科技,2508.3
2026-09-02,SSE,517380,创新药AH,303432.63
2026-09-02,SSE,517390,云计算AH,13011.26
2026-09-02,SSE,517400,黄金股票,103579.2
2026-09-02,SSE,517520,黄金股,631990.4
2026-09-02,SSE,517550,消费主题,8041.74
2026-09-02,SSE,517660,物联网AH,3988.07
2026-09-02,SSE,517770,游戏传媒,19594.78
2026-09-02,SSE,517800,AI50,21353.97
2026-09-02,SSE,517850,张江ETF,3818.52
2026-09-02,SSE,517880,品牌消费,4933.71
2026-09-02,SSE,517900,银行优选,38499.35
2026-09-02,SSE,517950,交银科技,4862.32
2026-09-02,SSE,517990,医药基金,4698.79
2026-09-02,SSE,518600,上海金,82891.63
2026-09-02,SSE,518660,工银黄金,95745.27
2026-09-02,SSE,518680,金ETF,78256.95
2026-09-02,SSE,518800,黄金基金,375697.92
2026-09-02,SSE,518850,黄金9999,191587.87
2026-09-02,SSE,518860,上海金E,46545.98
2026-09-02,SSE,518880,黄金ETF,1172184.08
2026-09-02,SSE,518890,中银黄金,37315.48
2026-09-02,SSE,520500,恒生新药,189930.5
2026-09-02,SSE,520510,港股医疗,24172.8
2026-09-02,SSE,520520,HK消费,5260.6
2026-09-02,SSE,520530,港科ETF,23577.6
2026-09-02,SSE,520550,红利恒生,115252.4
2026-09-02,SSE,520560,香港30,60741.9
2026-09-02,SSE,520570,科技恒指,350987.6
2026-09-02,SSE,520580,新兴亚洲,29098.39
2026-09-02,SSE,520590,恒科,19623.5
2026-09-02,SSE,520600,汽车港股,26636.8
2026-09-02,SSE,520610,港红利指,42796.3
2026-09-02,SSE,520620,港股消费,28840.9
2026-09-02,SSE,520630,互联港股,59461
2026-09-02,SSE,520650,互联网HK,248275.5
2026-09-02,SSE,520660,港红利CS,205848.55
2026-09-02,SSE,520670,港科基金,21392.81
2026-09-02,SSE,520680,港股通车,7036.9
2026-09-02,SSE,520690,恒生港药,63145.4
2026-09-02,SSE,520700,创新药WJ,46007.6
2026-09-02,SSE,520710,信息港股,9702.9
2026-09-02,SSE,520720,香港汽车,12294.2
2026-09-02,SSE,520730,汽车WJ,11839.44
2026-09-02,SSE,520740,互联香港,4601.26
2026-09-02,SSE,520750,HK信息,13438.4
2026-09-02,SSE,520760,港股生物,12846.6
2026-09-02,SSE,520770,港股恒指,21337.38
2026-09-02,SSE,520780,港股车50,3946
2026-09-02,SSE,520790,港互联网,58507.5
2026-09-02,SSE,520810,港高股息,31836
2026-09-02,SSE,520820,恒指通,5868.2
2026-09-02,SSE,520830,沙特ETF,105761.9
2026-09-02,SSE,520840,港科技,112654.9
2026-09-02,SSE,520850,港医疗,13924.96
2026-09-02,SSE,520860,港股通科,34019.5
2026-09-02,SSE,520870,巴西ETF,51197.72
2026-09-02,SSE,520880,港创新药,439561.8
2026-09-02,SSE,520890,港红利,8050.8
2026-09-02,SSE,520900,红利香港,153117.5
2026-09-02,SSE,520910,HK互联,75544.5
2026-09-02,SSE,520920,恒生科TH,1893801.9
2026-09-02,SSE,520930,恒生生科,16073.3
2026-09-02,SSE,520940,恒指基金,2229.7
2026-09-02,SSE,520950,港股50,32542.1
2026-09-02,SSE,520960,恒指港通,5060.34
2026-09-02,SSE,520970,港股通药,125235.8
2026-09-02,SSE,520980,港科技30,316638.7
2026-09-02,SSE,520990,国新红利,341347.05
2026-09-02,SSE,526000,港股信息,17614.2
2026-09-02,SSE,526010,香港医疗,3645.8
2026-09-02,SSE,526030,港信息基,15346.5
2026-09-02,SSE,526050,香港信息,5363
2026-09-02,SSE,526070,恒生博时,5237.7
2026-09-02,SSE,530000,50ETF基,94002.94
2026-09-02,SSE,530050,SH50ETF,12781.3
2026-09-02,SSE,530060,上证综E,87319.3
2026-09-02,SSE,530080,180指基,2491.7
2026-09-02,SSE,530100,上证580,12069.6
2026-09-02,SSE,530180,上证180,5795.2
2026-09-02,SSE,530280,180ETF指,2993.4
2026-09-02,SSE,530300,180指数,3364.3
2026-09-02,SSE,530380,上证380,13470.5
2026-09-02,SSE,530530,580ETF,13446
2026-09-02,SSE,530580,180基金,5314.9
2026-09-02,SSE,530680,180E,10689.19
2026-09-02,SSE,530800,上180ETF,1820.18
2026-09-02,SSE,530880,上证红利,4033.6
2026-09-02,SSE,551000,科创债,7890.41
2026-09-02,SSE,551030,科创债券,18334
2026-09-02,SSE,551060,科创债沪,5730.1
2026-09-02,SSE,551300,科创债摩,5099.75
2026-09-02,SSE,551500,科创债易,12922
2026-09-02,SSE,551510,科债AAA,14221.61
2026-09-02,SSE,551520,科创债汇,21516.16
2026-09-02,SSE,551550,科创AAA,17933.82
2026-09-02,SSE,551560,科创债兴,17167.88
2026-09-02,SSE,551580,科创债TK,10702.68
2026-09-02,SSE,551800,国泰科债,11605.14
2026-09-02,SSE,551900,科创债指,13893.17
2026-09-02,SSE,560010,1000基金,182862.17
2026-09-02,SSE,560020,红利添富,13356.2
2026-09-02,SSE,560030,800价值,2343.2
2026-09-02,SSE,560050,MSCIA50,215743.44
2026-09-02,SSE,560060,碳中和基,7709
2026-09-02,SSE,560070,央企分红,8236.23
2026-09-02,SSE,560080,中药ETF,228026.5
2026-09-02,SSE,560090,证券指数,228986.5
2026-09-02,SSE,560100,增强ETF,5508.03
2026-09-02,SSE,560110,ZZ1000,34690.35
2026-09-02,SSE,560120,500现金,57768.9
2026-09-02,SSE,560130,食品基金,6977.62
2026-09-02,SSE,560150,红利TK,68027.93
2026-09-02,SSE,560160,食品E,11070.6
2026-09-02,SSE,560170,央企科技,37649.55
2026-09-02,SSE,560180,ESG300,1560.3
2026-09-02,SSE,560190,公用事业,2683.4
2026-09-02,SSE,560210,景顺农牧,51452.2
2026-09-02,SSE,560220,2000基金,6071.7
2026-09-02,SSE,560230,光伏富国,8588.9
2026-09-02,SSE,560250,红利质量,14083.3
2026-09-02,SSE,560260,医疗50,171466.47
2026-09-02,SSE,560270,电力指数,16443.9
2026-09-02,SSE,560280,工程机械,152525.2
2026-09-02,SSE,560290,景顺有色,37169.4
2026-09-02,SSE,560300,电信50,2780.34
2026-09-02,SSE,560310,光伏博时,18512.2
2026-09-02,SSE,560320,食品富国,11833.2
2026-09-02,SSE,560330,300价值E,1713
2026-09-02,SSE,560350,A50指数,84353.21
2026-09-02,SSE,560360,软件指数,22634.5
2026-09-02,SSE,560370,全指红利,21158.4
2026-09-02,SSE,560380,A100,14286.1
2026-09-02,SSE,560390,电网E,203425.8
2026-09-02,SSE,560400,证券华泰,17049.3
2026-09-02,SSE,560410,电池鹏华,5878.61
2026-09-02,SSE,560420,食品Q,13078.02
2026-09-02,SSE,560450,电力TH,24456.9
2026-09-02,SSE,560460,电力平安,28253.7
2026-09-02,SSE,560470,有色E,30434
2026-09-02,SSE,560480,中证电力,13830.3
2026-09-02,SSE,560490,华泰有色,10648.2
2026-09-02,SSE,560500,500质量,29533.9
2026-09-02,SSE,560510,中证A500,253102.69
2026-09-02,SSE,560520,红利大成,5075.1
2026-09-02,SSE,560530,A500ETF,399762.37
2026-09-02,SSE,560550,碳中和,12559.74
2026-09-02,SSE,560560,碳中和TK,7019.01
2026-09-02,SSE,560570,A500低波,115454.12
2026-09-02,SSE,560580,电力指基,43900.3
2026-09-02,SSE,560590,1000鹏华,2571
2026-09-02,SSE,560610,A500指数,524298.84
2026-09-02,SSE,560620,公用WJ,2636.7
2026-09-02,SSE,560630,机器人WJ,15339.4
2026-09-02,SSE,560660,云50ETF,12993.8
2026-09-02,SSE,560670,中证银行,4147.4
2026-09-02,SSE,560680,龙头消费,33822.56
2026-09-02,SSE,560690,电信主题,1963.9
2026-09-02,SSE,560700,央红利50,44903.69
2026-09-02,SSE,560710,船舶ETF,173758
2026-09-02,SSE,560720,工银红利,9754.8
2026-09-02,SSE,560730,红利GTHT,8183.63
2026-09-02,SSE,560750,A500申万,7855.48
2026-09-02,SSE,560770,机器人ZS,165013.3
2026-09-02,SSE,560780,半导设备,1295848.8
2026-09-02,SSE,560790,软件服务,22545.59
2026-09-02,SSE,560800,数字ETF,29395.11
2026-09-02,SSE,560810,央企ESG,18111.6
2026-09-02,SSE,560820,A50新华,4092.6
2026-09-02,SSE,560830,电指数,69751.9
2026-09-02,SSE,560850,信创50,6916.4
2026-09-02,SSE,560860,工业有色,535423.3
2026-09-02,SSE,560870,中银有色,9135.19
2026-09-02,SSE,560880,家电基金,19373.2
2026-09-02,SSE,560900,创新药企,21396.91
2026-09-02,SSE,560910,中证电池,19572.1
2026-09-02,SSE,560920,招商机械,4437.33
2026-09-02,SSE,560930,电力E,20702.4
2026-09-02,SSE,560950,500增,1548.3
2026-09-02,SSE,560970,有色金属,6713.8
2026-09-02,SSE,560980,光伏龙头,34352.2
2026-09-02,SSE,560990,科技先锋,1518.71
2026-09-02,SSE,561000,300指增,4992
2026-09-02,SSE,561010,软件开发,29035.6
2026-09-02,SSE,561020,食品招商,3102.22
2026-09-02,SSE,561030,机械华泰,18655
2026-09-02,SSE,561050,稀金属E,23025
2026-09-02,SSE,561060,红利国企,4706.5
2026-09-02,SSE,561080,现金自由,2425
2026-09-02,SSE,561090,A500增,20997.4
2026-09-02,SSE,561100,电子龙头,59874.69
2026-09-02,SSE,561120,家电ETF,2815.99
2026-09-02,SSE,561130,国货ETF,8593.52
2026-09-02,SSE,561160,锂电池,229583.5
2026-09-02,SSE,561170,绿电50,53753.27
2026-09-02,SSE,561180,A100ETF,4960.96
2026-09-02,SSE,561190,双碳ETF,19431.8
2026-09-02,SSE,561200,A100基金,3347.05
2026-09-02,SSE,561220,国企数字,4755.3
2026-09-02,SSE,561230,A50,45247.78
2026-09-02,SSE,561250,稀金属PH,7375.22
2026-09-02,SSE,561260,能源ETF,2309.52
2026-09-02,SSE,561280,增强1000,8784.77
2026-09-02,SSE,561300,300增ETF,50296.5
2026-09-02,SSE,561310,消电ETF,10483.31
2026-09-02,SSE,561320,交运ETF,3436.9
2026-09-02,SSE,561330,矿业ETF,181639.21
2026-09-02,SSE,561350,国泰500,8870
2026-09-02,SSE,561360,石油ETF,135514.8
2026-09-02,SSE,561370,2000ETF,3235.6
2026-09-02,SSE,561380,电网ETF,630353.4
2026-09-02,SSE,561390,稀金属PA,9012.81
2026-09-02,SSE,561400,鑫元养殖,4051.9
2026-09-02,SSE,561410,光伏工银,20461.33
2026-09-02,SSE,561420,300现金,101023.7
2026-09-02,SSE,561430,全指质量,3722.32
2026-09-02,SSE,561450,华泰红利,8012.43
2026-09-02,SSE,561460,AITH,117602
2026-09-02,SSE,561470,畜牧TH,4293.6
2026-09-02,SSE,561490,红利财通,9063.13
2026-09-02,SSE,561500,漂亮50,5460.03
2026-09-02,SSE,561510,中医药,6520.6
2026-09-02,SSE,561550,500指增,133498.96
2026-09-02,SSE,561560,电力ETF,193312.42
2026-09-02,SSE,561570,油气基金,7314.7
2026-09-02,SSE,561580,央企红利,191187.07
2026-09-02,SSE,561590,1000增强,10149.96
2026-09-02,SSE,561600,消费电子,29654.8
2026-09-02,SSE,561620,华泰化工,3522.7
2026-09-02,SSE,561630,华泰质量,4189.8
2026-09-02,SSE,561660,通航基金,6971
2026-09-02,SSE,561680,A500红低,5816.9
2026-09-02,SSE,561700,电力基金,35081.36
2026-09-02,SSE,561730,中证A股,10274.81
2026-09-02,SSE,561750,A50博时,6149.6
2026-09-02,SSE,561760,油气博时,15619.5
2026-09-02,SSE,561770,指基A100,3555
2026-09-02,SSE,561780,1000指增,1935.58
2026-09-02,SSE,561790,现代能源,5603.4
2026-09-02,SSE,561800,稀金属,20357.72
2026-09-02,SSE,561810,华泰医疗,6863.84
2026-09-02,SSE,561830,N有色,23557.11
2026-09-02,SSE,561870,现金流指,8976.5
2026-09-02,SSE,561880,A100指数,8638.9
2026-09-02,SSE,561890,A股E,4111.26
2026-09-02,SSE,561900,沪深ESG,2633.44
2026-09-02,SSE,561910,电池ETF,478407.66
2026-09-02,SSE,561920,疫苗龙头,6269.2
2026-09-02,SSE,561930,招商300,18426.06
2026-09-02,SSE,561950,500增强A,7215.6
2026-09-02,SSE,561960,央企回报,5678.52
2026-09-02,SSE,561980,芯片设备,854555
2026-09-02,SSE,561990,300增强,34064.92
2026-09-02,SSE,562000,中证A100,59673.79
2026-09-02,SSE,562010,绿色能源,1829.87
2026-09-02,SSE,562030,信创基金,13897.39
2026-09-02,SSE,562050,药ETF,10046.8
2026-09-02,SSE,562060,标普红利,512179.26
2026-09-02,SSE,562070,300ETF增,54954.2
2026-09-02,SSE,562080,自由现金,59675.72
2026-09-02,SSE,562180,红低A500,13415
2026-09-02,SSE,562300,低碳ETF,5549.5
2026-09-02,SSE,562310,300成长,42257.23
2026-09-02,SSE,562320,300价值A,5529.55
2026-09-02,SSE,562330,500价值,1201.89
2026-09-02,SSE,562340,500成长,914.43
2026-09-02,SSE,562350,电力,13041.09
2026-09-02,SSE,562360,机器人YH,29247.4
2026-09-02,SSE,562380,科技引领,7462.89
2026-09-02,SSE,562390,中药,8042.9
2026-09-02,SSE,562500,机器人,1849768.73
2026-09-02,SSE,562510,旅游ETF,111009.5
2026-09-02,SSE,562520,1000成长,2856.8
2026-09-02,SSE,562530,1000价值,16014.4
2026-09-02,SSE,562550,绿电ETF,151041.93
2026-09-02,SSE,562560,信息技术,2276.55
2026-09-02,SSE,562570,信创ETF,29828.1
2026-09-02,SSE,562580,可选消费,4222.33
2026-09-02,SSE,562590,半导材料,915198.9
2026-09-02,SSE,562600,医疗器械,45293.74
2026-09-02,SSE,562660,ZZ2000,37287.4
2026-09-02,SSE,562700,汽车零件,9775
2026-09-02,SSE,562800,稀有金属,566549.5
2026-09-02,SSE,562810,上证增强,5045.1
2026-09-02,SSE,562820,集成电路,41640.8
2026-09-02,SSE,562850,央企能源,17698.15
2026-09-02,SSE,562860,疫苗ETF,33289.5
2026-09-02,SSE,562870,证券全指,58850.52
2026-09-02,SSE,562880,电池基金,89389.96
2026-09-02,SSE,562890,A50中证,27205.1
2026-09-02,SSE,562900,现代农业,24170.63
2026-09-02,SSE,562910,高端制造,30022.73
2026-09-02,SSE,562920,信息安全,8906.9
2026-09-02,SSE,562930,软件30,171043.7
2026-09-02,SSE,562950,消电50,103725.83
2026-09-02,SSE,562960,绿色电力,123739.1
2026-09-02,SSE,562970,光伏E,36444.8
2026-09-02,SSE,562990,碳中和E,37675.6
2026-09-02,SSE,563000,中国A50,153845.11
2026-09-02,SSE,563010,电信ETF,8818.93
2026-09-02,SSE,563020,低波红利,1063091
2026-09-02,SSE,563030,增强500,12716.9
2026-09-02,SSE,563050,科技央企,14220.84
2026-09-02,SSE,563060,央企50,18052.7
2026-09-02,SSE,563080,中证A50E,110058.84
2026-09-02,SSE,563090,上50增强,5584.8
2026-09-02,SSE,563150,油气资源,3439.9
2026-09-02,SSE,563180,高股息,10042
2026-09-02,SSE,563200,2000指数,5145.88
2026-09-02,SSE,563210,专精特新,11206.7
2026-09-02,SSE,563220,A500富国,640401.37
2026-09-02,SSE,563230,卫星ETF,334323.7
2026-09-02,SSE,563280,A50增强,520.66
2026-09-02,SSE,563300,中证2000,447367.4
2026-09-02,SSE,563320,通用航空,22389.2
2026-09-02,SSE,563330,A股ETF,3076.06
2026-09-02,SSE,563350,中证A50,16999.76
2026-09-02,SSE,563360,A500基金,3118698.74
2026-09-02,SSE,563380,航空航天,85995
2026-09-02,SSE,563390,现金基金,214334.4
2026-09-02,SSE,563500,A500华宝,76595.87
2026-09-02,SSE,563510,A500红利,28253.7
2026-09-02,SSE,563520,300永赢,43606.5
2026-09-02,SSE,563530,卫星E,156874.8
2026-09-02,SSE,563550,增强A500,8255.9
2026-09-02,SSE,563560,科技成长,5476.9
2026-09-02,SSE,563570,金融科,10537.4
2026-09-02,SSE,563580,现金800,24364.8
2026-09-02,SSE,563590,红利A500,6094.44
2026-09-02,SSE,563600,A500增强,6648.3
2026-09-02,SSE,563620,现金流全,5104.9
2026-09-02,SSE,563630,A500指增,3794.71
2026-09-02,SSE,563650,A500中证,14090.9
2026-09-02,SSE,563660,A500银河,6308.52
2026-09-02,SSE,563670,金科基金,18098.7
2026-09-02,SSE,563680,现金流TF,10395.9
2026-09-02,SSE,563690,红利永赢,3488.2
2026-09-02,SSE,563700,红利价值,36415
2026-09-02,SSE,563750,500添富,33473.7
2026-09-02,SSE,563760,中银现金,69991.32
2026-09-02,SSE,563770,全指现金,2730.7
2026-09-02,SSE,563780,现金指数,24402.71
2026-09-02,SSE,563790,卫星产业,118644.7
2026-09-02,SSE,563800,A500龙头,897797.81
2026-09-02,SSE,563830,现金流基,13489.6
2026-09-02,SSE,563850,食品广发,11548.17
2026-09-02,SSE,563860,A500海富,18284.43
2026-09-02,SSE,563870,航空通用,10630.39
2026-09-02,SSE,563880,A500添富,154999.64
2026-09-02,SSE,563890,红利国有,2233.6
2026-09-02,SSE,563900,现金流,45796.57
2026-09-02,SSE,563930,上指增强,2859.2
2026-09-02,SSE,563960,300质量,36001.2
2026-09-02,SSE,563980,800红利,18896.7
2026-09-02,SSE,563990,800现金,30457.3
2026-09-02,SSE,588000,科创50,5141966.82
2026-09-02,SSE,588010,科创材料,97042.58
2026-09-02,SSE,588020,科创50E,220137.3
2026-09-02,SSE,588030,科创指基,229783.81
2026-09-02,SSE,588040,科创板指,13188.9
2026-09-02,SSE,588050,科创ETF,650124.13
2026-09-02,SSE,588060,上证科创,729114
2026-09-02,SSE,588070,科创万家,4043.7
2026-09-02,SSE,588080,科创板50,2504862.81
2026-09-02,SSE,588090,科创板,300307.28
2026-09-02,SSE,588100,科创信息,21574.62
2026-09-02,SSE,588110,科创成长,103903.2
2026-09-02,SSE,588120,科100ETF,90762.2
2026-09-02,SSE,588130,科创药,46608.26
2026-09-02,SSE,588140,科200GF,21775.1
2026-09-02,SSE,588150,科创龙头,38743.26
2026-09-02,SSE,588160,科创新材,88599.6
2026-09-02,SSE,588170,科创半导,4454144.7
2026-09-02,SSE,588180,科创50基,73835.37
2026-09-02,SSE,588190,科创100,134861.83
2026-09-02,SSE,588200,科创芯片,4257268.43
2026-09-02,SSE,588210,科创100E,25075.4
2026-09-02,SSE,588220,科创100F,376769.79
2026-09-02,SSE,588230,科创200,76793.9
2026-09-02,SSE,588240,科200,11963.3
2026-09-02,SSE,588250,KC医药,26767.5
2026-09-02,SSE,588260,科创技术,4674.6
2026-09-02,SSE,588270,科创200F,30441
2026-09-02,SSE,588280,科创五零,38812.1
2026-09-02,SSE,588290,芯片科创,487469.1
2026-09-02,SSE,588300,双创ETF,152521.05
2026-09-02,SSE,588310,双创基金,3063.75
2026-09-02,SSE,588320,双创增强,8382.46
2026-09-02,SSE,588330,双创龙头,117573.78
2026-09-02,SSE,588350,双创,65654.6
2026-09-02,SSE,588360,创创ETF,21908.18
2026-09-02,SSE,588370,科创策略,7327.2
2026-09-02,SSE,588380,创50ETF,269977
2026-09-02,SSE,588390,科创创业,16193.59
2026-09-02,SSE,588400,双创50,136560.06
2026-09-02,SSE,588410,双创AI,11525
2026-09-02,SSE,588420,AI双创,33964.8
2026-09-02,SSE,588430,科创创AI,9845.8
2026-09-02,SSE,588450,科创50增,6056.87
2026-09-02,SSE,588460,科创增强,64501.4
2026-09-02,SSE,588470,双创智能,28090.7
2026-09-02,SSE,588480,AI50双创,23971.7
2026-09-02,SSE,588500,科创100Z,4664.7
2026-09-02,SSE,588510,智能双创,32117.5
2026-09-02,SSE,588520,科创增,1295.7
2026-09-02,SSE,588530,AIBOCI,22503.33
2026-09-02,SSE,588550,科创增指,6329
2026-09-02,SSE,588660,双创五零,3834.4
2026-09-02,SSE,588670,科综增强,3979.2
2026-09-02,SSE,588680,科100增,3236.1
2026-09-02,SSE,588690,科综指增,5163.6
2026-09-02,SSE,588700,科创生物,45533.62
2026-09-02,SSE,588710,科半导体,1156288.5
2026-09-02,SSE,588720,中银科创,11224.18
2026-09-02,SSE,588730,科创AI,72139.63
2026-09-02,SSE,588750,科创芯50,326222.8
2026-09-02,SSE,588760,AI科创,243453.2
2026-09-02,SSE,588770,信息科创,31459.71
2026-09-02,SSE,588780,芯片设计,100790.2
2026-09-02,SSE,588790,科创智能,329838.4
2026-09-02,SSE,588800,科创100C,171487.7
2026-09-02,SSE,588810,科创板芯,80432.4
2026-09-02,SSE,588820,科创200E,15140
2026-09-02,SSE,588830,科创新能,59484.79
2026-09-02,SSE,588840,50科创,6123.6
2026-09-02,SSE,588850,科创机械,7677.9
2026-09-02,SSE,588860,科创医药,35688.94
2026-09-02,SSE,588870,科创50指,80955.2
2026-09-02,SSE,588880,科创指数,10836.8
2026-09-02,SSE,588890,科创芯,280443
2026-09-02,SSE,588900,科创100S,35878.3
2026-09-02,SSE,588910,科创价值,10004.91
2026-09-02,SSE,588920,KC芯片,32187.6
2026-09-02,SSE,588930,科创板AI,61732.9
2026-09-02,SSE,588940,科创富国,293684
2026-09-02,SSE,588950,景顺科创,69572.97
2026-09-02,SSE,588960,新能科创,14357.98
2026-09-02,SSE,588980,科创广发,1442
2026-09-02,SSE,588990,科芯片,20174.54
2026-09-02,SSE,589000,科创综指,106350.78
2026-09-02,SSE,589010,科创AI指,92679.3
2026-09-02,SSE,589020,KC半导体,449243.8
2026-09-02,SSE,589030,科芯设计,88307.7
2026-09-02,SSE,589050,科创E,5096.8
2026-09-02,SSE,589060,科综东财,8213.79
2026-09-02,SSE,589070,科芯TH,198929.3
2026-09-02,SSE,589080,科创综E,15306.1
2026-09-02,SSE,589090,KCAI,18443.1
2026-09-02,SSE,589100,国泰芯片,91144.25
2026-09-02,SSE,589110,科AI国泰,54341.3
2026-09-02,SSE,589120,创新药基,140162
2026-09-02,SSE,589130,科创芯易,335978
2026-09-02,SSE,589150,科创平安,82343.72
2026-09-02,SSE,589160,科芯片GF,28429.6
2026-09-02,SSE,589170,芯设计KC,14490.9
2026-09-02,SSE,589180,科创材基,14031.8
2026-09-02,SSE,589190,科创芯基,349356.2
2026-09-02,SSE,589200,科200E,2250.7
2026-09-02,SSE,589210,芯设计GF,132493.8
2026-09-02,SSE,589220,科200GT,32249.58
2026-09-02,SSE,589230,AI科创CS,24355.3
2026-09-02,SSE,589250,芯设计PY,7510.13
2026-09-02,SSE,589260,科创芯设,7315.6
2026-09-02,SSE,589270,科创100Q,2451.66
2026-09-02,SSE,589280,科综增指,14906.9
2026-09-02,SSE,589290,芯片主题,14784.89
2026-09-02,SSE,589300,科综嘉实,4158.25
2026-09-02,SSE,589310,科创人工,31349.18
2026-09-02,SSE,589320,科200JS,11405.3
2026-09-02,SSE,589330,科200DC,17090.2
2026-09-02,SSE,589350,科芯片指,22228.15
2026-09-02,SSE,589360,科创50GT,268717.4
2026-09-02,SSE,589380,AI科创指,9969.43
2026-09-02,SSE,589390,芯设计,135581.05
2026-09-02,SSE,589400,芯设计FG,30778.52
2026-09-02,SSE,589410,科创AIJS,56056.56
2026-09-02,SSE,589420,芯设计MW,35848.15
2026-09-02,SSE,589460,科200HB,21463.09
2026-09-02,SSE,589500,科综工银,8006.4
2026-09-02,SSE,589520,AI科创板,83710.46
2026-09-02,SSE,589550,KC价值,2529.55
2026-09-02,SSE,589560,科创AITF,25935.5
2026-09-02,SSE,589580,科综价格,1435.48
2026-09-02,SSE,589600,富国科综,22153.5
2026-09-02,SSE,589630,科综国泰,34325.8
2026-09-02,SSE,589660,综指科创,26153
2026-09-02,SSE,589680,科创综Z,138994.37
2026-09-02,SSE,589700,成长科创,3029.1
2026-09-02,SSE,589720,科创新药,522982.3
2026-09-02,SSE,589770,科创全指,15356.92
2026-09-02,SSE,589780,科200FG,6921.5
2026-09-02,SSE,589800,科创综合,112398.82
2026-09-02,SSE,589820,科200F,12972.02
2026-09-02,SSE,589850,科创东财,74805.7
2026-09-02,SSE,589860,天弘科综,16622.4
2026-09-02,SSE,589880,科创综,44999.6
2026-09-02,SSE,589890,景顺科综,8498.7
2026-09-02,SSE,589900,博时科综,17390.82
2026-09-02,SSE,589950,科100FG,36087.3
2026-09-02,SSE,589960,科创新源,16731.6
2026-09-02,SSE,589980,科基100,12912.2
2026-09-02,SSE,589990,科创板综,11009
2026-09-02,SZSE,158000,港股通金融ETF鹏华,12692.58
2026-09-02,SZSE,158001,价值ETF嘉实,16039.26
2026-09-02,SZSE,158003,港股通医疗ETF嘉实,11565.43
2026-09-02,SZSE,158005,工程机械ETF博时,16006.13
2026-09-02,SZSE,158006,化工ETF博时,4204.60
2026-09-02,SZSE,158008,新能源电池ETF华夏,24841.31
2026-09-02,SZSE,158009,航空航天ETF南方,3837.38
2026-09-02,SZSE,158010,医疗ETF嘉实,25321.33
2026-09-02,SZSE,158012,云计算ETF南方,27782.55
2026-09-02,SZSE,158017,化工ETF易方达,8259.45
2026-09-02,SZSE,158019,电池ETF永赢,27728.19
2026-09-02,SZSE,158027,工业互联网ETF易方达,20714.30
2026-09-02,SZSE,159001,货币ETF易方达,3173.31
2026-09-02,SZSE,159003,招商快线ETF,201.52
2026-09-02,SZSE,159005,快钱ETF汇添富,116.58
2026-09-02,SZSE,159007,养殖ETF华泰柏瑞,18660.32
2026-09-02,SZSE,159008,证券ETF景顺,10978.45
2026-09-02,SZSE,159009,创业板新能源ETF易方达,14539.27
2026-09-02,SZSE,159010,港股通科技ETF博时,20009.76
2026-09-02,SZSE,159011,养殖ETF华安,2650.51
2026-09-02,SZSE,159012,科创创业50ETF鹏华,12888.11
2026-09-02,SZSE,159013,工业互联网ETF大成,3957.88
2026-09-02,SZSE,159015,恒生港股通科技ETF国联,11035.29
2026-09-02,SZSE,159016,证券ETF广发,33404.01
2026-09-02,SZSE,159017,石油ETF工银,15125.68
2026-09-02,SZSE,159018,石油ETF广发,2990.42
2026-09-02,SZSE,159019,石油ETF华宝,4432.77
2026-09-02,SZSE,159020,养殖ETF易方达,12556.70
2026-09-02,SZSE,159021,大盘价值ETF华夏,7390.77
2026-09-02,SZSE,159022,科创创业人工智能ETF富国,17763.09
2026-09-02,SZSE,159023,养殖ETF万家,4077.79
2026-09-02,SZSE,159026,石油ETF南方,4551.34
2026-09-02,SZSE,159027,畜牧养殖ETF大成,10947.22
2026-09-02,SZSE,159028,港股汽车ETF天弘,12944.90
2026-09-02,SZSE,159029,有色ETF广发,29712.77
2026-09-02,SZSE,159030,粮食ETF华夏,41396.81
2026-09-02,SZSE,159031,粮食ETF博时,51302.86
2026-09-02,SZSE,159032,工业有色ETF易方达,26084.50
2026-09-02,SZSE,159033,粮食ETF国泰,10132.34
2026-09-02,SZSE,159035,软件ETF天弘,60685.97
2026-09-02,SZSE,159036,软件开发ETF华宝,28474.01
2026-09-02,SZSE,159037,价值ETF鹏华,6724.98
2026-09-02,SZSE,159038,粮食ETF易方达,18602.69
2026-09-02,SZSE,159039,机器人ETF华安,102846.14
2026-09-02,SZSE,159040,港股通互联网ETF鹏华,3248.10
2026-09-02,SZSE,159041,农业ETF鹏华,5347.18
2026-09-02,SZSE,159042,价值ETF汇添富,9080.11
2026-09-02,SZSE,159043,食品ETF华安,8477.06
2026-09-02,SZSE,159045,稀有金属ETF大成,16833.02
2026-09-02,SZSE,159046,绿电ETF天弘,51497.68
2026-09-02,SZSE,159048,机器人ETF大成,19380.38
2026-09-02,SZSE,159049,有色ETF工银,3507.33
2026-09-02,SZSE,159050,机器人ETF广发,65570.36
2026-09-02,SZSE,159051,医疗器械ETF易方达,8611.78
2026-09-02,SZSE,159052,新能源电池ETF嘉实,19692.60
2026-09-02,SZSE,159053,稀有金属ETF华夏,16019.81
2026-09-02,SZSE,159055,稀有金属ETF富国,12129.39
2026-09-02,SZSE,159056,医疗器械ETF富国,6093.43
2026-09-02,SZSE,159057,医疗器械ETF鹏华,2671.53
2026-09-02,SZSE,159058,证券ETF大成,8033.12
2026-09-02,SZSE,159059,电力ETF大成,5583.00
2026-09-02,SZSE,159060,粮食ETF浦银,2148.34
2026-09-02,SZSE,159061,绿色电力ETF南方,21484.02
2026-09-02,SZSE,159062,稀有金属ETF南方,11770.12
2026-09-02,SZSE,159063,粮食ETF南方,5648.66
2026-09-02,SZSE,159065,工程机械ETF景顺,10735.08
2026-09-02,SZSE,159066,A股ETF建信,20873.30
2026-09-02,SZSE,159067,绿色电力ETF鹏华,1890.87
2026-09-02,SZSE,159068,软件ETF华夏,6033.65
2026-09-02,SZSE,159069,创业板新能源ETF华泰柏瑞,4077.04
2026-09-02,SZSE,159070,工程机械ETF嘉实,10436.68
2026-09-02,SZSE,159071,新能源电池ETF华宝,12091.17
2026-09-02,SZSE,159072,粮食ETF景顺,4628.51
2026-09-02,SZSE,159073,粮食ETF汇添富,6217.38
2026-09-02,SZSE,159075,工业互联网ETF华夏,17619.71
2026-09-02,SZSE,159076,创业板新能源ETF华宝,24637.30
2026-09-02,SZSE,159077,电池ETF鑫元,3224.25
2026-09-02,SZSE,159078,A股ETF富国,17226.24
2026-09-02,SZSE,159079,价值ETF兴全,8480.68
2026-09-02,SZSE,159082,化工ETF华夏,7653.12
2026-09-02,SZSE,159083,红利低波100ETF嘉实,15637.04
2026-09-02,SZSE,159085,价值ETF永赢,2953.54
2026-09-02,SZSE,159086,金融科技ETF广发,2839.98
2026-09-02,SZSE,159087,化工ETF万家,3499.21
2026-09-02,SZSE,159091,港股通金融ETF易方达,2537.41
2026-09-02,SZSE,159093,化工ETF汇添富,2868.14
2026-09-02,SZSE,159095,云计算ETF银华,21746.81
2026-09-02,SZSE,159096,价值ETF华夏,19263.13
2026-09-02,SZSE,159098,价值ETF招商,10689.15
2026-09-02,SZSE,159099,云计算ETF华宝,10361.05
2026-09-02,SZSE,159100,巴西ETF华夏,47754.69
2026-09-02,SZSE,159101,港股通科技ETF华夏,287431.14
2026-09-02,SZSE,159102,港股通生物科技ETF华安,66062.20
2026-09-02,SZSE,159103,金融科技ETF汇添富,31340.67
2026-09-02,SZSE,159105,恒生生物科技ETF易方达,18227.29
2026-09-02,SZSE,159106,民企300ETF前海开源,3957.94
2026-09-02,SZSE,159107,创业板软件ETF富国,76282.30
2026-09-02,SZSE,159108,工业软件ETF博时,11473.85
2026-09-02,SZSE,159109,恒生50ETF景顺,56816.38
2026-09-02,SZSE,159110,科创债ETF万家,2262.70
2026-09-02,SZSE,159111,科创债ETF天弘,14427.66
2026-09-02,SZSE,159112,科创债ETF银华,22323.78
2026-09-02,SZSE,159113,科创债ETF大成,9463.62
2026-09-02,SZSE,159115,科创债ETF华安,5274.34
2026-09-02,SZSE,159116,科创债ETF工银,11440.27
2026-09-02,SZSE,159117,港股通红利低波ETF鹏华,6140.11
2026-09-02,SZSE,159118,港股通红利低波ETF华夏,6967.70
2026-09-02,SZSE,159119,800现金流ETF招商,14505.42
2026-09-02,SZSE,159120,港股通科技ETF国联安,14802.44
2026-09-02,SZSE,159121,港股通汽车ETF易方达,15248.11
2026-09-02,SZSE,159122,创业板新能源ETF富国,6916.09
2026-09-02,SZSE,159123,光伏ETF嘉实,39104.70
2026-09-02,SZSE,159125,港股通科技ETF招商,84024.58
2026-09-02,SZSE,159126,港股通50ETF南方,22761.65
2026-09-02,SZSE,159127,港股通红利ETF南方,15084.42
2026-09-02,SZSE,159128,港股科技ETF天弘,189176.08
2026-09-02,SZSE,159129,化工ETF嘉实,111590.65
2026-09-02,SZSE,159130,恒生生物科技ETF鹏华,19938.94
2026-09-02,SZSE,159131,港股通信息技术ETF华宝,226091.99
2026-09-02,SZSE,159132,恒生生物科技ETF富国,12296.35
2026-09-02,SZSE,159133,化工ETF天弘,155641.33
2026-09-02,SZSE,159135,港股通科技ETF前海开源,61846.63
2026-09-02,SZSE,159136,A50ETF广发,10941.40
2026-09-02,SZSE,159137,港股通医疗ETF华宝,16963.26
2026-09-02,SZSE,159138,工程机械ETF易方达,29426.79
2026-09-02,SZSE,159139,科创创业人工智能ETF华泰柏瑞,18010.92
2026-09-02,SZSE,159140,科创创业人工智能ETF易方达,50393.68
2026-09-02,SZSE,159141,科创创业人工智能ETF永赢,129106.07
2026-09-02,SZSE,159142,科创创业人工智能ETF景顺,117726.01
2026-09-02,SZSE,159143,港股通央企红利ETF平安,5155.44
2026-09-02,SZSE,159145,工业软件ETF广发,6958.18
2026-09-02,SZSE,159146,电力ETF华宝,70544.08
2026-09-02,SZSE,159147,电池ETF南方,212190.95
2026-09-02,SZSE,159148,石油ETF富国,24246.66
2026-09-02,SZSE,159149,创业板新能源ETF工银,5451.52
2026-09-02,SZSE,159150,深证50ETF易方达,9799.76
2026-09-02,SZSE,159151,食品ETF华夏,18165.10
2026-09-02,SZSE,159152,港股通科技ETF平安,81755.60
2026-09-02,SZSE,159153,消费电子ETF鹏华,9572.59
2026-09-02,SZSE,159155,电池ETF大成,66551.32
2026-09-02,SZSE,159156,电池ETF万家,21946.12
2026-09-02,SZSE,159157,有色金属ETF天弘,801175.87
2026-09-02,SZSE,159158,电力ETF景顺,87703.53
2026-09-02,SZSE,159159,公用事业ETF国投瑞银,11731.85
2026-09-02,SZSE,159160,电池ETF东财,24581.92
2026-09-02,SZSE,159161,工程机械ETF东财,6833.12
2026-09-02,SZSE,159162,工业有色ETF鹏华,42093.98
2026-09-02,SZSE,159163,有色ETF泰康,26180.70
2026-09-02,SZSE,159165,养殖ETF永赢,10757.12
2026-09-02,SZSE,159166,现金流ETF长城,55581.60
2026-09-02,SZSE,159167,港股通医疗ETF工银,17154.91
2026-09-02,SZSE,159168,有色ETF富国,50545.50
2026-09-02,SZSE,159169,恒生生物科技ETF广发,13087.44
2026-09-02,SZSE,159170,港股通互联网ETF永赢,39263.83
2026-09-02,SZSE,159171,工业有色ETF博时,21653.29
2026-09-02,SZSE,159172,养殖ETF汇添富,38582.92
2026-09-02,SZSE,159173,农牧ETF南方,4945.53
2026-09-02,SZSE,159175,电池ETF易方达,49227.03
2026-09-02,SZSE,159176,家电ETF华宝,2130.33
2026-09-02,SZSE,159177,工程机械ETF鹏华,4561.92
2026-09-02,SZSE,159178,消费电子ETF汇添富,9743.29
2026-09-02,SZSE,159179,港股通互联网ETF工银,10290.35
2026-09-02,SZSE,159180,软件ETF银华,3315.59
2026-09-02,SZSE,159181,石油ETF易方达,13440.53
2026-09-02,SZSE,159182,家电ETF南方,3648.56
2026-09-02,SZSE,159183,新能源车ETF招商,4638.77
2026-09-02,SZSE,159185,港股通信息技术ETF鹏华,19409.90
2026-09-02,SZSE,159186,港股通汽车ETF鹏华,8886.92
2026-09-02,SZSE,159187,创业板新能源ETF景顺,6817.62
2026-09-02,SZSE,159188,红利100ETF景顺,6660.18
2026-09-02,SZSE,159189,石油ETF华夏,10708.31
2026-09-02,SZSE,159190,创业板新能源ETF天弘,7406.92
2026-09-02,SZSE,159191,港股通科技ETF易方达,6910.48
2026-09-02,SZSE,159192,家电ETF汇添富,1798.70
2026-09-02,SZSE,159193,新能源电池ETF银华,22908.03
2026-09-02,SZSE,159195,石油ETF华安,7349.01
2026-09-02,SZSE,159196,港股通信息技术ETF易方达,22153.03
2026-09-02,SZSE,159197,石油ETF招商,3938.82
2026-09-02,SZSE,159198,港股通信息技术ETF富国,8534.43
2026-09-02,SZSE,159199,石油ETF平安,6615.49
2026-09-02,SZSE,159200,科创债ETF富国,15210.26
2026-09-02,SZSE,159201,自由现金流ETF华夏,1384427.59
2026-09-02,SZSE,159202,恒生互联网ETF万家,121940.19
2026-09-02,SZSE,159203,大盘成长ETF博时,979.19
2026-09-02,SZSE,159205,创业板ETF东财,65505.60
2026-09-02,SZSE,159206,卫星ETF永赢,948595.33
2026-09-02,SZSE,159207,高股息ETF广发,225848.33
2026-09-02,SZSE,159208,航空航天ETF万家,32646.27
2026-09-02,SZSE,159209,红利质量ETF招商,221163.50
2026-09-02,SZSE,159210,港股通汽车ETF汇添富,4254.98
2026-09-02,SZSE,159211,深证100ETF富国,2368.32
2026-09-02,SZSE,159212,深100ETF南方,7520.43
2026-09-02,SZSE,159213,机器人ETF汇添富,47823.75
2026-09-02,SZSE,159215,A500ETF平安,96158.28
2026-09-02,SZSE,159216,深证100ETF大成,1554.82
2026-09-02,SZSE,159217,港股通创新药ETF工银,595115.75
2026-09-02,SZSE,159218,卫星ETF招商,203161.63
2026-09-02,SZSE,159219,深证100ETF融通,1038.80
2026-09-02,SZSE,159220,港股通红利低波ETF华宝,51156.95
2026-09-02,SZSE,159221,现金流ETF嘉实,112501.32
2026-09-02,SZSE,159222,自由现金流ETF易方达,174037.04
2026-09-02,SZSE,159223,现金流ETF永赢,17784.47
2026-09-02,SZSE,159225,现金流ETF银华,26774.48
2026-09-02,SZSE,159226,中证A500增强ETF国泰,8709.48
2026-09-02,SZSE,159227,航空航天ETF华夏,456491.11
2026-09-02,SZSE,159228,红利低波ETF长城,10421.26
2026-09-02,SZSE,159229,自由现金流ETF广发,14155.60
2026-09-02,SZSE,159230,通用航空ETF华夏,30130.42
2026-09-02,SZSE,159231,通用航空ETF华宝,33309.18
2026-09-02,SZSE,159232,自由现金流ETF南方,211094.85
2026-09-02,SZSE,159233,自由现金流ETF平安,62362.34
2026-09-02,SZSE,159235,中证现金流ETF大成,189372.95
2026-09-02,SZSE,159236,自由现金流ETF工银,3772.21
2026-09-02,SZSE,159237,港股汽车ETF工银,4233.42
2026-09-02,SZSE,159238,沪深300增强ETF景顺,5501.61
2026-09-02,SZSE,159239,港股通汽车ETF富国,9378.07
2026-09-02,SZSE,159240,A500增强ETF天弘,1761.97
2026-09-02,SZSE,159241,航空航天ETF天弘,132807.42
2026-09-02,SZSE,159242,创业板人工智能ETF大成,42627.85
2026-09-02,SZSE,159243,创业板人工智能ETF招商,13903.02
2026-09-02,SZSE,159245,港股通消费ETF富国,7011.32
2026-09-02,SZSE,159246,创业板人工智能ETF富国,323365.56
2026-09-02,SZSE,159247,创业板ETF汇添富,55598.49
2026-09-02,SZSE,159248,人工智能ETF万家,13309.56
2026-09-02,SZSE,159249,A500增强ETF工银,10819.19
2026-09-02,SZSE,159251,港股通科技ETF万家,24378.77
2026-09-02,SZSE,159253,银行ETF博时,51170.49
2026-09-02,SZSE,159255,通用航空ETF易方达,7033.88
2026-09-02,SZSE,159256,创业板软件ETF华夏,58818.37
2026-09-02,SZSE,159257,航空ETF汇添富,14841.69
2026-09-02,SZSE,159258,机器人ETF南方,133176.56
2026-09-02,SZSE,159259,成长ETF易方达,499569.64
2026-09-02,SZSE,159260,证券ETF博时,102121.35
2026-09-02,SZSE,159261,创业板新能源ETF鹏华,4981.49
2026-09-02,SZSE,159262,港股通科技ETF广发,551722.04
2026-09-02,SZSE,159263,价值ETF易方达,628010.51
2026-09-02,SZSE,159265,港股消费ETF鹏华,17795.08
2026-09-02,SZSE,159266,港股央企红利ETF永赢,34171.00
2026-09-02,SZSE,159267,航天ETF华安,261750.61
2026-09-02,SZSE,159268,港股通消费ETF汇添富,38905.50
2026-09-02,SZSE,159269,港股通科技ETF南方,161831.17
2026-09-02,SZSE,159270,创业板200ETF南方,9276.36
2026-09-02,SZSE,159271,恒生ETF鹏华,24338.67
2026-09-02,SZSE,159272,机器人ETF富国,369216.46
2026-09-02,SZSE,159273,云计算ETF汇添富,70977.75
2026-09-02,SZSE,159275,农牧渔ETF华宝,25530.29
2026-09-02,SZSE,159276,现金流ETF汇添富,55569.66
2026-09-02,SZSE,159277,港股通红利ETF富国,3555.70
2026-09-02,SZSE,159278,机器人ETF鹏华,203454.58
2026-09-02,SZSE,159279,创业板人工智能ETF华安,15538.75
2026-09-02,SZSE,159280,港股通互联网ETF汇添富,10071.71
2026-09-02,SZSE,159281,港股央企红利ETF天弘,24323.30
2026-09-02,SZSE,159283,通用航空ETF南方,29843.79
2026-09-02,SZSE,159285,港股通消费ETF华安,24848.66
2026-09-02,SZSE,159286,港股通创新药ETF鹏华,72278.54
2026-09-02,SZSE,159287,创业板综ETF博时,10956.87
2026-09-02,SZSE,159288,创业板综ETF银华,9217.49
2026-09-02,SZSE,159289,创业板综指ETF鹏华,3890.26
2026-09-02,SZSE,159290,创业板综指增强ETF东财,4510.03
2026-09-02,SZSE,159291,创业板综增强ETF招商,1745.73
2026-09-02,SZSE,159292,创业板综增强ETF华宝,17218.95
2026-09-02,SZSE,159293,创业板综增强ETF建信,2315.93
2026-09-02,SZSE,159295,创业综指ETF西部利得,8695.82
2026-09-02,SZSE,159296,A500红利低波ETF华宝,4404.29
2026-09-02,SZSE,159297,港股通创新药ETF南方,379341.86
2026-09-02,SZSE,159298,创业板50ETF大成,16228.10
2026-09-02,SZSE,159299,金融科技ETF易方达,66447.29
2026-09-02,SZSE,159300,沪深300ETF富国,37625.80
2026-09-02,SZSE,159301,公用事业ETF华夏,12195.83
2026-09-02,SZSE,159302,港股高股息ETF银华,4829.76
2026-09-02,SZSE,159303,恒生医疗ETF大成,7399.16
2026-09-02,SZSE,159305,储能电池ETF广发,119364.03
2026-09-02,SZSE,159306,汽车零部件ETF平安,2124.46
2026-09-02,SZSE,159307,红利低波100ETF博时,704490.35
2026-09-02,SZSE,159309,油气ETF汇添富,55137.17
2026-09-02,SZSE,159310,芯片ETF天弘,49798.10
2026-09-02,SZSE,159311,数字经济ETF易方达,3938.39
2026-09-02,SZSE,159312,恒指港股通ETF广发,3222.43
2026-09-02,SZSE,159315,黄金股ETF工银,18458.96
2026-09-02,SZSE,159316,港股通创新药ETF易方达,532633.61
2026-09-02,SZSE,159318,恒指港股通ETF银华,1360.16
2026-09-02,SZSE,159320,电网设备ETF广发,166423.55
2026-09-02,SZSE,159321,黄金股ETF华安,39590.03
2026-09-02,SZSE,159322,黄金股ETF平安,11541.16
2026-09-02,SZSE,159323,港股通汽车ETF华夏,9709.73
2026-09-02,SZSE,159325,半导体ETF南方,52646.05
2026-09-02,SZSE,159326,电网设备ETF华夏,1170526.55
2026-09-02,SZSE,159327,半导体设备ETF万家,290857.40
2026-09-02,SZSE,159328,家电ETF易方达,9155.67
2026-09-02,SZSE,159329,沙特ETF南方,115318.91
2026-09-02,SZSE,159330,沪深300ETF东财,42280.10
2026-09-02,SZSE,159331,红利港股ETF国泰,14569.41
2026-09-02,SZSE,159332,央企红利ETF富国,8602.14
2026-09-02,SZSE,159333,港股央企红利ETF万家,20095.28
2026-09-02,SZSE,159335,央企科创ETF融通,6248.36
2026-09-02,SZSE,159336,央企红利ETF融通,30490.50
2026-09-02,SZSE,159337,中证500ETF东财,27771.06
2026-09-02,SZSE,159338,中证A500ETF国泰,2108008.66
2026-09-02,SZSE,159339,A500ETF银华,181708.68
2026-09-02,SZSE,159350,深证50ETF富国,13300.96
2026-09-03,SSE,510010,治理ETF,13052.44
2026-09-03,SSE,510020,超大ETF,3584.8
2026-09-03,SSE,510030,价值ETF,14422.98
2026-09-03,SSE,510040,上证180E,2648
2026-09-03,SSE,510050,50ETF,656076.68
2026-09-03,SSE,510060,央企ETF,3495.92
2026-09-03,SSE,510090,ESG建信,2608.11
2026-09-03,SSE,510100,SZ50ETF,93380.68
2026-09-03,SSE,510130,中盘ETF,3148.51
2026-09-03,SSE,510140,上证指,8323.05
2026-09-03,SSE,510150,消费ETF,283717.86
2026-09-03,SSE,510160,产业升级,18405.74
2026-09-03,SSE,510170,商品ETF,33491.48
2026-09-03,SSE,510180,180ETF,441555.77
2026-09-03,SSE,510190,上证50基,2365.08
2026-09-03,SSE,510200,上证券商,14338.55
2026-09-03,SSE,510210,综指ETF,1415619.26
2026-09-03,SSE,510230,金融ETF,65880.8
2026-09-03,SSE,510270,国企ETF,1683.21
2026-09-03,SSE,510290,380ETF,5444.89
2026-09-03,SSE,510300,300ETF,2312058.77
2026-09-03,SSE,510310,HS300ETF,1129654.4
2026-09-03,SSE,510320,300中金,63406.85
2026-09-03,SSE,510330,华夏300,835584.98
2026-09-03,SSE,510350,工银300,67691.47
2026-09-03,SSE,510360,广发300,178138.12
2026-09-03,SSE,510370,兴业300,8725.81
2026-09-03,SSE,510380,国寿300,146180.24
2026-09-03,SSE,510390,平安300,13655
2026-09-03,SSE,510410,资源ETF,44125.84
2026-09-03,SSE,510500,500ETF,505936.86
2026-09-03,SSE,510510,广发500,84703.83
2026-09-03,SSE,510530,工银500,4747.94
2026-09-03,SSE,510550,方正500,2374.33
2026-09-03,SSE,510560,国寿500,5231.87
2026-09-03,SSE,510570,兴业500,4806.06
2026-09-03,SSE,510580,ZZ500ETF,112536.83
2026-09-03,SSE,510590,平安500,11638.61
2026-09-03,SSE,510600,沪50ETF,1301.51
2026-09-03,SSE,510630,消费30,55536.15
2026-09-03,SSE,510650,金融行业,1195.25
2026-09-03,SSE,510660,医药行业,5237.97
2026-09-03,SSE,510670,180指,17799.3
2026-09-03,SSE,510680,万家50,1932.47
2026-09-03,SSE,510710,上50ETF,10221.89
2026-09-03,SSE,510720,红利国泰,164576.6
2026-09-03,SSE,510760,上证ETF,299050.37
2026-09-03,SSE,510770,G60创新,2161.07
2026-09-03,SSE,510800,上证50,17457.6
2026-09-03,SSE,510810,上海国企,597059.37
2026-09-03,SSE,510850,工银上50,4609.89
2026-09-03,SSE,510880,红利ETF,559317.57
2026-09-03,SSE,510900,恒生中国,322102.19
2026-09-03,SSE,510910,上证指CS,15079.6
2026-09-03,SSE,510950,上证广发,10102.08
2026-09-03,SSE,510980,上证综合,61179.8
2026-09-03,SSE,510990,ESG180,4094.86
2026-09-03,SSE,511010,国债ETF,4991.63
2026-09-03,SSE,511020,活跃国债,3881.75
2026-09-03,SSE,511030,公司债,40274.07
2026-09-03,SSE,511060,5年地债,2144.63
2026-09-03,SSE,511070,沪公司债,29513.1
2026-09-03,SSE,511090,30年国债,28981.81
2026-09-03,SSE,511100,基准国债,10762.05
2026-09-03,SSE,511110,公司债易,33069.96
2026-09-03,SSE,511120,科创债基,11771.06
2026-09-03,SSE,511130,国债30年,19583.97
2026-09-03,SSE,511150,科债永赢,11153.09
2026-09-03,SSE,511160,国债东财,2186.09
2026-09-03,SSE,511180,上证转债,102555.97
2026-09-03,SSE,511190,信用债,15131.43
2026-09-03,SSE,511200,信用债基,24679.75
2026-09-03,SSE,511220,城投ETF,531188.14
2026-09-03,SSE,511260,十年国债,16938.65
2026-09-03,SSE,511270,10年地债,8993.75
2026-09-03,SSE,511360,短融ETF,73578.06
2026-09-03,SSE,511380,转债ETF,465798.67
2026-09-03,SSE,511520,政金债,38816.65
2026-09-03,SSE,511580,国债政金,7096.68
2026-09-03,SSE,512000,券商ETF,7196703.54
2026-09-03,SSE,512010,医药ETF,4007169.49
2026-09-03,SSE,512020,A500,110901.27
2026-09-03,SSE,512030,A50增,4324
2026-09-03,SSE,512040,国信价值,449671.59
2026-09-03,SSE,512050,A500E,1615699.22
2026-09-03,SSE,512060,A100指基,1092.8
2026-09-03,SSE,512070,证券保险,1635147.97
2026-09-03,SSE,512080,A500中金,77618.61
2026-09-03,SSE,512090,MSCI易基,33759.23
2026-09-03,SSE,512100,1000ETF,611121.76
2026-09-03,SSE,512120,医药50,77624.19
2026-09-03,SSE,512130,现金全指,1489.5
2026-09-03,SSE,512140,电力事业,14104.9
2026-09-03,SSE,512150,A50ETF,1807.34
2026-09-03,SSE,512160,MSCI基金,12177.78
2026-09-03,SSE,512170,医疗ETF,7164982.05
2026-09-03,SSE,512180,建信MSCI,4804.8
2026-09-03,SSE,512190,之江凤凰,20151.84
2026-09-03,SSE,512200,地产ETF,303359.79
2026-09-03,SSE,512220,TMTETF,21446.76
2026-09-03,SSE,512240,A50龙头,2168.6
2026-09-03,SSE,512250,A50指数E,11960.01
2026-09-03,SSE,512260,500低波,1969.77
2026-09-03,SSE,512290,生物医药,315982.07
2026-09-03,SSE,512330,信息ETF,35518.8
2026-09-03,SSE,512360,MSCI国际,2733.77
2026-09-03,SSE,512370,A500增指,29631.3
2026-09-03,SSE,512380,MSCI中国,7580.56
2026-09-03,SSE,512390,MSCI低波,1268.2
2026-09-03,SSE,512400,有色ETF,1405653.9
2026-09-03,SSE,512410,银行广发,4227.17
2026-09-03,SSE,512420,机械华安,7523.89
2026-09-03,SSE,512430,家电家居,2872
2026-09-03,SSE,512450,广发养殖,10386.7
2026-09-03,SSE,512460,电池主题,30382.3
2026-09-03,SSE,512480,半导体,1978200.72
2026-09-03,SSE,512500,中证500,173200.88
2026-09-03,SSE,512510,ETF500,43042.98
2026-09-03,SSE,512520,MSCIETF,4505.64
2026-09-03,SSE,512530,300红利,9550.2
2026-09-03,SSE,512550,A50基金,10890.6
2026-09-03,SSE,512560,中证军工,95412.7
2026-09-03,SSE,512570,中证证券,400380.61
2026-09-03,SSE,512580,环保ETF,57147.17
2026-09-03,SSE,512600,必选消费,167525.61
2026-09-03,SSE,512620,农业TH,141466.6
2026-09-03,SSE,512630,卫星基金,163642.6
2026-09-03,SSE,512640,金融地产,2024.09
2026-09-03,SSE,512650,长三角,3094.16
2026-09-03,SSE,512660,军工ETF,650108
2026-09-03,SSE,512670,国防ETF,220265.26
2026-09-03,SSE,512680,军工基金,309213.01
2026-09-03,SSE,512690,酒ETF,3168115.02
2026-09-03,SSE,512700,银行基金,69608.1
2026-09-03,SSE,512710,军工龙头,1157065.84
2026-09-03,SSE,512720,计算机,35945.34
2026-09-03,SSE,512730,银行FUND,5158.39
2026-09-03,SSE,512750,基本面50,4655.49
2026-09-03,SSE,512760,芯片ETF,969144.55
2026-09-03,SSE,512770,战略新兴,9826.78
2026-09-03,SSE,512800,银行ETF,1173867.99
2026-09-03,SSE,512810,国防军工,97958.35
2026-09-03,SSE,512820,银行股基,37030.19
2026-09-03,SSE,512870,杭州湾区,2241.06
2026-09-03,SSE,512880,证券ETF,5616229.15
2026-09-03,SSE,512890,红利低波,2644911.08
2026-09-03,SSE,512900,证券基金,745490.6
2026-09-03,SSE,512910,100ETF,13112.88
2026-09-03,SSE,512930,AIETF,485252.13
2026-09-03,SSE,512940,有色矿业,214370.5
2026-09-03,SSE,512950,央企改革,404455.1
2026-09-03,SSE,512960,央调ETF,385485.73
2026-09-03,SSE,512970,湾区ETF,498.76
2026-09-03,SSE,512980,传媒ETF,506392.44
2026-09-03,SSE,512990,MSCIA股,9901.54
2026-09-03,SSE,513000,225ETF,100391.14
2026-09-03,SSE,513010,港股科技,4423830.7
2026-09-03,SSE,513020,科技HK,228814.54
2026-09-03,SSE,513030,德国ETF,101977.9
2026-09-03,SSE,513040,HK互联网,679434.13
2026-09-03,SSE,513050,中概互联,3458743.27
2026-09-03,SSE,513060,恒生医疗,858539.33
2026-09-03,SSE,513070,HK消费50,133676.08
2026-09-03,SSE,513080,法国ETF,66291.6
2026-09-03,SSE,513090,香港证券,976898.8
2026-09-03,SSE,513100,纳指ETF,946511.06
2026-09-03,SSE,513110,纳指100,220443.5
2026-09-03,SSE,513120,HK创新药,1876163.54
2026-09-03,SSE,513130,恒生科技,5778234.7
2026-09-03,SSE,513140,港股金融,7836.8
2026-09-03,SSE,513150,港科技50,10055.98
2026-09-03,SSE,513160,科技30,318918.93
2026-09-03,SSE,513170,恒生央企,16257.3
2026-09-03,SSE,513180,恒指科技,6954675.95
2026-09-03,SSE,513190,H股金融,99693.6
2026-09-03,SSE,513200,港股医药,89028.21
2026-09-03,SSE,513210,恒生E,4094.2
2026-09-03,SSE,513220,互联网30,52110.94
2026-09-03,SSE,513230,H股消费,32942.27
2026-09-03,SSE,513240,港信息,10749.6
2026-09-03,SSE,513260,恒科技,474624.3
2026-09-03,SSE,513280,恒生生物,36511.45
2026-09-03,SSE,513290,纳指生物,105657.21
2026-09-03,SSE,513300,纳斯达克,534442.1
2026-09-03,SSE,513310,中韩芯片,243942.7
2026-09-03,SSE,513320,HK新经济,9101.06
2026-09-03,SSE,513330,恒生互联,7043948
2026-09-03,SSE,513350,油气ETF,84674.6
2026-09-03,SSE,513360,教育ETF,61771.39
2026-09-03,SSE,513380,科技恒生,1778378.49
2026-09-03,SSE,513390,纳指基金,214737.91
2026-09-03,SSE,513400,道琼斯,280206.2
2026-09-03,SSE,513500,标普500,1026463.86
2026-09-03,SSE,513520,日经ETF,107838.72
2026-09-03,SSE,513530,港股红利,292243.87
2026-09-03,SSE,513550,港股通50,167899.2
2026-09-03,SSE,513560,香港科技,53138.6
2026-09-03,SSE,513580,HS科技,606011.8
2026-09-03,SSE,513590,香港消费,13051.89
2026-09-03,SSE,513600,恒指ETF,60882.95
2026-09-03,SSE,513620,港医疗指,5521.6
2026-09-03,SSE,513630,香港红利,752035.9
2026-09-03,SSE,513650,标普ETF,436973.4
2026-09-03,SSE,513660,恒生通,180200.02
2026-09-03,SSE,513690,恒生股息,314997.99
2026-09-03,SSE,513700,香港医药,79484.6
2026-09-03,SSE,513720,香港互联,24885.9
2026-09-03,SSE,513730,东南亚,77735.5
2026-09-03,SSE,513750,港股非银,803933.8
2026-09-03,SSE,513770,港股互联,1442213.79
2026-09-03,SSE,513780,港股新药,188765.7
2026-09-03,SSE,513800,东证ETF,103704.44
2026-09-03,SSE,513810,港股国企,4199.2
2026-09-03,SSE,513820,港股分红,173766.9
2026-09-03,SSE,513830,红利港股,5281.1
2026-09-03,SSE,513850,美国50,124689.26
2026-09-03,SSE,513860,HKC科技,266047.06
2026-09-03,SSE,513870,纳指指数,137967.1
2026-09-03,SSE,513880,日经225,131597
2026-09-03,SSE,513890,HK科技,89312.8
2026-09-03,SSE,513900,港股100,8997.8
2026-09-03,SSE,513910,红利央企,195327.6
2026-09-03,SSE,513920,央企40,260523.1
2026-09-03,SSE,513930,香港生科,10290.8
2026-09-03,SSE,513950,恒生红利,239561.9
2026-09-03,SSE,513970,恒生消费,140604.1
2026-09-03,SSE,513980,科技港股,1666020.4
2026-09-03,SSE,513990,港股通综,4300
2026-09-03,SSE,515000,科技ETF,325257.93
2026-09-03,SSE,515010,华夏证券,207527.16
2026-09-03,SSE,515020,银行指数,37284.53
2026-09-03,SSE,515030,新汽车,149738.4
2026-09-03,SSE,515040,工业金属,5231.96
2026-09-03,SSE,515050,5GETF,1745720.54
2026-09-03,SSE,515060,华夏地产,100447.81
2026-09-03,SSE,515070,AI智能,752094.04
2026-09-03,SSE,515080,中证红利,676214.89
2026-09-03,SSE,515090,可持续,1080.17
2026-09-03,SSE,515100,红利100,362794.15
2026-09-03,SSE,515110,国企方达,21429.5
2026-09-03,SSE,515120,创新药,1759599.36
2026-09-03,SSE,515130,HS300E,9446.32
2026-09-03,SSE,515150,国企富国,39870.32
2026-09-03,SSE,515160,MSCI招商,24395.51
2026-09-03,SSE,515170,食品饮料,862675.79
2026-09-03,SSE,515180,100红利,1265263.7
2026-09-03,SSE,515190,BOCI500,29346.61
2026-09-03,SSE,515200,创新100,3794.32
2026-09-03,SSE,515210,钢铁ETF,98622.61
2026-09-03,SSE,515220,煤炭ETF,897017.69
2026-09-03,SSE,515230,软件ETF,794469.09
2026-09-03,SSE,515250,智能汽车,34294.45
2026-09-03,SSE,515260,电子ETF,89056.84
2026-09-03,SSE,515290,银行,250457.29
2026-09-03,SSE,515300,红利300,320467.52
2026-09-03,SSE,515310,添富300,31811.12
2026-09-03,SSE,515320,电子50,8930.9
2026-09-03,SSE,515330,天弘300,617370.95
2026-09-03,SSE,515350,民生300,1169.92
2026-09-03,SSE,515360,方正300,3727.93
2026-09-03,SSE,515370,中证光伏,96571.3
2026-09-03,SSE,515380,泰康300,66159.98
2026-09-03,SSE,515390,HS300,188668.3
2026-09-03,SSE,515400,大数据,164363.14
2026-09-03,SSE,515450,红利50,1406383.5
2026-09-03,SSE,515460,质量红利,27509.1
2026-09-03,SSE,515480,红利一百,2534.07
2026-09-03,SSE,515530,泰康500,1224.27
2026-09-03,SSE,515550,国联500,2034.57
2026-09-03,SSE,515560,证券E,19288.33
2026-09-03,SSE,515580,中证科技,30203.14
2026-09-03,SSE,515590,500ETFEW,3611.37
2026-09-03,SSE,515600,央企创新,103779.74
2026-09-03,SSE,515630,保险证券,92521.77
2026-09-03,SSE,515640,家电指数,1705
2026-09-03,SSE,515650,消费50,302118.4
2026-09-03,SSE,515660,沪深300E,43359.42
2026-09-03,SSE,515680,创新央企,109926.47
2026-09-03,SSE,515700,新能车,65851.02
2026-09-03,SSE,515710,食品ETF,232459.98
2026-09-03,SSE,515720,金科富国,44061.1
2026-09-03,SSE,515730,家居家电,3989.2
2026-09-03,SSE,515750,科技50,26314.05
2026-09-03,SSE,515760,浙江国资,9438.81
2026-09-03,SSE,515770,MSCIAETF,3972.73
2026-09-03,SSE,515790,光伏ETF,598349.4
2026-09-03,SSE,515800,800ETF,390793.72
2026-09-03,SSE,515810,ZZ800ETF,26390.88
2026-09-03,SSE,515840,食品南方,3342.64
2026-09-03,SSE,515850,证券龙头,48129.1
2026-09-03,SSE,515860,科技100,10187.89
2026-09-03,SSE,515880,通信ETF,6254777.4
2026-09-03,SSE,515890,红利博时,37744.39
2026-09-03,SSE,515900,央创ETF,222604.65
2026-09-03,SSE,515910,质量ETF,22450.7
2026-09-03,SSE,515920,智能消费,6440.57
2026-09-03,SSE,515950,医药龙头,53320.06
2026-09-03,SSE,515960,医药100,23999.19
2026-09-03,SSE,515970,华夏机械,53108.8
2026-09-03,SSE,515980,人工智能,631112.9
2026-09-03,SSE,515990,添富国企,5335.02
2026-09-03,SSE,516000,数据ETF,45185.5
2026-09-03,SSE,516010,游戏ETF,246769.3
2026-09-03,SSE,516020,化工ETF,349132.62
2026-09-03,SSE,516050,科技龙头,16122.8
2026-09-03,SSE,516060,新药ETF,30023.74
2026-09-03,SSE,516070,碳中和50,29164.6
2026-09-03,SSE,516080,创新医药,529555.48
2026-09-03,SSE,516090,新能源E,167084.48
2026-09-03,SSE,516100,科技金融,113175.97
2026-09-03,SSE,516110,汽车ETF,21562.31
2026-09-03,SSE,516120,化工50,503208.2
2026-09-03,SSE,516130,消费龙头,157989
2026-09-03,SSE,516150,稀土基金,381007.7
2026-09-03,SSE,516160,新能源,151014.2
2026-09-03,SSE,516180,光伏产业,15098.7
2026-09-03,SSE,516190,文娱ETF,11781.85
2026-09-03,SSE,516200,证券行业,44460.4
2026-09-03,SSE,516210,银行股,7543.1
2026-09-03,SSE,516220,化工龙头,25717
2026-09-03,SSE,516230,光伏招商,74892.1
2026-09-03,SSE,516250,富国机械,6387.8
2026-09-03,SSE,516260,物联网50,4388.26
2026-09-03,SSE,516270,新能源50,30440.9
2026-09-03,SSE,516290,光伏基金,74319.69
2026-09-03,SSE,516300,中证1000,3901.26
2026-09-03,SSE,516310,银行指基,156355.85
2026-09-03,SSE,516320,装备ETF,8858.93
2026-09-03,SSE,516330,物联网,847.13
2026-09-03,SSE,516350,芯片50,142641.53
2026-09-03,SSE,516360,新材料,5755.18
2026-09-03,SSE,516370,全指电力,29140.8
2026-09-03,SSE,516380,智能电车,8444.93
2026-09-03,SSE,516390,电动车,18276.1
2026-09-03,SSE,516440,南方机械,13612.66
2026-09-03,SSE,516460,现金流E,42069.3
2026-09-03,SSE,516500,生物ETF,20493.72
2026-09-03,SSE,516510,云计算,149189
2026-09-03,SSE,516520,智能驾驶,78976.55
2026-09-03,SSE,516530,物流快递,1680.23
2026-09-03,SSE,516550,农业ETF,26041.44
2026-09-03,SSE,516560,养老ETF,21125.8
2026-09-03,SSE,516570,石化ETF,112535.76
2026-09-03,SSE,516580,新能源BS,14812.41
2026-09-03,SSE,516590,电动汽车,5201.5
2026-09-03,SSE,516600,消服ETF,11033.21
2026-09-03,SSE,516610,医服ETF,23197.48
2026-09-03,SSE,516620,影视ETF,30476.75
2026-09-03,SSE,516630,云计算50,47315.6
2026-09-03,SSE,516640,芯片龙头,132448.28
2026-09-03,SSE,516650,有色50,524346.48
2026-09-03,SSE,516660,新能汽车,15568.9
2026-09-03,SSE,516670,畜牧养殖,335226.63
2026-09-03,SSE,516700,数据产业,17062.2
2026-09-03,SSE,516710,新材料50,7427.2
2026-09-03,SSE,516720,ESGETF,933.78
2026-09-03,SSE,516730,证券公司,22738.08
2026-09-03,SSE,516750,建材ETF,13916.73
2026-09-03,SSE,516760,养殖ETF,29721.51
2026-09-03,SSE,516770,游戏动漫,26804.8
2026-09-03,SSE,516780,稀土ETF,239259.97
2026-09-03,SSE,516790,保健ETF,18268.22
2026-09-03,SSE,516800,智能制造,18230.8
2026-09-03,SSE,516810,农业,52547.89
2026-09-03,SSE,516820,医疗创新,459841.52
2026-09-03,SSE,516830,300ESG,8967.69
2026-09-03,SSE,516840,汽车基金,13527.7
2026-09-03,SSE,516850,新能源80,14223.7
2026-09-03,SSE,516860,金融科技,115652.2
2026-09-03,SSE,516880,光伏50,91794.41
2026-09-03,SSE,516890,新材ETF,3331.14
2026-09-03,SSE,516900,食品50,28022.9
2026-09-03,SSE,516910,物流ETF,5864.18
2026-09-03,SSE,516920,芯片基金,48696.3
2026-09-03,SSE,516930,生科ETF,10613.96
2026-09-03,SSE,516950,基建ETF,10782.1
2026-09-03,SSE,516960,机械ETF,1605.11
2026-09-03,SSE,516970,基建50,117254.25
2026-09-03,SSE,516980,证券先锋,5501.6
2026-09-03,SSE,517000,沪港深,12279.3
2026-09-03,SSE,517010,HGS500E,7814.42
2026-09-03,SSE,517030,HGS300,8404.03
2026-09-03,SSE,517050,互联网50,34760.5
2026-09-03,SSE,517080,HGS500,17316.6
2026-09-03,SSE,517090,共赢ETF,5307.5
2026-09-03,SSE,517100,AH500ETF,14360.21
2026-09-03,SSE,517110,创新药HK,134109.85
2026-09-03,SSE,517120,创新药50,57296.64
2026-09-03,SSE,517130,云计算JS,18865.4
2026-09-03,SSE,517160,长江ETF,182677.75
2026-09-03,SSE,517170,沪港深E,1613.18
2026-09-03,SSE,517180,中国国企,8949.63
2026-09-03,SSE,517200,互联网,14478.2
2026-09-03,SSE,517230,云计算MW,16054.58
2026-09-03,SSE,517300,AH300ETF,100243.45
2026-09-03,SSE,517330,长江保护,180916.9
2026-09-03,SSE,517350,龙头科技,4904.2
2026-09-03,SSE,517360,AH科技,2508.3
2026-09-03,SSE,517380,创新药AH,300832.63
2026-09-03,SSE,517390,云计算AH,13011.26
2026-09-03,SSE,517400,黄金股票,103179.2
2026-09-03,SSE,517520,黄金股,631790.4
2026-09-03,SSE,517550,消费主题,8041.74
2026-09-03,SSE,517660,物联网AH,3988.07
2026-09-03,SSE,517770,游戏传媒,19594.78
2026-09-03,SSE,517800,AI50,21353.97
2026-09-03,SSE,517850,张江ETF,3818.52
2026-09-03,SSE,517880,品牌消费,4933.71
2026-09-03,SSE,517900,银行优选,37799.35
2026-09-03,SSE,517950,交银科技,4862.32
2026-09-03,SSE,517990,医药基金,4698.79
2026-09-03,SSE,518600,上海金,83341.63
2026-09-03,SSE,518660,工银黄金,96375.27
2026-09-03,SSE,518680,金ETF,78626.95
2026-09-03,SSE,518800,黄金基金,378587.92
2026-09-03,SSE,518850,黄金9999,192067.87
2026-09-03,SSE,518860,上海金E,46545.98
2026-09-03,SSE,518880,黄金ETF,1171194.08
2026-09-03,SSE,518890,中银黄金,37375.48
2026-09-03,SSE,520500,恒生新药,189930.5
2026-09-03,SSE,520510,港股医疗,24172.8
2026-09-03,SSE,520520,HK消费,5260.6
2026-09-03,SSE,520530,港科ETF,23577.6
2026-09-03,SSE,520550,红利恒生,115252.4
2026-09-03,SSE,520560,香港30,60741.9
2026-09-03,SSE,520570,科技恒指,350887.6
2026-09-03,SSE,520580,新兴亚洲,29098.39
2026-09-03,SSE,520590,恒科,19623.5
2026-09-03,SSE,520600,汽车港股,26636.8
2026-09-03,SSE,520610,港红利指,42696.3
2026-09-03,SSE,520620,港股消费,28540.9
2026-09-03,SSE,520630,互联港股,59461
2026-09-03,SSE,520650,互联网HK,248325.5
2026-09-03,SSE,520660,港红利CS,198748.55
2026-09-03,SSE,520670,港科基金,21392.81
2026-09-03,SSE,520680,港股通车,7036.9
2026-09-03,SSE,520690,恒生港药,63145.4
2026-09-03,SSE,520700,创新药WJ,46007.6
2026-09-03,SSE,520710,信息港股,9702.9
2026-09-03,SSE,520720,香港汽车,12294.2
2026-09-03,SSE,520730,汽车WJ,11839.44
2026-09-03,SSE,520740,互联香港,4601.26
2026-09-03,SSE,520750,HK信息,13438.4
2026-09-03,SSE,520760,港股生物,12846.6
2026-09-03,SSE,520770,港股恒指,21337.38
2026-09-03,SSE,520780,港股车50,3946
2026-09-03,SSE,520790,港互联网,58207.5
2026-09-03,SSE,520810,港高股息,31836
2026-09-03,SSE,520820,恒指通,5868.2
2026-09-03,SSE,520830,沙特ETF,105761.9
2026-09-03,SSE,520840,港科技,112704.9
2026-09-03,SSE,520850,港医疗,14024.96
2026-09-03,SSE,520860,港股通科,34219.5
2026-09-03,SSE,520870,巴西ETF,51247.72
2026-09-03,SSE,520880,港创新药,439561.8
2026-09-03,SSE,520890,港红利,8050.8
2026-09-03,SSE,520900,红利香港,153117.5
2026-09-03,SSE,520910,HK互联,75544.5
2026-09-03,SSE,520920,恒生科TH,1891001.9
2026-09-03,SSE,520930,恒生生科,16073.3
2026-09-03,SSE,520940,恒指基金,2229.7
2026-09-03,SSE,520950,港股50,32542.1
2026-09-03,SSE,520960,恒指港通,5060.34
2026-09-03,SSE,520970,港股通药,125235.8
2026-09-03,SSE,520980,港科技30,316638.7
2026-09-03,SSE,520990,国新红利,340947.05
2026-09-03,SSE,526000,港股信息,17614.2
2026-09-03,SSE,526010,香港医疗,3645.8
2026-09-03,SSE,526030,港信息基,15346.5
2026-09-03,SSE,526050,香港信息,5363
2026-09-03,SSE,526070,恒生博时,5237.7
2026-09-03,SSE,530000,50ETF基,93802.94
2026-09-03,SSE,530050,SH50ETF,12581.3
2026-09-03,SSE,530060,上证综E,87319.3
2026-09-03,SSE,530080,180指基,2491.7
2026-09-03,SSE,530100,上证580,12069.6
2026-09-03,SSE,530180,上证180,5795.2
2026-09-03,SSE,530280,180ETF指,2993.4
2026-09-03,SSE,530300,180指数,3364.3
2026-09-03,SSE,530380,上证380,13470.5
2026-09-03,SSE,530530,580ETF,13446
2026-09-03,SSE,530580,180基金,5314.9
2026-09-03,SSE,530680,180E,10689.19
2026-09-03,SSE,530800,上180ETF,1820.18
2026-09-03,SSE,530880,上证红利,3933.6
2026-09-03,SSE,551000,科创债,7790.41
2026-09-03,SSE,551030,科创债券,18334
2026-09-03,SSE,551060,科创债沪,5735.1
2026-09-03,SSE,551300,科创债摩,5099.75
2026-09-03,SSE,551500,科创债易,12947
2026-09-03,SSE,551510,科债AAA,14221.61
2026-09-03,SSE,551520,科创债汇,21521.16
2026-09-03,SSE,551550,科创AAA,17938.82
2026-09-03,SSE,551560,科创债兴,17172.88
2026-09-03,SSE,551580,科创债TK,10702.68
2026-09-03,SSE,551800,国泰科债,11608.14
2026-09-03,SSE,551900,科创债指,13893.17
2026-09-03,SSE,560010,1000基金,184662.17
2026-09-03,SSE,560020,红利添富,13156.2
2026-09-03,SSE,560030,800价值,2343.2
2026-09-03,SSE,560050,MSCIA50,216743.44
2026-09-03,SSE,560060,碳中和基,7609
2026-09-03,SSE,560070,央企分红,8236.23
2026-09-03,SSE,560080,中药ETF,228176.5
2026-09-03,SSE,560090,证券指数,228736.5
2026-09-03,SSE,560100,增强ETF,5358.03
2026-09-03,SSE,560110,ZZ1000,34690.35
2026-09-03,SSE,560120,500现金,57868.9
2026-09-03,SSE,560130,食品基金,6977.62
2026-09-03,SSE,560150,红利TK,67827.93
2026-09-03,SSE,560160,食品E,11070.6
2026-09-03,SSE,560170,央企科技,38249.55
2026-09-03,SSE,560180,ESG300,1560.3
2026-09-03,SSE,560190,公用事业,2683.4
2026-09-03,SSE,560210,景顺农牧,51452.2
2026-09-03,SSE,560220,2000基金,6071.7
2026-09-03,SSE,560230,光伏富国,8588.9
2026-09-03,SSE,560250,红利质量,13933.3
2026-09-03,SSE,560260,医疗50,171566.47
2026-09-03,SSE,560270,电力指数,16443.9
2026-09-03,SSE,560280,工程机械,147825.2
2026-09-03,SSE,560290,景顺有色,37069.4
2026-09-03,SSE,560300,电信50,2780.34
2026-09-03,SSE,560310,光伏博时,18812.2
2026-09-03,SSE,560320,食品富国,11833.2
2026-09-03,SSE,560330,300价值E,1713
2026-09-03,SSE,560350,A50指数,84153.21
2026-09-03,SSE,560360,软件指数,22434.5
2026-09-03,SSE,560370,全指红利,21458.4
2026-09-03,SSE,560380,A100,14086.1
2026-09-03,SSE,560390,电网E,203425.8
2026-09-03,SSE,560400,证券华泰,17049.3
2026-09-03,SSE,560410,电池鹏华,5878.61
2026-09-03,SSE,560420,食品Q,13078.02
2026-09-03,SSE,560450,电力TH,24456.9
2026-09-03,SSE,560460,电力平安,28103.7
2026-09-03,SSE,560470,有色E,30334
2026-09-03,SSE,560480,中证电力,13730.3
2026-09-03,SSE,560490,华泰有色,10648.2
2026-09-03,SSE,560500,500质量,29433.9
2026-09-03,SSE,560510,中证A500,253102.69
2026-09-03,SSE,560520,红利大成,5075.1
2026-09-03,SSE,560530,A500ETF,400662.37
2026-09-03,SSE,560550,碳中和,12359.74
2026-09-03,SSE,560560,碳中和TK,7019.01
2026-09-03,SSE,560570,A500低波,115454.12
2026-09-03,SSE,560580,电力指基,43500.3
2026-09-03,SSE,560590,1000鹏华,2271
2026-09-03,SSE,560610,A500指数,524298.84
2026-09-03,SSE,560620,公用WJ,2636.7
2026-09-03,SSE,560630,机器人WJ,15239.4
2026-09-03,SSE,560660,云50ETF,12893.8
2026-09-03,SSE,560670,中证银行,4147.4
2026-09-03,SSE,560680,龙头消费,33822.56
2026-09-03,SSE,560690,电信主题,1963.9
2026-09-03,SSE,560700,央红利50,44803.69
2026-09-03,SSE,560710,船舶ETF,173658
2026-09-03,SSE,560720,工银红利,9654.8
2026-09-03,SSE,560730,红利GTHT,7883.63
2026-09-03,SSE,560750,A500申万,7855.48
2026-09-03,SSE,560770,机器人ZS,165163.3
2026-09-03,SSE,560780,半导设备,1299448.8
2026-09-03,SSE,560790,软件服务,22545.59
2026-09-03,SSE,560800,数字ETF,29395.11
2026-09-03,SSE,560810,央企ESG,18111.6
2026-09-03,SSE,560820,A50新华,4092.6
2026-09-03,SSE,560830,电指数,69001.9
2026-09-03,SSE,560850,信创50,6816.4
2026-09-03,SSE,560860,工业有色,535023.3
2026-09-03,SSE,560870,中银有色,9135.19
2026-09-03,SSE,560880,家电基金,19373.2
2026-09-03,SSE,560900,创新药企,21496.91
2026-09-03,SSE,560910,中证电池,19772.1
2026-09-03,SSE,560920,招商机械,4437.33
2026-09-03,SSE,560930,电力E,20502.4
2026-09-03,SSE,560950,500增,1548.3
2026-09-03,SSE,560970,有色金属,6713.8
2026-09-03,SSE,560980,光伏龙头,34352.2
2026-09-03,SSE,560990,科技先锋,1518.71
2026-09-03,SSE,561000,300指增,4992
2026-09-03,SSE,561010,软件开发,29035.6
2026-09-03,SSE,561020,食品招商,3002.22
2026-09-03,SSE,561030,机械华泰,18655
2026-09-03,SSE,561050,稀金属E,23025
2026-09-03,SSE,561060,红利国企,4706.5
2026-09-03,SSE,561080,现金自由,2425
2026-09-03,SSE,561090,A500增,20997.4
2026-09-03,SSE,561100,电子龙头,60474.69
2026-09-03,SSE,561120,家电ETF,2815.99
2026-09-03,SSE,561130,国货ETF,8593.52
2026-09-03,SSE,561160,锂电池,229883.5
2026-09-03,SSE,561170,绿电50,53403.27
2026-09-03,SSE,561180,A100ETF,4960.96
2026-09-03,SSE,561190,双碳ETF,19331.8
2026-09-03,SSE,561200,A100基金,3347.05
2026-09-03,SSE,561220,国企数字,4755.3
2026-09-03,SSE,561230,A50,45247.78
2026-09-03,SSE,561250,稀金属PH,7175.22
2026-09-03,SSE,561260,能源ETF,2309.52
2026-09-03,SSE,561280,增强1000,8484.77
2026-09-03,SSE,561300,300增ETF,51196.5
2026-09-03,SSE,561310,消电ETF,10483.31
2026-09-03,SSE,561320,交运ETF,3436.9
2026-09-03,SSE,561330,矿业ETF,182239.21
2026-09-03,SSE,561350,国泰500,8870
2026-09-03,SSE,561360,石油ETF,134214.8
2026-09-03,SSE,561370,2000ETF,3235.6
2026-09-03,SSE,561380,电网ETF,628853.4
2026-09-03,SSE,561390,稀金属PA,8912.81
2026-09-03,SSE,561400,鑫元养殖,4051.9
2026-09-03,SSE,561410,光伏工银,20461.33
2026-09-03,SSE,561420,300现金,101023.7
2026-09-03,SSE,561430,全指质量,3572.32
2026-09-03,SSE,561450,华泰红利,8162.43
2026-09-03,SSE,561460,AITH,129852
2026-09-03,SSE,561470,畜牧TH,4293.6
2026-09-03,SSE,561490,红利财通,8863.13
2026-09-03,SSE,561500,漂亮50,5460.03
2026-09-03,SSE,561510,中医药,6520.6
2026-09-03,SSE,561530,N银行,17253.4
2026-09-03,SSE,561550,500指增,133498.96
2026-09-03,SSE,561560,电力ETF,192912.42
2026-09-03,SSE,561570,油气基金,7314.7
2026-09-03,SSE,561580,央企红利,189687.07
2026-09-03,SSE,561590,1000增强,10149.96
2026-09-03,SSE,561600,消费电子,29654.8
2026-09-03,SSE,561620,华泰化工,3472.7
2026-09-03,SSE,561630,华泰质量,4289.8
2026-09-03,SSE,561660,通航基金,6971
2026-09-03,SSE,561680,A500红低,5816.9
2026-09-03,SSE,561700,电力基金,35031.36
2026-09-03,SSE,561730,中证A股,10274.81
2026-09-03,SSE,561750,A50博时,6149.6
2026-09-03,SSE,561760,油气博时,15619.5
2026-09-03,SSE,561770,指基A100,3555
2026-09-03,SSE,561780,1000指增,1935.58
2026-09-03,SSE,561790,现代能源,5603.4
2026-09-03,SSE,561800,稀金属,20457.72
2026-09-03,SSE,561810,华泰医疗,6663.84
2026-09-03,SSE,561830,有色GTHT,22257.11
2026-09-03,SSE,561870,现金流指,8976.5
2026-09-03,SSE,561880,A100指数,8638.9
2026-09-03,SSE,561890,A股E,4111.26
2026-09-03,SSE,561900,沪深ESG,2633.44
2026-09-03,SSE,561910,电池ETF,479007.66
2026-09-03,SSE,561920,疫苗龙头,6269.2
2026-09-03,SSE,561930,招商300,18726.06
2026-09-03,SSE,561950,500增强A,7215.6
2026-09-03,SSE,561960,央企回报,5678.52
2026-09-03,SSE,561980,芯片设备,861555
2026-09-03,SSE,561990,300增强,34064.92
2026-09-03,SSE,562000,中证A100,59673.79
2026-09-03,SSE,562010,绿色能源,1829.87
2026-09-03,SSE,562030,信创基金,13697.39
2026-09-03,SSE,562050,药ETF,9946.8
2026-09-03,SSE,562060,标普红利,512779.26
2026-09-03,SSE,562070,300ETF增,54954.2
2026-09-03,SSE,562080,自由现金,59475.72
2026-09-03,SSE,562180,红低A500,12515
2026-09-03,SSE,562300,低碳ETF,5549.5
2026-09-03,SSE,562310,300成长,42257.23
2026-09-03,SSE,562320,300价值A,5529.55
2026-09-03,SSE,562330,500价值,1201.89
2026-09-03,SSE,562340,500成长,914.43
2026-09-03,SSE,562350,电力,13041.09
2026-09-03,SSE,562360,机器人YH,29247.4
2026-09-03,SSE,562380,科技引领,7512.89
2026-09-03,SSE,562390,中药,8042.9
2026-09-03,SSE,562500,机器人,1848718.73
2026-09-03,SSE,562510,旅游ETF,112509.5
2026-09-03,SSE,562520,1000成长,2856.8
2026-09-03,SSE,562530,1000价值,15914.4
2026-09-03,SSE,562550,绿电ETF,150291.93
2026-09-03,SSE,562560,信息技术,2276.55
2026-09-03,SSE,562570,信创ETF,29928.1
2026-09-03,SSE,562580,可选消费,4222.33
2026-09-03,SSE,562590,半导材料,920898.9
2026-09-03,SSE,562600,医疗器械,45193.74
2026-09-03,SSE,562660,ZZ2000,36687.4
2026-09-03,SSE,562700,汽车零件,9775
2026-09-03,SSE,562800,稀有金属,570464.5
2026-09-03,SSE,562810,上证增强,5045.1
2026-09-03,SSE,562820,集成电路,41640.8
2026-09-03,SSE,562850,央企能源,17698.15
2026-09-03,SSE,562860,疫苗ETF,33289.5
2026-09-03,SSE,562870,证券全指,58800.52
2026-09-03,SSE,562880,电池基金,89389.96
2026-09-03,SSE,562890,A50中证,27205.1
2026-09-03,SSE,562900,现代农业,24070.63
2026-09-03,SSE,562910,高端制造,29822.73
2026-09-03,SSE,562920,信息安全,8906.9
2026-09-03,SSE,562930,软件30,171343.7
2026-09-03,SSE,562950,消电50,104925.83
2026-09-03,SSE,562960,绿色电力,123139.1
2026-09-03,SSE,562970,光伏E,36844.8
2026-09-03,SSE,562990,碳中和E,37675.6
2026-09-03,SSE,563000,中国A50,152845.11
2026-09-03,SSE,563010,电信ETF,8818.93
2026-09-03,SSE,563020,低波红利,1046791
2026-09-03,SSE,563030,增强500,12716.9
2026-09-03,SSE,563050,科技央企,14320.84
2026-09-03,SSE,563060,央企50,18052.7
2026-09-03,SSE,563080,中证A50E,109858.84
2026-09-03,SSE,563090,上50增强,5484.8
2026-09-03,SSE,563150,油气资源,3439.9
2026-09-03,SSE,563180,高股息,10042
2026-09-03,SSE,563200,2000指数,5145.88
2026-09-03,SSE,563210,专精特新,11006.7
2026-09-03,SSE,563220,A500富国,638901.37
2026-09-03,SSE,563230,卫星ETF,334323.7
2026-09-03,SSE,563280,A50增强,520.66
2026-09-03,SSE,563300,中证2000,459367.4
2026-09-03,SSE,563320,通用航空,22189.2
2026-09-03,SSE,563330,A股ETF,3076.06
2026-09-03,SSE,563350,中证A50,17199.76
2026-09-03,SSE,563360,A500基金,3121998.74
2026-09-03,SSE,563380,航空航天,85795
2026-09-03,SSE,563390,现金基金,214334.4
2026-09-03,SSE,563500,A500华宝,76595.87
2026-09-03,SSE,563510,A500红利,28053.7
2026-09-03,SSE,563520,300永赢,43906.5
2026-09-03,SSE,563530,卫星E,156574.8
2026-09-03,SSE,563550,增强A500,8255.9
2026-09-03,SSE,563560,科技成长,5476.9
2026-09-03,SSE,563570,金融科,10437.4
2026-09-03,SSE,563580,现金800,24364.8
2026-09-03,SSE,563590,红利A500,6094.44
2026-09-03,SSE,563600,A500增强,6648.3
2026-09-03,SSE,563620,现金流全,5004.9
2026-09-03,SSE,563630,A500指增,3794.71
2026-09-03,SSE,563650,A500中证,14090.9
2026-09-03,SSE,563660,A500银河,6308.52
2026-09-03,SSE,563670,金科基金,17898.7
2026-09-03,SSE,563680,现金流TF,10395.9
2026-09-03,SSE,563690,红利永赢,3488.2
2026-09-03,SSE,563700,红利价值,36315
2026-09-03,SSE,563750,500添富,33973.7
2026-09-03,SSE,563760,中银现金,69991.32
2026-09-03,SSE,563770,全指现金,2730.7
2026-09-03,SSE,563780,现金指数,24202.71
2026-09-03,SSE,563790,卫星产业,118644.7
2026-09-03,SSE,563800,A500龙头,899897.81
2026-09-03,SSE,563830,现金流基,13489.6
2026-09-03,SSE,563850,食品广发,11488.17
2026-09-03,SSE,563860,A500海富,18284.43
2026-09-03,SSE,563870,航空通用,10630.39
2026-09-03,SSE,563880,A500添富,155599.64
2026-09-03,SSE,563890,红利国有,2233.6
2026-09-03,SSE,563900,现金流,45596.57
2026-09-03,SSE,563930,上指增强,2859.2
2026-09-03,SSE,563960,300质量,35851.2
2026-09-03,SSE,563980,800红利,18896.7
2026-09-03,SSE,563990,800现金,30457.3
2026-09-03,SSE,588000,科创50,5225666.82
2026-09-03,SSE,588010,科创材料,95792.58
2026-09-03,SSE,588020,科创50E,220137.3
2026-09-03,SSE,588030,科创指基,230983.81
2026-09-03,SSE,588040,科创板指,13388.9
2026-09-03,SSE,588050,科创ETF,655124.13
2026-09-03,SSE,588060,上证科创,736914
2026-09-03,SSE,588070,科创万家,4043.7
2026-09-03,SSE,588080,科创板50,2522562.81
2026-09-03,SSE,588090,科创板,302107.28
2026-09-03,SSE,588100,科创信息,20874.62
2026-09-03,SSE,588110,科创成长,104503.2
2026-09-03,SSE,588120,科100ETF,90762.2
2026-09-03,SSE,588130,科创药,45708.26
2026-09-03,SSE,588140,科200GF,21775.1
2026-09-03,SSE,588150,科创龙头,39093.26
2026-09-03,SSE,588160,科创新材,89199.6
2026-09-03,SSE,588170,科创半导,4485944.7
2026-09-03,SSE,588180,科创50基,74185.37
2026-09-03,SSE,588190,科创100,135761.83
2026-09-03,SSE,588200,科创芯片,4298668.43
2026-09-03,SSE,588210,科创100E,25075.4
2026-09-03,SSE,588220,科创100F,378869.79
2026-09-03,SSE,588230,科创200,73493.9
2026-09-03,SSE,588240,科200,11963.3
2026-09-03,SSE,588250,KC医药,26967.5
2026-09-03,SSE,588260,科创技术,4674.6
2026-09-03,SSE,588270,科创200F,30441
2026-09-03,SSE,588280,科创五零,39612.1
2026-09-03,SSE,588290,芯片科创,490169.1
2026-09-03,SSE,588300,双创ETF,152821.05
2026-09-03,SSE,588310,双创基金,3063.75
2026-09-03,SSE,588320,双创增强,8382.46
2026-09-03,SSE,588330,双创龙头,118773.78
2026-09-03,SSE,588350,双创,65854.6
2026-09-03,SSE,588360,创创ETF,21908.18
2026-09-03,SSE,588370,科创策略,7327.2
2026-09-03,SSE,588380,创50ETF,272677
2026-09-03,SSE,588390,科创创业,16493.59
2026-09-03,SSE,588400,双创50,137460.06
2026-09-03,SSE,588410,双创AI,11325
2026-09-03,SSE,588420,AI双创,33764.8
2026-09-03,SSE,588430,科创创AI,9645.8
2026-09-03,SSE,588450,科创50增,6056.87
2026-09-03,SSE,588460,科创增强,64951.4
2026-09-03,SSE,588470,双创智能,28090.7
2026-09-03,SSE,588480,AI50双创,23971.7
2026-09-03,SSE,588500,科创100Z,4564.7
2026-09-03,SSE,588510,智能双创,32117.5
2026-09-03,SSE,588520,科创增,1295.7
2026-09-03,SSE,588530,AIBOCI,22503.33
2026-09-03,SSE,588550,科创增指,6329
2026-09-03,SSE,588660,双创五零,3934.4
2026-09-03,SSE,588670,科综增强,3979.2
2026-09-03,SSE,588680,科100增,3236.1
2026-09-03,SSE,588690,科综指增,5163.6
2026-09-03,SSE,588700,科创生物,45283.62
2026-09-03,SSE,588710,科半导体,1158688.5
2026-09-03,SSE,588720,中银科创,10974.18
2026-09-03,SSE,588730,科创AI,72439.63
2026-09-03,SSE,588750,科创芯50,324422.8
2026-09-03,SSE,588760,AI科创,243753.2
2026-09-03,SSE,588770,信息科创,31159.71
2026-09-03,SSE,588780,芯片设计,103190.2
2026-09-03,SSE,588790,科创智能,328938.4
2026-09-03,SSE,588800,科创100C,171487.7
2026-09-03,SSE,588810,科创板芯,90032.4
2026-09-03,SSE,588820,科创200E,15140
2026-09-03,SSE,588830,科创新能,60184.79
2026-09-03,SSE,588840,50科创,6123.6
2026-09-03,SSE,588850,科创机械,7677.9
2026-09-03,SSE,588860,科创医药,35688.94
2026-09-03,SSE,588870,科创50指,85755.2
2026-09-03,SSE,588880,科创指数,11136.8
2026-09-03,SSE,588890,科创芯,280143
2026-09-03,SSE,588900,科创100S,35878.3
2026-09-03,SSE,588910,科创价值,10004.91
2026-09-03,SSE,588920,KC芯片,32687.6
2026-09-03,SSE,588930,科创板AI,61732.9
2026-09-03,SSE,588940,科创富国,297884
2026-09-03,SSE,588950,景顺科创,71372.97
2026-09-03,SSE,588960,新能科创,14357.98
2026-09-03,SSE,588980,科创广发,1442
2026-09-03,SSE,588990,科芯片,20174.54
2026-09-03,SSE,589000,科创综指,106750.78
2026-09-03,SSE,589010,科创AI指,93279.3
2026-09-03,SSE,589020,KC半导体,452443.8
2026-09-03,SSE,589030,科芯设计,89207.7
2026-09-03,SSE,589050,科创E,5096.8
2026-09-03,SSE,589060,科综东财,8213.79
2026-09-03,SSE,589070,科芯TH,200129.3
2026-09-03,SSE,589080,科创综E,14806.1
2026-09-03,SSE,589090,KCAI,18443.1
2026-09-03,SSE,589100,国泰芯片,92344.25
2026-09-03,SSE,589110,科AI国泰,54041.3
2026-09-03,SSE,589120,创新药基,141262
2026-09-03,SSE,589130,科创芯易,337478
2026-09-03,SSE,589150,科创平安,82743.72
2026-09-03,SSE,589160,科芯片GF,29029.6
2026-09-03,SSE,589170,芯设计KC,14790.9
2026-09-03,SSE,589180,科创材基,14031.8
2026-09-03,SSE,589190,科创芯基,357756.2
2026-09-03,SSE,589200,科200E,2250.7
2026-09-03,SSE,589210,芯设计GF,134493.8
2026-09-03,SSE,589220,科200GT,32249.58
2026-09-03,SSE,589230,AI科创CS,24605.3
2026-09-03,SSE,589250,芯设计PY,7510.13
2026-09-03,SSE,589260,科创芯设,7915.6
2026-09-03,SSE,589270,科创100Q,2451.66
2026-09-03,SSE,589280,科综增指,14906.9
2026-09-03,SSE,589290,芯片主题,14784.89
2026-09-03,SSE,589300,科综嘉实,4158.25
2026-09-03,SSE,589310,科创人工,31349.18
2026-09-03,SSE,589320,科200JS,11405.3
2026-09-03,SSE,589330,科200DC,17090.2
2026-09-03,SSE,589350,科芯片指,23028.15
2026-09-03,SSE,589360,科创50GT,268117.4
2026-09-03,SSE,589380,AI科创指,9969.43
2026-09-03,SSE,589390,芯设计,137581.05
2026-09-03,SSE,589400,芯设计FG,30778.52
2026-09-03,SSE,589410,科创AIJS,56056.56
2026-09-03,SSE,589420,芯设计MW,36248.15
2026-09-03,SSE,589460,科200HB,21463.09
2026-09-03,SSE,589500,科综工银,8006.4
2026-09-03,SSE,589520,AI科创板,84310.46
2026-09-03,SSE,589550,KC价值,2529.55
2026-09-03,SSE,589560,科创AITF,25635.5
2026-09-03,SSE,589580,科综价格,1435.48
2026-09-03,SSE,589600,富国科综,22153.5
2026-09-03,SSE,589630,科综国泰,34325.8
2026-09-03,SSE,589660,综指科创,26553
2026-09-03,SSE,589680,科创综Z,140494.37
2026-09-03,SSE,589700,成长科创,3029.1
2026-09-03,SSE,589720,科创新药,514882.3
2026-09-03,SSE,589770,科创全指,15356.92
2026-09-03,SSE,589780,科200FG,6921.5
2026-09-03,SSE,589800,科创综合,111998.82
2026-09-03,SSE,589820,科200F,12972.02
2026-09-03,SSE,589850,科创东财,76905.7
2026-09-03,SSE,589860,天弘科综,16222.4
2026-09-03,SSE,589880,科创综,44999.6
2026-09-03,SSE,589890,景顺科综,8498.7
2026-09-03,SSE,589900,博时科综,17390.82
2026-09-03,SSE,589950,科100FG,36087.3
2026-09-03,SSE,589960,科创新源,16631.6
2026-09-03,SSE,589980,科基100,12912.2
2026-09-03,SSE,589990,科创板综,11009
2026-09-03,SZSE,158000,港股通金融ETF鹏华,11892.58
2026-09-03,SZSE,158001,价值ETF嘉实,15339.26
2026-09-03,SZSE,158003,港股通医疗ETF嘉实,11065.43
2026-09-03,SZSE,158005,工程机械ETF博时,16006.13
2026-09-03,SZSE,158006,化工ETF博时,4204.60
2026-09-03,SZSE,158008,新能源电池ETF华夏,24541.31
2026-09-03,SZSE,158009,航空航天ETF南方,3537.38
2026-09-03,SZSE,158010,医疗ETF嘉实,26321.33
2026-09-03,SZSE,158012,云计算ETF南方,27632.55
2026-09-03,SZSE,158017,化工ETF易方达,7859.45
2026-09-03,SZSE,158019,电池ETF永赢,27828.19
2026-09-03,SZSE,158027,工业互联网ETF易方达,20314.30
2026-09-03,SZSE,159001,货币ETF易方达,2974.51
2026-09-03,SZSE,159003,招商快线ETF,198.45
2026-09-03,SZSE,159005,快钱ETF汇添富,117.31
2026-09-03,SZSE,159007,养殖ETF华泰柏瑞,18760.32
2026-09-03,SZSE,159008,证券ETF景顺,10978.45
2026-09-03,SZSE,159009,创业板新能源ETF易方达,14539.27
2026-09-03,SZSE,159010,港股通科技ETF博时,20009.76
2026-09-03,SZSE,159011,养殖ETF华安,2650.51
2026-09-03,SZSE,159012,科创创业50ETF鹏华,13488.11
2026-09-03,SZSE,159013,工业互联网ETF大成,3957.88
2026-09-03,SZSE,159015,恒生港股通科技ETF国联,11035.29
2026-09-03,SZSE,159016,证券ETF广发,32954.01
2026-09-03,SZSE,159017,石油ETF工银,15125.68
2026-09-03,SZSE,159018,石油ETF广发,2790.42
2026-09-03,SZSE,159019,石油ETF华宝,4432.77
2026-09-03,SZSE,159020,养殖ETF易方达,12556.70
2026-09-03,SZSE,159021,大盘价值ETF华夏,7290.77
2026-09-03,SZSE,159022,科创创业人工智能ETF富国,17763.09
2026-09-03,SZSE,159023,养殖ETF万家,3977.79
2026-09-03,SZSE,159026,石油ETF南方,4551.34
2026-09-03,SZSE,159027,畜牧养殖ETF大成,11047.22
2026-09-03,SZSE,159028,港股汽车ETF天弘,13044.90
2026-09-03,SZSE,159029,有色ETF广发,29712.77
2026-09-03,SZSE,159030,粮食ETF华夏,41996.81
2026-09-03,SZSE,159031,粮食ETF博时,53102.86
2026-09-03,SZSE,159032,工业有色ETF易方达,25984.50
2026-09-03,SZSE,159033,粮食ETF国泰,10132.34
2026-09-03,SZSE,159035,软件ETF天弘,60985.97
2026-09-03,SZSE,159036,软件开发ETF华宝,28474.01
2026-09-03,SZSE,159037,价值ETF鹏华,6524.98
2026-09-03,SZSE,159038,粮食ETF易方达,18702.69
2026-09-03,SZSE,159039,机器人ETF华安,104446.14
2026-09-03,SZSE,159040,港股通互联网ETF鹏华,3248.10
2026-09-03,SZSE,159041,农业ETF鹏华,5147.18
2026-09-03,SZSE,159042,价值ETF汇添富,8980.11
2026-09-03,SZSE,159043,食品ETF华安,8377.06
2026-09-03,SZSE,159045,稀有金属ETF大成,16833.02
2026-09-03,SZSE,159046,绿电ETF天弘,53147.68
2026-09-03,SZSE,159048,机器人ETF大成,19280.38
2026-09-03,SZSE,159049,有色ETF工银,3507.33
2026-09-03,SZSE,159050,机器人ETF广发,65570.36
2026-09-03,SZSE,159051,医疗器械ETF易方达,8611.78
2026-09-03,SZSE,159052,新能源电池ETF嘉实,19692.60
2026-09-03,SZSE,159053,稀有金属ETF华夏,16069.81
2026-09-03,SZSE,159055,稀有金属ETF富国,12129.39
2026-09-03,SZSE,159056,医疗器械ETF富国,6093.43
2026-09-03,SZSE,159057,医疗器械ETF鹏华,2671.53
2026-09-03,SZSE,159058,证券ETF大成,7833.12
2026-09-03,SZSE,159059,电力ETF大成,5583.00
2026-09-03,SZSE,159060,粮食ETF浦银,2148.34
2026-09-03,SZSE,159061,绿色电力ETF南方,21284.02
2026-09-03,SZSE,159062,稀有金属ETF南方,11770.12
2026-09-03,SZSE,159063,粮食ETF南方,5848.66
2026-09-03,SZSE,159065,工程机械ETF景顺,10735.08
2026-09-03,SZSE,159066,A股ETF建信,20873.30
2026-09-03,SZSE,159067,绿色电力ETF鹏华,1890.87
2026-09-03,SZSE,159068,软件ETF华夏,6033.65
2026-09-03,SZSE,159069,创业板新能源ETF华泰柏瑞,4077.04
2026-09-03,SZSE,159070,工程机械ETF嘉实,10436.68
2026-09-03,SZSE,159071,新能源电池ETF华宝,12191.17
2026-09-03,SZSE,159072,粮食ETF景顺,4628.51
2026-09-03,SZSE,159073,粮食ETF汇添富,5817.38
2026-09-03,SZSE,159075,工业互联网ETF华夏,17619.71
2026-09-03,SZSE,159076,创业板新能源ETF华宝,24637.30
2026-09-03,SZSE,159077,电池ETF鑫元,3224.25
2026-09-03,SZSE,159078,A股ETF富国,16726.24
2026-09-03,SZSE,159079,价值ETF兴全,8380.68
2026-09-03,SZSE,159082,化工ETF华夏,7553.12
2026-09-03,SZSE,159083,红利低波100ETF嘉实,15137.04
2026-09-03,SZSE,159085,价值ETF永赢,2853.54
2026-09-03,SZSE,159086,金融科技ETF广发,2839.98
2026-09-03,SZSE,159087,化工ETF万家,3299.21
2026-09-03,SZSE,159091,港股通金融ETF易方达,2537.41
2026-09-03,SZSE,159093,化工ETF汇添富,2768.14
2026-09-03,SZSE,159095,云计算ETF银华,21846.81
2026-09-03,SZSE,159096,价值ETF华夏,18263.13
2026-09-03,SZSE,159098,价值ETF招商,10589.15
2026-09-03,SZSE,159099,云计算ETF华宝,10361.05
2026-09-03,SZSE,159100,巴西ETF华夏,46804.69
2026-09-03,SZSE,159101,港股通科技ETF华夏,287431.14
2026-09-03,SZSE,159102,港股通生物科技ETF华安,65812.20
2026-09-03,SZSE,159103,金融科技ETF汇添富,31540.67
2026-09-03,SZSE,159105,恒生生物科技ETF易方达,18127.29
2026-09-03,SZSE,159106,民企300ETF前海开源,3957.94
2026-09-03,SZSE,159107,创业板软件ETF富国,76782.30
2026-09-03,SZSE,159108,工业软件ETF博时,11573.85
2026-09-03,SZSE,159109,恒生50ETF景顺,56816.38
2026-09-03,SZSE,159110,科创债ETF万家,2262.70
2026-09-03,SZSE,159111,科创债ETF天弘,14427.66
2026-09-03,SZSE,159112,科创债ETF银华,22323.78
2026-09-03,SZSE,159113,科创债ETF大成,9563.62
2026-09-03,SZSE,159115,科创债ETF华安,5275.34
2026-09-03,SZSE,159116,科创债ETF工银,11440.27
2026-09-03,SZSE,159117,港股通红利低波ETF鹏华,6140.11
2026-09-03,SZSE,159118,港股通红利低波ETF华夏,6967.70
2026-09-03,SZSE,159119,800现金流ETF招商,14505.42
2026-09-03,SZSE,159120,港股通科技ETF国联安,14802.44
2026-09-03,SZSE,159121,港股通汽车ETF易方达,15248.11
2026-09-03,SZSE,159122,创业板新能源ETF富国,6716.09
2026-09-03,SZSE,159123,光伏ETF嘉实,39104.70
2026-09-03,SZSE,159125,港股通科技ETF招商,84024.58
2026-09-03,SZSE,159126,港股通50ETF南方,22761.65
2026-09-03,SZSE,159127,港股通红利ETF南方,15084.42
2026-09-03,SZSE,159128,港股科技ETF天弘,189176.08
2026-09-03,SZSE,159129,化工ETF嘉实,112590.65
2026-09-03,SZSE,159130,恒生生物科技ETF鹏华,19938.94
2026-09-03,SZSE,159131,港股通信息技术ETF华宝,223491.99
2026-09-03,SZSE,159132,恒生生物科技ETF富国,12296.35
2026-09-03,SZSE,159133,化工ETF天弘,155641.33
2026-09-03,SZSE,159135,港股通科技ETF前海开源,61846.63
2026-09-03,SZSE,159136,A50ETF广发,10941.40
2026-09-03,SZSE,159137,港股通医疗ETF华宝,17063.26
2026-09-03,SZSE,159138,工程机械ETF易方达,29476.79
2026-09-03,SZSE,159139,科创创业人工智能ETF华泰柏瑞,18010.92
2026-09-03,SZSE,159140,科创创业人工智能ETF易方达,50793.68
2026-09-03,SZSE,159141,科创创业人工智能ETF永赢,143706.07
2026-09-03,SZSE,159142,科创创业人工智能ETF景顺,118126.01
2026-09-03,SZSE,159143,港股通央企红利ETF平安,5155.44
2026-09-03,SZSE,159145,工业软件ETF广发,6958.18
2026-09-03,SZSE,159146,电力ETF华宝,70194.08
2026-09-03,SZSE,159147,电池ETF南方,212190.95
2026-09-03,SZSE,159148,石油ETF富国,24146.66
2026-09-03,SZSE,159149,创业板新能源ETF工银,5451.52
2026-09-03,SZSE,159150,深证50ETF易方达,9799.76
2026-09-03,SZSE,159151,食品ETF华夏,18165.10
2026-09-03,SZSE,159152,港股通科技ETF平安,81755.60
2026-09-03,SZSE,159153,消费电子ETF鹏华,9872.59
2026-09-03,SZSE,159155,电池ETF大成,68651.32
2026-09-03,SZSE,159156,电池ETF万家,22046.12
2026-09-03,SZSE,159157,有色金属ETF天弘,800675.87
2026-09-03,SZSE,159158,电力ETF景顺,87603.53
2026-09-03,SZSE,159159,公用事业ETF国投瑞银,11731.85
2026-09-03,SZSE,159160,电池ETF东财,24781.92
2026-09-03,SZSE,159161,工程机械ETF东财,6833.12
2026-09-03,SZSE,159162,工业有色ETF鹏华,41893.98
2026-09-03,SZSE,159163,有色ETF泰康,26180.70
2026-09-03,SZSE,159165,养殖ETF永赢,10757.12
2026-09-03,SZSE,159166,现金流ETF长城,55581.60
2026-09-03,SZSE,159167,港股通医疗ETF工银,16954.91
2026-09-03,SZSE,159168,有色ETF富国,50345.50
2026-09-03,SZSE,159169,恒生生物科技ETF广发,13087.44
2026-09-03,SZSE,159170,港股通互联网ETF永赢,38963.83
2026-09-03,SZSE,159171,工业有色ETF博时,21653.29
2026-09-03,SZSE,159172,养殖ETF汇添富,39082.92
2026-09-03,SZSE,159173,农牧ETF南方,4945.53
2026-09-03,SZSE,159175,电池ETF易方达,49227.03
2026-09-03,SZSE,159176,家电ETF华宝,2130.33
2026-09-03,SZSE,159177,工程机械ETF鹏华,4561.92
2026-09-03,SZSE,159178,消费电子ETF汇添富,9943.29
2026-09-03,SZSE,159179,港股通互联网ETF工银,10290.35
2026-09-03,SZSE,159180,软件ETF银华,3315.59
2026-09-03,SZSE,159181,石油ETF易方达,13340.53
2026-09-03,SZSE,159182,家电ETF南方,3648.56
2026-09-03,SZSE,159183,新能源车ETF招商,4838.77
2026-09-03,SZSE,159185,港股通信息技术ETF鹏华,19409.90
2026-09-03,SZSE,159186,港股通汽车ETF鹏华,8886.92
2026-09-03,SZSE,159187,创业板新能源ETF景顺,6817.62
2026-09-03,SZSE,159188,红利100ETF景顺,6660.18
2026-09-03,SZSE,159189,石油ETF华夏,10708.31
2026-09-03,SZSE,159190,创业板新能源ETF天弘,7806.92
2026-09-03,SZSE,159191,港股通科技ETF易方达,6910.48
2026-09-03,SZSE,159192,家电ETF汇添富,1798.70
2026-09-03,SZSE,159193,新能源电池ETF银华,22808.03
2026-09-03,SZSE,159195,石油ETF华安,7349.01
2026-09-03,SZSE,159196,港股通信息技术ETF易方达,22153.03
2026-09-03,SZSE,159197,石油ETF招商,3938.82
2026-09-03,SZSE,159198,港股通信息技术ETF富国,8534.43
2026-09-03,SZSE,159199,石油ETF平安,6615.49
2026-09-03,SZSE,159200,科创债ETF富国,15211.26
2026-09-03,SZSE,159201,自由现金流ETF华夏,1363427.59
2026-09-03,SZSE,159202,恒生互联网ETF万家,121940.19
2026-09-03,SZSE,159203,大盘成长ETF博时,979.19
2026-09-03,SZSE,159205,创业板ETF东财,68105.60
2026-09-03,SZSE,159206,卫星ETF永赢,946695.33
2026-09-03,SZSE,159207,高股息ETF广发,225448.33
2026-09-03,SZSE,159208,航空航天ETF万家,32646.27
2026-09-03,SZSE,159209,红利质量ETF招商,220563.50
2026-09-03,SZSE,159210,港股通汽车ETF汇添富,4334.98
2026-09-03,SZSE,159211,深证100ETF富国,2368.32
2026-09-03,SZSE,159212,深100ETF南方,7320.43
2026-09-03,SZSE,159213,机器人ETF汇添富,47823.75
2026-09-03,SZSE,159215,A500ETF平安,95858.28
2026-09-03,SZSE,159216,深证100ETF大成,1554.82
2026-09-03,SZSE,159217,港股通创新药ETF工银,589415.75
2026-09-03,SZSE,159218,卫星ETF招商,203061.63
2026-09-03,SZSE,159219,深证100ETF融通,1038.80
2026-09-03,SZSE,159220,港股通红利低波ETF华宝,50756.95
2026-09-03,SZSE,159221,现金流ETF嘉实,108101.32
2026-09-03,SZSE,159222,自由现金流ETF易方达,174337.04
2026-09-03,SZSE,159223,现金流ETF永赢,17784.47
2026-09-03,SZSE,159225,现金流ETF银华,26774.48
2026-09-03,SZSE,159226,中证A500增强ETF国泰,8709.48
2026-09-03,SZSE,159227,航空航天ETF华夏,453791.11
2026-09-03,SZSE,159228,红利低波ETF长城,10421.26
2026-09-03,SZSE,159229,自由现金流ETF广发,14155.60
2026-09-03,SZSE,159230,通用航空ETF华夏,30130.42
2026-09-03,SZSE,159231,通用航空ETF华宝,33309.18
2026-09-03,SZSE,159232,自由现金流ETF南方,209694.85
2026-09-03,SZSE,159233,自由现金流ETF平安,62162.34
2026-09-03,SZSE,159235,中证现金流ETF大成,190172.95
2026-09-03,SZSE,159236,自由现金流ETF工银,3772.21
2026-09-03,SZSE,159237,港股汽车ETF工银,4233.42
2026-09-03,SZSE,159238,沪深300增强ETF景顺,5501.61
2026-09-03,SZSE,159239,港股通汽车ETF富国,9428.07
2026-09-03,SZSE,159240,A500增强ETF天弘,1761.97
2026-09-03,SZSE,159241,航空航天ETF天弘,132107.42
2026-09-03,SZSE,159242,创业板人工智能ETF大成,42927.85
2026-09-03,SZSE,159243,创业板人工智能ETF招商,14103.02
2026-09-03,SZSE,159245,港股通消费ETF富国,7011.32
2026-09-03,SZSE,159246,创业板人工智能ETF富国,323565.56
2026-09-03,SZSE,159247,创业板ETF汇添富,58598.49
2026-09-03,SZSE,159248,人工智能ETF万家,13309.56
2026-09-03,SZSE,159249,A500增强ETF工银,10819.19
2026-09-03,SZSE,159251,港股通科技ETF万家,24378.77
2026-09-03,SZSE,159253,银行ETF博时,50630.49
2026-09-03,SZSE,159255,通用航空ETF易方达,6933.88
2026-09-03,SZSE,159256,创业板软件ETF华夏,59518.37
2026-09-03,SZSE,159257,航空ETF汇添富,14741.69
2026-09-03,SZSE,159258,机器人ETF南方,133026.56
2026-09-03,SZSE,159259,成长ETF易方达,504569.64
2026-09-03,SZSE,159260,证券ETF博时,102121.35
2026-09-03,SZSE,159261,创业板新能源ETF鹏华,4981.49
2026-09-03,SZSE,159262,港股通科技ETF广发,551022.04
2026-09-03,SZSE,159263,价值ETF易方达,633110.51
2026-09-03,SZSE,159265,港股消费ETF鹏华,17795.08
2026-09-03,SZSE,159266,港股央企红利ETF永赢,34171.00
2026-09-03,SZSE,159267,航天ETF华安,259950.61
2026-09-03,SZSE,159268,港股通消费ETF汇添富,38905.50
2026-09-03,SZSE,159269,港股通科技ETF南方,152031.17
2026-09-03,SZSE,159270,创业板200ETF南方,9076.36
2026-09-03,SZSE,159271,恒生ETF鹏华,24138.67
2026-09-03,SZSE,159272,机器人ETF富国,367916.46
2026-09-03,SZSE,159273,云计算ETF汇添富,70777.75
2026-09-03,SZSE,159275,农牧渔ETF华宝,25830.29
2026-09-03,SZSE,159276,现金流ETF汇添富,55569.66
2026-09-03,SZSE,159277,港股通红利ETF富国,3555.70
2026-09-03,SZSE,159278,机器人ETF鹏华,202054.58
2026-09-03,SZSE,159279,创业板人工智能ETF华安,16038.75
2026-09-03,SZSE,159280,港股通互联网ETF汇添富,10071.71
2026-09-03,SZSE,159281,港股央企红利ETF天弘,24323.30
2026-09-03,SZSE,159283,通用航空ETF南方,29743.79
2026-09-03,SZSE,159285,港股通消费ETF华安,24848.66
2026-09-03,SZSE,159286,港股通创新药ETF鹏华,72278.54
2026-09-03,SZSE,159287,创业板综ETF博时,10956.87
2026-09-03,SZSE,159288,创业板综ETF银华,9217.49
2026-09-03,SZSE,159289,创业板综指ETF鹏华,3890.26
2026-09-03,SZSE,159290,创业板综指增强ETF东财,4510.03
2026-09-03,SZSE,159291,创业板综增强ETF招商,1745.73
2026-09-03,SZSE,159292,创业板综增强ETF华宝,17218.95
2026-09-03,SZSE,159293,创业板综增强ETF建信,2515.93
2026-09-03,SZSE,159295,创业综指ETF西部利得,8295.82
2026-09-03,SZSE,159296,A500红利低波ETF华宝,4404.29
2026-09-03,SZSE,159297,港股通创新药ETF南方,378541.86
2026-09-03,SZSE,159298,创业板50ETF大成,16628.10
2026-09-03,SZSE,159299,金融科技ETF易方达,66447.29
2026-09-03,SZSE,159300,沪深300ETF富国,37985.80
2026-09-03,SZSE,159301,公用事业ETF华夏,12245.83
2026-09-03,SZSE,159302,港股高股息ETF银华,4829.76
2026-09-03,SZSE,159303,恒生医疗ETF大成,7399.16
2026-09-03,SZSE,159305,储能电池ETF广发,118664.03
2026-09-03,SZSE,159306,汽车零部件ETF平安,2124.46
2026-09-03,SZSE,159307,红利低波100ETF博时,707890.35
2026-09-03,SZSE,159309,油气ETF汇添富,55437.17
2026-09-03,SZSE,159310,芯片ETF天弘,49898.10
2026-09-03,SZSE,159311,数字经济ETF易方达,3738.39
2026-09-03,SZSE,159312,恒指港股通ETF广发,3222.43
2026-09-03,SZSE,159315,黄金股ETF工银,18458.96
2026-09-03,SZSE,159316,港股通创新药ETF易方达,532633.61
2026-09-03,SZSE,159318,恒指港股通ETF银华,1460.16
2026-09-03,SZSE,159320,电网设备ETF广发,167323.55
2026-09-03,SZSE,159321,黄金股ETF华安,39590.03
2026-09-03,SZSE,159322,黄金股ETF平安,11541.16
2026-09-03,SZSE,159323,港股通汽车ETF华夏,9709.73
2026-09-03,SZSE,159325,半导体ETF南方,53446.05
2026-09-03,SZSE,159326,电网设备ETF华夏,1160926.55
2026-09-03,SZSE,159327,半导体设备ETF万家,290857.40
2026-09-03,SZSE,159328,家电ETF易方达,9255.67
2026-09-03,SZSE,159329,沙特ETF南方,115518.91
2026-09-03,SZSE,159330,沪深300ETF东财,42280.10
2026-09-03,SZSE,159331,红利港股ETF国泰,14569.41
2026-09-03,SZSE,159332,央企红利ETF富国,8552.14
2026-09-03,SZSE,159333,港股央企红利ETF万家,20095.28
2026-09-03,SZSE,159335,央企科创ETF融通,6268.36
2026-09-03,SZSE,159336,央企红利ETF融通,30490.50
2026-09-03,SZSE,159337,中证500ETF东财,27771.06
2026-09-03,SZSE,159338,中证A500ETF国泰,2108308.66
2026-09-03,SZSE,159339,A500ETF银华,181708.68
2026-09-03,SZSE,159350,深证50ETF富国,13700.96
2026-09-04,SSE,510010,治理ETF,13052.44
2026-09-04,SSE,510020,超大ETF,3584.8
2026-09-04,SSE,510030,价值ETF,14122.98
2026-09-04,SSE,510040,上证180E,2648
2026-09-04,SSE,510050,50ETF,681096.68
2026-09-04,SSE,510060,央企ETF,3495.92
2026-09-04,SSE,510090,ESG建信,2608.11
2026-09-04,SSE,510100,SZ50ETF,95900.68
2026-09-04,SSE,510130,中盘ETF,3148.51
2026-09-04,SSE,510140,上证指,8323.05
2026-09-04,SSE,510150,消费ETF,283317.86
2026-09-04,SSE,510160,产业升级,18405.74
2026-09-04,SSE,510170,商品ETF,32891.48
2026-09-04,SSE,510180,180ETF,441955.77
2026-09-04,SSE,510190,上证50基,2365.08
2026-09-04,SSE,510200,上证券商,14188.55
2026-09-04,SSE,510210,综指ETF,1428819.26
2026-09-04,SSE,510230,金融ETF,64080.8
2026-09-04,SSE,510270,国企ETF,1683.21
2026-09-04,SSE,510290,380ETF,5444.89
2026-09-04,SSE,510300,300ETF,2337708.77
2026-09-04,SSE,510310,HS300ETF,1135324.4
2026-09-04,SSE,510320,300中金,63406.85
2026-09-04,SSE,510330,华夏300,838464.98
2026-09-04,SSE,510350,工银300,67691.47
2026-09-04,SSE,510360,广发300,181738.12
2026-09-04,SSE,510370,兴业300,8725.81
2026-09-04,SSE,510380,国寿300,146180.24
2026-09-04,SSE,510390,平安300,13655
2026-09-04,SSE,510410,资源ETF,44125.84
2026-09-04,SSE,510500,500ETF,521936.86
2026-09-04,SSE,510510,广发500,85303.83
2026-09-04,SSE,510530,工银500,4747.94
2026-09-04,SSE,510550,方正500,2374.33
2026-09-04,SSE,510560,国寿500,5231.87
2026-09-04,SSE,510570,兴业500,4806.06
2026-09-04,SSE,510580,ZZ500ETF,113816.83
2026-09-04,SSE,510590,平安500,11438.61
2026-09-04,SSE,510600,沪50ETF,1331.51
2026-09-04,SSE,510630,消费30,54836.15
2026-09-04,SSE,510650,金融行业,1245.25
2026-09-04,SSE,510660,医药行业,5237.97
2026-09-04,SSE,510670,180指,17799.3
2026-09-04,SSE,510680,万家50,1932.47
2026-09-04,SSE,510710,上50ETF,10311.89
2026-09-04,SSE,510720,红利国泰,164576.6
2026-09-04,SSE,510760,上证ETF,305050.37
2026-09-04,SSE,510770,G60创新,2161.07
2026-09-04,SSE,510800,上证50,17557.6
2026-09-04,SSE,510810,上海国企,596929.37
2026-09-04,SSE,510850,工银上50,4669.89
2026-09-04,SSE,510880,红利ETF,557167.57
2026-09-04,SSE,510900,恒生中国,322102.19
2026-09-04,SSE,510910,上证指CS,15079.6
2026-09-04,SSE,510950,上证广发,10102.08
2026-09-04,SSE,510980,上证综合,62379.8
2026-09-04,SSE,510990,ESG180,4094.86
2026-09-04,SSE,511010,国债ETF,5059.63
2026-09-04,SSE,511020,活跃国债,3888.75
2026-09-04,SSE,511030,公司债,40274.07
2026-09-04,SSE,511060,5年地债,2174.63
2026-09-04,SSE,511070,沪公司债,29644.1
2026-09-04,SSE,511090,30年国债,29361.81
2026-09-04,SSE,511100,基准国债,10850.05
2026-09-04,SSE,511110,公司债易,33289.96
2026-09-04,SSE,511120,科创债基,11771.06
2026-09-04,SSE,511130,国债30年,19639.97
2026-09-04,SSE,511150,科债永赢,11153.09
2026-09-04,SSE,511160,国债东财,2186.09
2026-09-04,SSE,511180,上证转债,102035.97
2026-09-04,SSE,511190,信用债,15136.43
2026-09-04,SSE,511200,信用债基,25216.75
2026-09-04,SSE,511220,城投ETF,531188.14
2026-09-04,SSE,511260,十年国债,17093.65
2026-09-04,SSE,511270,10年地债,8993.75
2026-09-04,SSE,511360,短融ETF,74764.06
2026-09-04,SSE,511380,转债ETF,472398.67
2026-09-04,SSE,511520,政金债,39016.65
2026-09-04,SSE,511580,国债政金,7146.68
2026-09-04,SSE,512000,券商ETF,7168623.54
2026-09-04,SSE,512010,医药ETF,4002669.49
2026-09-04,SSE,512020,A500,111801.27
2026-09-04,SSE,512030,A50增,4324
2026-09-04,SSE,512040,国信价值,453671.59
2026-09-04,SSE,512050,A500E,1647799.22
2026-09-04,SSE,512060,A100指基,1092.8
2026-09-04,SSE,512070,证券保险,1652147.97
2026-09-04,SSE,512080,A500中金,78218.61
2026-09-04,SSE,512090,MSCI易基,34159.23
2026-09-04,SSE,512100,1000ETF,655721.76
2026-09-04,SSE,512120,医药50,77624.19
2026-09-04,SSE,512130,现金全指,1489.5
2026-09-04,SSE,512140,电力事业,13904.9
2026-09-04,SSE,512150,A50ETF,1807.34
2026-09-04,SSE,512160,MSCI基金,12177.78
2026-09-04,SSE,512170,医疗ETF,7165282.05
2026-09-04,SSE,512180,建信MSCI,4804.8
2026-09-04,SSE,512190,之江凤凰,20851.84
2026-09-04,SSE,512200,地产ETF,321709.79
2026-09-04,SSE,512220,TMTETF,21446.76
2026-09-04,SSE,512240,A50龙头,2168.6
2026-09-04,SSE,512250,A50指数E,11960.01
2026-09-04,SSE,512260,500低波,1969.77
2026-09-04,SSE,512290,生物医药,315682.07
2026-09-04,SSE,512330,信息ETF,35518.8
2026-09-04,SSE,512360,MSCI国际,2733.77
2026-09-04,SSE,512370,A500增指,29631.3
2026-09-04,SSE,512380,MSCI中国,7580.56
2026-09-04,SSE,512390,MSCI低波,968.2
2026-09-04,SSE,512400,有色ETF,1437253.9
2026-09-04,SSE,512410,银行广发,4137.17
2026-09-04,SSE,512420,机械华安,7323.89
2026-09-04,SSE,512430,家电家居,2872
2026-09-04,SSE,512450,广发养殖,10086.7
2026-09-04,SSE,512460,电池主题,30582.3
2026-09-04,SSE,512480,半导体,2055000.72
2026-09-04,SSE,512500,中证500,175040.88
2026-09-04,SSE,512510,ETF500,43042.98
2026-09-04,SSE,512520,MSCIETF,4505.64
2026-09-04,SSE,512530,300红利,9450.2
2026-09-04,SSE,512550,A50基金,10890.6
2026-09-04,SSE,512560,中证军工,95912.7
2026-09-04,SSE,512570,中证证券,396380.61
2026-09-04,SSE,512580,环保ETF,57147.17
2026-09-04,SSE,512600,必选消费,167135.61
2026-09-04,SSE,512620,农业TH,140766.6
2026-09-04,SSE,512630,卫星基金,163842.6
2026-09-04,SSE,512640,金融地产,2074.09
2026-09-04,SSE,512650,长三角,3094.16
2026-09-04,SSE,512660,军工ETF,649108
2026-09-04,SSE,512670,国防ETF,214065.26
2026-09-04,SSE,512680,军工基金,307133.01
2026-09-04,SSE,512690,酒ETF,3153355.02
2026-09-04,SSE,512700,银行基金,69358.1
2026-09-04,SSE,512710,军工龙头,1138165.84
2026-09-04,SSE,512720,计算机,35945.34
2026-09-04,SSE,512730,银行FUND,5108.39
2026-09-04,SSE,512750,基本面50,4565.49
2026-09-04,SSE,512760,芯片ETF,981944.55
2026-09-04,SSE,512770,战略新兴,9826.78
2026-09-04,SSE,512800,银行ETF,1166487.99
2026-09-04,SSE,512810,国防军工,97158.35
2026-09-04,SSE,512820,银行股基,37540.19
2026-09-04,SSE,512870,杭州湾区,2241.06
2026-09-04,SSE,512880,证券ETF,5546729.15
2026-09-04,SSE,512890,红利低波,2623611.08
2026-09-04,SSE,512900,证券基金,761340.6
2026-09-04,SSE,512910,100ETF,13112.88
2026-09-04,SSE,512930,AIETF,488852.13
2026-09-04,SSE,512940,有色矿业,214370.5
2026-09-04,SSE,512950,央企改革,404355.1
2026-09-04,SSE,512960,央调ETF,385545.73
2026-09-04,SSE,512970,湾区ETF,598.76
2026-09-04,SSE,512980,传媒ETF,514192.44
2026-09-04,SSE,512990,MSCIA股,9901.54
2026-09-04,SSE,513000,225ETF,101091.14
2026-09-04,SSE,513010,港股科技,4423830.7
2026-09-04,SSE,513020,科技HK,228814.54
2026-09-04,SSE,513030,德国ETF,102077.9
2026-09-04,SSE,513040,HK互联网,678584.13
2026-09-04,SSE,513050,中概互联,3458743.27
2026-09-04,SSE,513060,恒生医疗,852789.33
2026-09-04,SSE,513070,HK消费50,133676.08
2026-09-04,SSE,513080,法国ETF,66391.6
2026-09-04,SSE,513090,香港证券,971248.8
2026-09-04,SSE,513100,纳指ETF,946511.06
2026-09-04,SSE,513110,纳指100,220543.5
2026-09-04,SSE,513120,HK创新药,1843363.54
2026-09-04,SSE,513130,恒生科技,5768234.7
2026-09-04,SSE,513140,港股金融,7836.8
2026-09-04,SSE,513150,港科技50,10055.98
2026-09-04,SSE,513160,科技30,318618.93
2026-09-04,SSE,513170,恒生央企,16157.3
2026-09-04,SSE,513180,恒指科技,6954675.95
2026-09-04,SSE,513190,H股金融,99693.6
2026-09-04,SSE,513200,港股医药,88528.21
2026-09-04,SSE,513210,恒生E,3994.2
2026-09-04,SSE,513220,互联网30,52110.94
2026-09-04,SSE,513230,H股消费,32942.27
2026-09-04,SSE,513240,港信息,10449.6
2026-09-04,SSE,513260,恒科技,475224.3
2026-09-04,SSE,513280,恒生生物,36711.45
2026-09-04,SSE,513290,纳指生物,106057.21
2026-09-04,SSE,513300,纳斯达克,534817.1
2026-09-04,SSE,513310,中韩芯片,244542.7
2026-09-04,SSE,513320,HK新经济,9101.06
2026-09-04,SSE,513330,恒生互联,7043948
2026-09-04,SSE,513350,油气ETF,84774.6
2026-09-04,SSE,513360,教育ETF,61921.39
2026-09-04,SSE,513380,科技恒生,1778378.49
2026-09-04,SSE,513390,纳指基金,214837.91
2026-09-04,SSE,513400,道琼斯,282206.2
2026-09-04,SSE,513500,标普500,1026963.86
2026-09-04,SSE,513520,日经ETF,107888.72
2026-09-04,SSE,513530,港股红利,292293.87
2026-09-04,SSE,513550,港股通50,167899.2
2026-09-04,SSE,513560,香港科技,53138.6
2026-09-04,SSE,513580,HS科技,606011.8
2026-09-04,SSE,513590,香港消费,13051.89
2026-09-04,SSE,513600,恒指ETF,60882.95
2026-09-04,SSE,513620,港医疗指,5521.6
2026-09-04,SSE,513630,香港红利,751535.9
2026-09-04,SSE,513650,标普ETF,437173.4
2026-09-04,SSE,513660,恒生通,180200.02
2026-09-04,SSE,513690,恒生股息,314997.99
2026-09-04,SSE,513700,香港医药,78284.6
2026-09-04,SSE,513720,香港互联,24885.9
2026-09-04,SSE,513730,东南亚,77835.5
2026-09-04,SSE,513750,港股非银,802883.8
2026-09-04,SSE,513770,港股互联,1435113.79
2026-09-04,SSE,513780,港股新药,188565.7
2026-09-04,SSE,513800,东证ETF,103664.44
2026-09-04,SSE,513810,港股国企,4199.2
2026-09-04,SSE,513820,港股分红,173766.9
2026-09-04,SSE,513830,红利港股,5281.1
2026-09-04,SSE,513850,美国50,125489.26
2026-09-04,SSE,513860,HKC科技,262547.06
2026-09-04,SSE,513870,纳指指数,138067.1
2026-09-04,SSE,513880,日经225,131697
2026-09-04,SSE,513890,HK科技,89312.8
2026-09-04,SSE,513900,港股100,8997.8
2026-09-04,SSE,513910,红利央企,195327.6
2026-09-04,SSE,513920,央企40,259523.1
2026-09-04,SSE,513930,香港生科,11740.8
2026-09-04,SSE,513950,恒生红利,238311.9
2026-09-04,SSE,513970,恒生消费,140604.1
2026-09-04,SSE,513980,科技港股,1646020.4
2026-09-04,SSE,513990,港股通综,4300
2026-09-04,SSE,515000,科技ETF,325657.93
2026-09-04,SSE,515010,华夏证券,206827.16
2026-09-04,SSE,515020,银行指数,36834.53
2026-09-04,SSE,515030,新汽车,149738.4
2026-09-04,SSE,515040,工业金属,5231.96
2026-09-04,SSE,515050,5GETF,1751720.54
2026-09-04,SSE,515060,华夏地产,98847.81
2026-09-04,SSE,515070,AI智能,754694.04
2026-09-04,SSE,515080,中证红利,676114.89
2026-09-04,SSE,515090,可持续,1080.17
2026-09-04,SSE,515100,红利100,361969.15
2026-09-04,SSE,515110,国企方达,21429.5
2026-09-04,SSE,515120,创新药,1776099.36
2026-09-04,SSE,515130,HS300E,9446.32
2026-09-04,SSE,515150,国企富国,39870.32
2026-09-04,SSE,515160,MSCI招商,24395.51
2026-09-04,SSE,515170,食品饮料,852775.79
2026-09-04,SSE,515180,100红利,1264763.7
2026-09-04,SSE,515190,BOCI500,29346.61
2026-09-04,SSE,515200,创新100,3794.32
2026-09-04,SSE,515210,钢铁ETF,98172.61
2026-09-04,SSE,515220,煤炭ETF,855267.69
2026-09-04,SSE,515230,软件ETF,792269.09
2026-09-04,SSE,515250,智能汽车,34394.45
2026-09-04,SSE,515260,电子ETF,89056.84
2026-09-04,SSE,515290,银行,249497.29
2026-09-04,SSE,515300,红利300,296067.52
2026-09-04,SSE,515310,添富300,32161.12
2026-09-04,SSE,515320,电子50,8930.9
2026-09-04,SSE,515330,天弘300,617370.95
2026-09-04,SSE,515350,民生300,1169.92
2026-09-04,SSE,515360,方正300,3727.93
2026-09-04,SSE,515370,中证光伏,96971.3
2026-09-04,SSE,515380,泰康300,66339.98
2026-09-04,SSE,515390,HS300,190268.3
2026-09-04,SSE,515400,大数据,170763.14
2026-09-04,SSE,515450,红利50,1403933.5
2026-09-04,SSE,515460,质量红利,27509.1
2026-09-04,SSE,515480,红利一百,2434.07
2026-09-04,SSE,515530,泰康500,1224.27
2026-09-04,SSE,515550,国联500,2034.57
2026-09-04,SSE,515560,证券E,19288.33
2026-09-04,SSE,515580,中证科技,30203.14
2026-09-04,SSE,515590,500ETFEW,3611.37
2026-09-04,SSE,515600,央企创新,103779.74
2026-09-04,SSE,515630,保险证券,92321.77
2026-09-04,SSE,515640,家电指数,1705
2026-09-04,SSE,515650,消费50,301318.4
2026-09-04,SSE,515660,沪深300E,43449.42
2026-09-04,SSE,515680,创新央企,109926.47
2026-09-04,SSE,515700,新能车,65851.02
2026-09-04,SSE,515710,食品ETF,231709.98
2026-09-04,SSE,515720,金科富国,43261.1
2026-09-04,SSE,515730,家居家电,3989.2
2026-09-04,SSE,515750,科技50,26314.05
2026-09-04,SSE,515760,浙江国资,9438.81
2026-09-04,SSE,515770,MSCIAETF,3972.73
2026-09-04,SSE,515790,光伏ETF,601349.4
2026-09-04,SSE,515800,800ETF,389893.72
2026-09-04,SSE,515810,ZZ800ETF,26390.88
2026-09-04,SSE,515840,食品南方,3342.64
2026-09-04,SSE,515850,证券龙头,47679.1
2026-09-04,SSE,515860,科技100,10187.89
2026-09-04,SSE,515880,通信ETF,6212377.4
2026-09-04,SSE,515890,红利博时,37844.39
2026-09-04,SSE,515900,央创ETF,222544.65
2026-09-04,SSE,515910,质量ETF,22450.7
2026-09-04,SSE,515920,智能消费,6440.57
2026-09-04,SSE,515950,医药龙头,53320.06
2026-09-04,SSE,515960,医药100,23999.19
2026-09-04,SSE,515970,华夏机械,52808.8
2026-09-04,SSE,515980,人工智能,629012.9
2026-09-04,SSE,515990,添富国企,5335.02
2026-09-04,SSE,516000,数据ETF,44185.5
2026-09-04,SSE,516010,游戏ETF,242969.3
2026-09-04,SSE,516020,化工ETF,350732.62
2026-09-04,SSE,516050,科技龙头,16222.8
2026-09-04,SSE,516060,新药ETF,29923.74
2026-09-04,SSE,516070,碳中和50,29464.6
2026-09-04,SSE,516080,创新医药,531055.48
2026-09-04,SSE,516090,新能源E,168284.48
2026-09-04,SSE,516100,科技金融,113775.97
2026-09-04,SSE,516110,汽车ETF,22762.31
2026-09-04,SSE,516120,化工50,503458.2
2026-09-04,SSE,516130,消费龙头,157289
2026-09-04,SSE,516150,稀土基金,378707.7
2026-09-04,SSE,516160,新能源,151214.2
2026-09-04,SSE,516180,光伏产业,15098.7
2026-09-04,SSE,516190,文娱ETF,11681.85
2026-09-04,SSE,516200,证券行业,44260.4
2026-09-04,SSE,516210,银行股,7543.1
2026-09-04,SSE,516220,化工龙头,25717
2026-09-04,SSE,516230,光伏招商,75092.1
2026-09-04,SSE,516250,富国机械,6187.8
2026-09-04,SSE,516260,物联网50,4388.26
2026-09-04,SSE,516270,新能源50,30740.9
2026-09-04,SSE,516290,光伏基金,74319.69
2026-09-04,SSE,516300,中证1000,3901.26
2026-09-04,SSE,516310,银行指基,154885.85
2026-09-04,SSE,516320,装备ETF,8958.93
2026-09-04,SSE,516330,物联网,847.13
2026-09-04,SSE,516350,芯片50,145441.53
2026-09-04,SSE,516360,新材料,5755.18
2026-09-04,SSE,516370,全指电力,29040.8
2026-09-04,SSE,516380,智能电车,8444.93
2026-09-04,SSE,516390,电动车,18276.1
2026-09-04,SSE,516440,南方机械,13462.66
2026-09-04,SSE,516460,现金流E,42069.3
2026-09-04,SSE,516500,生物ETF,20693.72
2026-09-04,SSE,516510,云计算,150089
2026-09-04,SSE,516520,智能驾驶,78976.55
2026-09-04,SSE,516530,物流快递,1680.23
2026-09-04,SSE,516550,农业ETF,26141.44
2026-09-04,SSE,516560,养老ETF,20925.8
2026-09-04,SSE,516570,石化ETF,111635.76
2026-09-04,SSE,516580,新能源BS,14812.41
2026-09-04,SSE,516590,电动汽车,5201.5
2026-09-04,SSE,516600,消服ETF,11033.21
2026-09-04,SSE,516610,医服ETF,23197.48
2026-09-04,SSE,516620,影视ETF,29376.75
2026-09-04,SSE,516630,云计算50,47815.6
2026-09-04,SSE,516640,芯片龙头,135248.28
2026-09-04,SSE,516650,有色50,525246.48
2026-09-04,SSE,516660,新能汽车,15568.9
2026-09-04,SSE,516670,畜牧养殖,331626.63
2026-09-04,SSE,516700,数据产业,17112.2
2026-09-04,SSE,516710,新材料50,7427.2
2026-09-04,SSE,516720,ESGETF,933.78
2026-09-04,SSE,516730,证券公司,22638.08
2026-09-04,SSE,516750,建材ETF,13916.73
2026-09-04,SSE,516760,养殖ETF,28021.51
2026-09-04,SSE,516770,游戏动漫,26004.8
2026-09-04,SSE,516780,稀土ETF,239459.97
2026-09-04,SSE,516790,保健ETF,18268.22
2026-09-04,SSE,516800,智能制造,18230.8
2026-09-04,SSE,516810,农业,52547.89
2026-09-04,SSE,516820,医疗创新,456641.52
2026-09-04,SSE,516830,300ESG,8967.69
2026-09-04,SSE,516840,汽车基金,13527.7
2026-09-04,SSE,516850,新能源80,14223.7
2026-09-04,SSE,516860,金融科技,115152.2
2026-09-04,SSE,516880,光伏50,91794.41
2026-09-04,SSE,516890,新材ETF,3331.14
2026-09-04,SSE,516900,食品50,27572.9
2026-09-04,SSE,516910,物流ETF,5914.18
2026-09-04,SSE,516920,芯片基金,49446.3
2026-09-04,SSE,516930,生科ETF,10613.96
2026-09-04,SSE,516950,基建ETF,10782.1
2026-09-04,SSE,516960,机械ETF,1605.11
2026-09-04,SSE,516970,基建50,117304.25
2026-09-04,SSE,516980,证券先锋,5401.6
2026-09-04,SSE,517000,沪港深,12279.3
2026-09-04,SSE,517010,HGS500E,7814.42
2026-09-04,SSE,517030,HGS300,8404.03
2026-09-04,SSE,517050,互联网50,34760.5
2026-09-04,SSE,517080,HGS500,17316.6
2026-09-04,SSE,517090,共赢ETF,5307.5
2026-09-04,SSE,517100,AH500ETF,14360.21
2026-09-04,SSE,517110,创新药HK,132809.85
2026-09-04,SSE,517120,创新药50,57096.64
2026-09-04,SSE,517130,云计算JS,18865.4
2026-09-04,SSE,517160,长江ETF,182677.75
2026-09-04,SSE,517170,沪港深E,1613.18
2026-09-04,SSE,517180,中国国企,8949.63
2026-09-04,SSE,517200,互联网,14478.2
2026-09-04,SSE,517230,云计算MW,15854.58
2026-09-04,SSE,517300,AH300ETF,100243.45
2026-09-04,SSE,517330,长江保护,180916.9
2026-09-04,SSE,517350,龙头科技,4904.2
2026-09-04,SSE,517360,AH科技,2508.3
2026-09-04,SSE,517380,创新药AH,299832.63
2026-09-04,SSE,517390,云计算AH,13011.26
2026-09-04,SSE,517400,黄金股票,99979.2
2026-09-04,SSE,517520,黄金股,639690.4
2026-09-04,SSE,517550,消费主题,8041.74
2026-09-04,SSE,517660,物联网AH,3988.07
2026-09-04,SSE,517770,游戏传媒,19394.78
2026-09-04,SSE,517800,AI50,21353.97
2026-09-04,SSE,517850,张江ETF,3818.52
2026-09-04,SSE,517880,品牌消费,4933.71
2026-09-04,SSE,517900,银行优选,37399.35
2026-09-04,SSE,517950,交银科技,4862.32
2026-09-04,SSE,517990,医药基金,4698.79
2026-09-04,SSE,518600,上海金,83881.63
2026-09-04,SSE,518660,工银黄金,96705.27
2026-09-04,SSE,518680,金ETF,78356.95
2026-09-04,SSE,518800,黄金基金,379507.92
2026-09-04,SSE,518850,黄金9999,192187.87
2026-09-04,SSE,518860,上海金E,46695.98
2026-09-04,SSE,518880,黄金ETF,1173044.08
2026-09-04,SSE,518890,中银黄金,37465.48
2026-09-04,SSE,520500,恒生新药,189730.5
2026-09-04,SSE,520510,港股医疗,39372.8
2026-09-04,SSE,520520,HK消费,5260.6
2026-09-04,SSE,520530,港科ETF,23577.6
2026-09-04,SSE,520550,红利恒生,115202.4
2026-09-04,SSE,520560,香港30,60741.9
2026-09-04,SSE,520570,科技恒指,350887.6
2026-09-04,SSE,520580,新兴亚洲,29098.39
2026-09-04,SSE,520590,恒科,19623.5
2026-09-04,SSE,520600,汽车港股,26586.8
2026-09-04,SSE,520610,港红利指,42296.3
2026-09-04,SSE,520620,港股消费,28540.9
2026-09-04,SSE,520630,互联港股,59411
2026-09-04,SSE,520650,互联网HK,248325.5
2026-09-04,SSE,520660,港红利CS,198748.55
2026-09-04,SSE,520670,港科基金,21392.81
2026-09-04,SSE,520680,港股通车,7036.9
2026-09-04,SSE,520690,恒生港药,63145.4
2026-09-04,SSE,520700,创新药WJ,46007.6
2026-09-04,SSE,520710,信息港股,9702.9
2026-09-04,SSE,520720,香港汽车,12294.2
2026-09-04,SSE,520730,汽车WJ,11839.44
2026-09-04,SSE,520740,互联香港,4501.26
2026-09-04,SSE,520750,HK信息,13438.4
2026-09-04,SSE,520760,港股生物,12646.6
2026-09-04,SSE,520770,港股恒指,21337.38
2026-09-04,SSE,520780,港股车50,3946
2026-09-04,SSE,520790,港互联网,59907.5
2026-09-04,SSE,520810,港高股息,31836
2026-09-04,SSE,520820,恒指通,5868.2
2026-09-04,SSE,520830,沙特ETF,105761.9
2026-09-04,SSE,520840,港科技,112704.9
2026-09-04,SSE,520850,港医疗,14324.96
2026-09-04,SSE,520860,港股通科,34219.5
2026-09-04,SSE,520870,巴西ETF,51297.72
2026-09-04,SSE,520880,港创新药,436361.8
2026-09-04,SSE,520890,港红利,8050.8
2026-09-04,SSE,520900,红利香港,153117.5
2026-09-04,SSE,520910,HK互联,75544.5
2026-09-04,SSE,520920,恒生科TH,1891001.9
2026-09-04,SSE,520930,恒生生科,16273.3
2026-09-04,SSE,520940,恒指基金,2229.7
2026-09-04,SSE,520950,港股50,32542.1
2026-09-04,SSE,520960,恒指港通,5060.34
2026-09-04,SSE,520970,港股通药,125235.8
2026-09-04,SSE,520980,港科技30,313838.7
2026-09-04,SSE,520990,国新红利,340747.05
2026-09-04,SSE,526000,港股信息,17614.2
2026-09-04,SSE,526010,香港医疗,3445.8
2026-09-04,SSE,526030,港信息基,15346.5
2026-09-04,SSE,526050,香港信息,5363
2026-09-04,SSE,526060,N港信息,15587.7
2026-09-04,SSE,526070,恒生博时,5237.7
2026-09-04,SSE,530000,50ETF基,93902.94
2026-09-04,SSE,530050,SH50ETF,12681.3
2026-09-04,SSE,530060,上证综E,87919.3
2026-09-04,SSE,530080,180指基,2491.7
2026-09-04,SSE,530100,上证580,12069.6
2026-09-04,SSE,530180,上证180,5795.2
2026-09-04,SSE,530280,180ETF指,2993.4
2026-09-04,SSE,530300,180指数,3364.3
2026-09-04,SSE,530380,上证380,13470.5
2026-09-04,SSE,530530,580ETF,13446
2026-09-04,SSE,530580,180基金,5914.9
2026-09-04,SSE,530680,180E,10689.19
2026-09-04,SSE,530800,上180ETF,1820.18
2026-09-04,SSE,530880,上证红利,3933.6
2026-09-04,SSE,551000,科创债,7790.41
2026-09-04,SSE,551030,科创债券,18334
2026-09-04,SSE,551060,科创债沪,5735.1
2026-09-04,SSE,551300,科创债摩,5099.75
2026-09-04,SSE,551500,科创债易,12947
2026-09-04,SSE,551510,科债AAA,14221.61
2026-09-04,SSE,551520,科创债汇,21521.16
2026-09-04,SSE,551550,科创AAA,17938.82
2026-09-04,SSE,551560,科创债兴,17184.88
2026-09-04,SSE,551580,科创债TK,10703.68
2026-09-04,SSE,551800,国泰科债,11608.14
2026-09-04,SSE,551900,科创债指,13893.17
2026-09-04,SSE,560010,1000基金,187462.17
2026-09-04,SSE,560020,红利添富,13156.2
2026-09-04,SSE,560030,800价值,2343.2
2026-09-04,SSE,560050,MSCIA50,215993.44
2026-09-04,SSE,560060,碳中和基,7609
2026-09-04,SSE,560070,央企分红,8236.23
2026-09-04,SSE,560080,中药ETF,227526.5
2026-09-04,SSE,560090,证券指数,227286.5
2026-09-04,SSE,560100,增强ETF,5358.03
2026-09-04,SSE,560110,ZZ1000,34990.35
2026-09-04,SSE,560120,500现金,57468.9
2026-09-04,SSE,560130,食品基金,6977.62
2026-09-04,SSE,560150,红利TK,67027.93
2026-09-04,SSE,560160,食品E,10970.6
2026-09-04,SSE,560170,央企科技,38349.55
2026-09-04,SSE,560180,ESG300,1560.3
2026-09-04,SSE,560190,公用事业,2683.4
2026-09-04,SSE,560210,景顺农牧,51252.2
2026-09-04,SSE,560220,2000基金,6071.7
2026-09-04,SSE,560230,光伏富国,8788.9
2026-09-04,SSE,560250,红利质量,13183.3
2026-09-04,SSE,560260,医疗50,171566.47
2026-09-04,SSE,560270,电力指数,16393.9
2026-09-04,SSE,560280,工程机械,145975.2
2026-09-04,SSE,560290,景顺有色,37069.4
2026-09-04,SSE,560300,电信50,2780.34
2026-09-04,SSE,560310,光伏博时,18812.2
2026-09-04,SSE,560320,食品富国,11533.2
2026-09-04,SSE,560330,300价值E,1713
2026-09-04,SSE,560350,A50指数,84153.21
2026-09-04,SSE,560360,软件指数,22434.5
2026-09-04,SSE,560370,全指红利,21608.4
2026-09-04,SSE,560380,A100,14086.1
2026-09-04,SSE,560390,电网E,205325.8
2026-09-04,SSE,560400,证券华泰,17049.3
2026-09-04,SSE,560410,电池鹏华,5878.61
2026-09-04,SSE,560420,食品Q,12978.02
2026-09-04,SSE,560450,电力TH,24456.9
2026-09-04,SSE,560460,电力平安,28103.7
2026-09-04,SSE,560470,有色E,30434
2026-09-04,SSE,560480,中证电力,13630.3
2026-09-04,SSE,560490,华泰有色,10648.2
2026-09-04,SSE,560500,500质量,29433.9
2026-09-04,SSE,560510,中证A500,254002.69
2026-09-04,SSE,560520,红利大成,5075.1
2026-09-04,SSE,560530,A500ETF,400962.37
2026-09-04,SSE,560550,碳中和,12359.74
2026-09-04,SSE,560560,碳中和TK,7019.01
2026-09-04,SSE,560570,A500低波,115354.12
2026-09-04,SSE,560580,电力指基,43300.3
2026-09-04,SSE,560590,1000鹏华,1971
2026-09-04,SSE,560610,A500指数,524898.84
2026-09-04,SSE,560620,公用WJ,2636.7
2026-09-04,SSE,560630,机器人WJ,15139.4
2026-09-04,SSE,560660,云50ETF,12693.8
2026-09-04,SSE,560670,中证银行,4097.4
2026-09-04,SSE,560680,龙头消费,33522.56
2026-09-04,SSE,560690,电信主题,1963.9
2026-09-04,SSE,560700,央红利50,44953.69
2026-09-04,SSE,560710,船舶ETF,170858
2026-09-04,SSE,560720,工银红利,9554.8
2026-09-04,SSE,560730,红利GTHT,7883.63
2026-09-04,SSE,560750,A500申万,7855.48
2026-09-04,SSE,560770,机器人ZS,164863.3
2026-09-04,SSE,560780,半导设备,1306648.8
2026-09-04,SSE,560790,软件服务,22045.59
2026-09-04,SSE,560800,数字ETF,29595.11
2026-09-04,SSE,560810,央企ESG,18111.6
2026-09-04,SSE,560820,A50新华,4092.6
2026-09-04,SSE,560830,电指数,68751.9
2026-09-04,SSE,560850,信创50,6816.4
2026-09-04,SSE,560860,工业有色,536623.3
2026-09-04,SSE,560870,中银有色,9135.19
2026-09-04,SSE,560880,家电基金,19373.2
2026-09-04,SSE,560900,创新药企,21796.91
2026-09-04,SSE,560910,中证电池,19872.1
2026-09-04,SSE,560920,招商机械,4437.33
2026-09-04,SSE,560930,电力E,20352.4
2026-09-04,SSE,560950,500增,1548.3
2026-09-04,SSE,560970,有色金属,6713.8
2026-09-04,SSE,560980,光伏龙头,34352.2
2026-09-04,SSE,560990,科技先锋,1518.71
2026-09-04,SSE,561000,300指增,4992
2026-09-04,SSE,561010,软件开发,28935.6
2026-09-04,SSE,561020,食品招商,3102.22
2026-09-04,SSE,561030,机械华泰,18655
2026-09-04,SSE,561050,稀金属E,23325
2026-09-04,SSE,561060,红利国企,4706.5
2026-09-04,SSE,561080,现金自由,2425
2026-09-04,SSE,561090,A500增,20997.4
2026-09-04,SSE,561100,电子龙头,61274.69
2026-09-04,SSE,561120,家电ETF,2815.99
2026-09-04,SSE,561130,国货ETF,8593.52
2026-09-04,SSE,561160,锂电池,230183.5
2026-09-04,SSE,561170,绿电50,52853.27
2026-09-04,SSE,561180,A100ETF,4960.96
2026-09-04,SSE,561190,双碳ETF,19331.8
2026-09-04,SSE,561200,A100基金,3347.05
2026-09-04,SSE,561220,国企数字,4755.3
2026-09-04,SSE,561230,A50,45247.78
2026-09-04,SSE,561250,稀金属PH,6975.22
2026-09-04,SSE,561260,能源ETF,2309.52
2026-09-04,SSE,561280,增强1000,8484.77
2026-09-04,SSE,561300,300增ETF,52396.5
2026-09-04,SSE,561310,消电ETF,10783.31
2026-09-04,SSE,561320,交运ETF,3436.9
2026-09-04,SSE,561330,矿业ETF,182239.21
2026-09-04,SSE,561350,国泰500,9770
2026-09-04,SSE,561360,石油ETF,136014.8
2026-09-04,SSE,561370,2000ETF,3235.6
2026-09-04,SSE,561380,电网ETF,628603.4
2026-09-04,SSE,561390,稀金属PA,8912.81
2026-09-04,SSE,561400,鑫元养殖,3251.9
2026-09-04,SSE,561410,光伏工银,20361.33
2026-09-04,SSE,561420,300现金,101023.7
2026-09-04,SSE,561430,全指质量,3422.32
2026-09-04,SSE,561450,华泰红利,8162.43
2026-09-04,SSE,561460,AITH,149602
2026-09-04,SSE,561470,畜牧TH,5193.6
2026-09-04,SSE,561490,红利财通,8663.13
2026-09-04,SSE,561500,漂亮50,5460.03
2026-09-04,SSE,561510,中医药,6520.6
2026-09-04,SSE,561530,银华银行,11253.4
2026-09-04,SSE,561550,500指增,134398.96
2026-09-04,SSE,561560,电力ETF,192662.42
2026-09-04,SSE,561570,油气基金,7214.7
2026-09-04,SSE,561580,央企红利,189337.07
2026-09-04,SSE,561590,1000增强,10149.96
2026-09-04,SSE,561600,消费电子,30054.8
2026-09-04,SSE,561620,华泰化工,3572.7
2026-09-04,SSE,561630,华泰质量,4289.8
2026-09-04,SSE,561660,通航基金,6971
2026-09-04,SSE,561680,A500红低,5716.9
2026-09-04,SSE,561700,电力基金,34981.36
2026-09-04,SSE,561730,中证A股,9874.81
2026-09-04,SSE,561750,A50博时,6149.6
2026-09-04,SSE,561760,油气博时,15619.5
2026-09-04,SSE,561770,指基A100,3555
2026-09-04,SSE,561780,1000指增,1935.58
2026-09-04,SSE,561790,现代能源,5543.4
2026-09-04,SSE,561800,稀金属,20607.72
2026-09-04,SSE,561810,华泰医疗,6163.84
2026-09-04,SSE,561830,有色GTHT,21657.11
2026-09-04,SSE,561870,现金流指,8976.5
2026-09-04,SSE,561880,A100指数,8438.9
2026-09-04,SSE,561890,A股E,4111.26
2026-09-04,SSE,561900,沪深ESG,2633.44
2026-09-04,SSE,561910,电池ETF,479307.66
2026-09-04,SSE,561920,疫苗龙头,6169.2
2026-09-04,SSE,561930,招商300,18726.06
2026-09-04,SSE,561950,500增强A,7215.6
2026-09-04,SSE,561960,央企回报,5678.52
2026-09-04,SSE,561980,芯片设备,871055
2026-09-04,SSE,561990,300增强,34064.92
2026-09-04,SSE,562000,中证A100,59673.79
2026-09-04,SSE,562010,绿色能源,1829.87
2026-09-04,SSE,562030,信创基金,14097.39
2026-09-04,SSE,562050,药ETF,9846.8
2026-09-04,SSE,562060,标普红利,513679.26
2026-09-04,SSE,562070,300ETF增,55254.2
2026-09-04,SSE,562080,自由现金,57875.72
2026-09-04,SSE,562180,红低A500,10815
2026-09-04,SSE,562300,低碳ETF,5549.5
2026-09-04,SSE,562310,300成长,42257.23
2026-09-04,SSE,562320,300价值A,5529.55
2026-09-04,SSE,562330,500价值,1201.89
2026-09-04,SSE,562340,500成长,914.43
2026-09-04,SSE,562350,电力,12841.09
2026-09-04,SSE,562360,机器人YH,29247.4
2026-09-04,SSE,562380,科技引领,7462.89
2026-09-04,SSE,562390,中药,8042.9
2026-09-04,SSE,562500,机器人,1855468.73
2026-09-04,SSE,562510,旅游ETF,111259.5
2026-09-04,SSE,562520,1000成长,2856.8
2026-09-04,SSE,562530,1000价值,15914.4
2026-09-04,SSE,562550,绿电ETF,149391.93
2026-09-04,SSE,562560,信息技术,2276.55
2026-09-04,SSE,562570,信创ETF,30028.1
2026-09-04,SSE,562580,可选消费,4222.33
2026-09-04,SSE,562590,半导材料,925998.9
2026-09-04,SSE,562600,医疗器械,45493.74
2026-09-04,SSE,562660,ZZ2000,36687.4
2026-09-04,SSE,562700,汽车零件,9875
2026-09-04,SSE,562800,稀有金属,571364.5
2026-09-04,SSE,562810,上证增强,5295.1
2026-09-04,SSE,562820,集成电路,41640.8
2026-09-04,SSE,562850,央企能源,17698.15
2026-09-04,SSE,562860,疫苗ETF,33289.5
2026-09-04,SSE,562870,证券全指,58450.52
2026-09-04,SSE,562880,电池基金,88939.96
2026-09-04,SSE,562890,A50中证,27205.1
2026-09-04,SSE,562900,现代农业,23070.63
2026-09-04,SSE,562910,高端制造,30022.73
2026-09-04,SSE,562920,信息安全,8806.9
2026-09-04,SSE,562930,软件30,168743.7
2026-09-04,SSE,562950,消电50,106125.83
2026-09-04,SSE,562960,绿色电力,122739.1
2026-09-04,SSE,562970,光伏E,36744.8
2026-09-04,SSE,562990,碳中和E,37675.6
2026-09-04,SSE,563000,中国A50,152845.11
2026-09-04,SSE,563010,电信ETF,8818.93
2026-09-04,SSE,563020,低波红利,1033891
2026-09-04,SSE,563030,增强500,12716.9
2026-09-04,SSE,563050,科技央企,14420.84
2026-09-04,SSE,563060,央企50,18052.7
2026-09-04,SSE,563080,中证A50E,110458.84
2026-09-04,SSE,563090,上50增强,5484.8
2026-09-04,SSE,563150,油气资源,3439.9
2026-09-04,SSE,563180,高股息,10042
2026-09-04,SSE,563200,2000指数,5145.88
2026-09-04,SSE,563210,专精特新,11206.7
2026-09-04,SSE,563220,A500富国,641901.37
2026-09-04,SSE,563230,卫星ETF,335123.7
2026-09-04,SSE,563280,A50增强,520.66
2026-09-04,SSE,563300,中证2000,467867.4
2026-09-04,SSE,563320,通用航空,22189.2
2026-09-04,SSE,563330,A股ETF,3076.06
2026-09-04,SSE,563350,中证A50,17199.76
2026-09-04,SSE,563360,A500基金,3128898.74
2026-09-04,SSE,563380,航空航天,84795
2026-09-04,SSE,563390,现金基金,214184.4
2026-09-04,SSE,563500,A500华宝,76595.87
2026-09-04,SSE,563510,A500红利,27953.7
2026-09-04,SSE,563520,300永赢,44806.5
2026-09-04,SSE,563530,卫星E,156274.8
2026-09-04,SSE,563550,增强A500,8855.9
2026-09-04,SSE,563560,科技成长,5676.9
2026-09-04,SSE,563570,金融科,11037.4
2026-09-04,SSE,563580,现金800,24164.8
2026-09-04,SSE,563590,红利A500,6094.44
2026-09-04,SSE,563600,A500增强,6648.3
2026-09-04,SSE,563620,现金流全,5004.9
2026-09-04,SSE,563630,A500指增,3794.71
2026-09-04,SSE,563650,A500中证,14090.9
2026-09-04,SSE,563660,A500银河,6308.52
2026-09-04,SSE,563670,金科基金,17898.7
2026-09-04,SSE,563680,现金流TF,10395.9
2026-09-04,SSE,563690,红利永赢,3488.2
2026-09-04,SSE,563700,红利价值,36315
2026-09-04,SSE,563750,500添富,34223.7
2026-09-04,SSE,563760,中银现金,70591.32
2026-09-04,SSE,563770,全指现金,2730.7
2026-09-04,SSE,563780,现金指数,24002.71
2026-09-04,SSE,563790,卫星产业,119244.7
2026-09-04,SSE,563800,A500龙头,908297.81
2026-09-04,SSE,563830,现金流基,13489.6
2026-09-04,SSE,563850,食品广发,11188.17
2026-09-04,SSE,563860,A500海富,18284.43
2026-09-04,SSE,563870,航空通用,10530.39
2026-09-04,SSE,563880,A500添富,154699.64
2026-09-04,SSE,563890,红利国有,2183.6
2026-09-04,SSE,563900,现金流,45496.57
2026-09-04,SSE,563930,上指增强,2859.2
2026-09-04,SSE,563960,300质量,35701.2
2026-09-04,SSE,563980,800红利,18896.7
2026-09-04,SSE,563990,800现金,29657.3
2026-09-04,SSE,588000,科创50,5409566.82
2026-09-04,SSE,588010,科创材料,99792.58
2026-09-04,SSE,588020,科创50E,220737.3
2026-09-04,SSE,588030,科创指基,231883.81
2026-09-04,SSE,588040,科创板指,13788.9
2026-09-04,SSE,588050,科创ETF,661124.13
2026-09-04,SSE,588060,上证科创,768714
2026-09-04,SSE,588070,科创万家,4243.7
2026-09-04,SSE,588080,科创板50,2562462.81
2026-09-04,SSE,588090,科创板,305407.28
2026-09-04,SSE,588100,科创信息,20874.62
2026-09-04,SSE,588110,科创成长,108103.2
2026-09-04,SSE,588120,科100ETF,90762.2
2026-09-04,SSE,588130,科创药,46008.26
2026-09-04,SSE,588140,科200GF,21775.1
2026-09-04,SSE,588150,科创龙头,40143.26
2026-09-04,SSE,588160,科创新材,90699.6
2026-09-04,SSE,588170,科创半导,4548344.7
2026-09-04,SSE,588180,科创50基,75935.37
2026-09-04,SSE,588190,科创100,135461.83
2026-09-04,SSE,588200,科创芯片,4338268.43
2026-09-04,SSE,588210,科创100E,25325.4
2026-09-04,SSE,588220,科创100F,381319.79
2026-09-04,SSE,588230,科创200,73793.9
2026-09-04,SSE,588240,科200,11963.3
2026-09-04,SSE,588250,KC医药,26967.5
2026-09-04,SSE,588260,科创技术,4674.6
2026-09-04,SSE,588270,科创200F,30441
2026-09-04,SSE,588280,科创五零,40012.1
2026-09-04,SSE,588290,芯片科创,496469.1
2026-09-04,SSE,588300,双创ETF,154021.05
2026-09-04,SSE,588310,双创基金,3183.75
2026-09-04,SSE,588320,双创增强,8382.46
2026-09-04,SSE,588330,双创龙头,119573.78
2026-09-04,SSE,588350,双创,65854.6
2026-09-04,SSE,588360,创创ETF,22188.18
2026-09-04,SSE,588370,科创策略,7577.2
2026-09-04,SSE,588380,创50ETF,273877
2026-09-04,SSE,588390,科创创业,16493.59
2026-09-04,SSE,588400,双创50,138060.06
2026-09-04,SSE,588410,双创AI,11525
2026-09-04,SSE,588420,AI双创,33764.8
2026-09-04,SSE,588430,科创创AI,9645.8
2026-09-04,SSE,588450,科创50增,6056.87
2026-09-04,SSE,588460,科创增强,65701.4
2026-09-04,SSE,588470,双创智能,28090.7
2026-09-04,SSE,588480,AI50双创,24171.7
2026-09-04,SSE,588500,科创100Z,4564.7
2026-09-04,SSE,588510,智能双创,31917.5
2026-09-04,SSE,588520,科创增,1295.7
2026-09-04,SSE,588530,AIBOCI,22503.33
2026-09-04,SSE,588550,科创增指,6329
2026-09-04,SSE,588660,双创五零,4034.4
2026-09-04,SSE,588670,科综增强,3979.2
2026-09-04,SSE,588680,科100增,3536.1
2026-09-04,SSE,588690,科综指增,5163.6
2026-09-04,SSE,588700,科创生物,46283.62
2026-09-04,SSE,588710,科半导体,1162288.5
2026-09-04,SSE,588720,中银科创,10974.18
2026-09-04,SSE,588730,科创AI,73239.63
2026-09-04,SSE,588750,科创芯50,327122.8
2026-09-04,SSE,588760,AI科创,248253.2
2026-09-04,SSE,588770,信息科创,31159.71
2026-09-04,SSE,588780,芯片设计,105590.2
2026-09-04,SSE,588790,科创智能,334938.4
2026-09-04,SSE,588800,科创100C,168487.7
2026-09-04,SSE,588810,科创板芯,90932.4
2026-09-04,SSE,588820,科创200E,15140
2026-09-04,SSE,588830,科创新能,62784.79
2026-09-04,SSE,588840,50科创,6423.6
2026-09-04,SSE,588850,科创机械,8677.9
2026-09-04,SSE,588860,科创医药,35688.94
2026-09-04,SSE,588870,科创50指,92655.2
2026-09-04,SSE,588880,科创指数,11436.8
2026-09-04,SSE,588890,科创芯,280143
2026-09-04,SSE,588900,科创100S,35878.3
2026-09-04,SSE,588910,科创价值,10004.91
2026-09-04,SSE,588920,KC芯片,33187.6
2026-09-04,SSE,588930,科创板AI,62132.9
2026-09-04,SSE,588940,科创富国,301484
2026-09-04,SSE,588950,景顺科创,73172.97
2026-09-04,SSE,588960,新能科创,14357.98
2026-09-04,SSE,588980,科创广发,1442
2026-09-04,SSE,588990,科芯片,20374.54
2026-09-04,SSE,589000,科创综指,107550.78
2026-09-04,SSE,589010,科创AI指,93879.3
2026-09-04,SSE,589020,KC半导体,459243.8
2026-09-04,SSE,589030,科芯设计,91907.7
2026-09-04,SSE,589050,科创E,5096.8
2026-09-04,SSE,589060,科综东财,8213.79
2026-09-04,SSE,589070,科芯TH,202129.3
2026-09-04,SSE,589080,科创综E,14806.1
2026-09-04,SSE,589090,KCAI,18443.1
2026-09-04,SSE,589100,国泰芯片,93544.25
2026-09-04,SSE,589110,科AI国泰,54041.3
2026-09-04,SSE,589120,创新药基,139862
2026-09-04,SSE,589130,科创芯易,338678
2026-09-04,SSE,589150,科创平安,84143.72
2026-09-04,SSE,589160,科芯片GF,29629.6
2026-09-04,SSE,589170,芯设计KC,15090.9
2026-09-04,SSE,589180,科创材基,14031.8
2026-09-04,SSE,589190,科创芯基,367956.2
2026-09-04,SSE,589200,科200E,2250.7
2026-09-04,SSE,589210,芯设计GF,136493.8
2026-09-04,SSE,589220,科200GT,32849.58
2026-09-04,SSE,589230,AI科创CS,24855.3
2026-09-04,SSE,589250,芯设计PY,7510.13
2026-09-04,SSE,589260,科创芯设,9115.6
2026-09-04,SSE,589270,科创100Q,2451.66
2026-09-04,SSE,589280,科综增指,14906.9
2026-09-04,SSE,589290,芯片主题,14384.89
2026-09-04,SSE,589300,科综嘉实,4158.25
2026-09-04,SSE,589310,科创人工,31649.18
2026-09-04,SSE,589320,科200JS,11705.3
2026-09-04,SSE,589330,科200DC,17090.2
2026-09-04,SSE,589350,科芯片指,23828.15
2026-09-04,SSE,589360,科创50GT,269917.4
2026-09-04,SSE,589380,AI科创指,10169.43
2026-09-04,SSE,589390,芯设计,138381.05
2026-09-04,SSE,589400,芯设计FG,30778.52
2026-09-04,SSE,589410,科创AIJS,56256.56
2026-09-04,SSE,589420,芯设计MW,36248.15
2026-09-04,SSE,589430,N科芯片,24684.99
2026-09-04,SSE,589460,科200HB,22363.09
2026-09-04,SSE,589500,科综工银,8006.4
2026-09-04,SSE,589520,AI科创板,86110.46
2026-09-04,SSE,589550,KC价值,2529.55
2026-09-04,SSE,589560,科创AITF,25935.5
2026-09-04,SSE,589580,科综价格,1435.48
2026-09-04,SSE,589600,富国科综,22153.5
2026-09-04,SSE,589630,科综国泰,34325.8
2026-09-04,SSE,589660,综指科创,26553
2026-09-04,SSE,589680,科创综Z,141494.37
2026-09-04,SSE,589700,成长科创,3029.1
2026-09-04,SSE,589720,科创新药,518082.3
2026-09-04,SSE,589770,科创全指,15356.92
2026-09-04,SSE,589780,科200FG,6921.5
2026-09-04,SSE,589800,科创综合,111998.82
2026-09-04,SSE,589820,科200F,12972.02
2026-09-04,SSE,589850,科创东财,83805.7
2026-09-04,SSE,589860,天弘科综,16222.4
2026-09-04,SSE,589880,科创综,44999.6
2026-09-04,SSE,589890,景顺科综,8498.7
2026-09-04,SSE,589900,博时科综,17390.82
2026-09-04,SSE,589950,科100FG,36687.3
2026-09-04,SSE,589960,科创新源,17231.6
2026-09-04,SSE,589980,科基100,13212.2
2026-09-04,SSE,589990,科创板综,11009
2026-09-04,SZSE,158000,港股通金融ETF鹏华,11092.58
2026-09-04,SZSE,158001,价值ETF嘉实,14439.26
2026-09-04,SZSE,158003,港股通医疗ETF嘉实,10565.43
2026-09-04,SZSE,158005,工程机械ETF博时,15506.13
2026-09-04,SZSE,158006,化工ETF博时,4204.60
2026-09-04,SZSE,158008,新能源电池ETF华夏,24841.31
2026-09-04,SZSE,158009,航空航天ETF南方,3337.38
2026-09-04,SZSE,158010,医疗ETF嘉实,26321.33
2026-09-04,SZSE,158011,创业板软件ETF国泰,10634.26
2026-09-04,SZSE,158012,云计算ETF南方,27632.55
2026-09-04,SZSE,158017,化工ETF易方达,7759.45
2026-09-04,SZSE,158019,电池ETF永赢,28228.19
2026-09-04,SZSE,158027,工业互联网ETF易方达,20314.30
2026-09-04,SZSE,159001,货币ETF易方达,3486.52
2026-09-04,SZSE,159003,招商快线ETF,205.70
2026-09-04,SZSE,159005,快钱ETF汇添富,118.87
2026-09-04,SZSE,159007,养殖ETF华泰柏瑞,18760.32
2026-09-04,SZSE,159008,证券ETF景顺,10928.45
2026-09-04,SZSE,159009,创业板新能源ETF易方达,14739.27
2026-09-04,SZSE,159010,港股通科技ETF博时,20009.76
2026-09-04,SZSE,159011,养殖ETF华安,2550.51
2026-09-04,SZSE,159012,科创创业50ETF鹏华,13788.11
2026-09-04,SZSE,159013,工业互联网ETF大成,4057.88
2026-09-04,SZSE,159015,恒生港股通科技ETF国联,11035.29
2026-09-04,SZSE,159016,证券ETF广发,32104.01
2026-09-04,SZSE,159017,石油ETF工银,15125.68
2026-09-04,SZSE,159018,石油ETF广发,2790.42
2026-09-04,SZSE,159019,石油ETF华宝,4432.77
2026-09-04,SZSE,159020,养殖ETF易方达,11856.70
2026-09-04,SZSE,159021,大盘价值ETF华夏,7090.77
2026-09-04,SZSE,159022,科创创业人工智能ETF富国,17763.09
2026-09-04,SZSE,159023,养殖ETF万家,3977.79
2026-09-04,SZSE,159026,石油ETF南方,4451.34
2026-09-04,SZSE,159027,畜牧养殖ETF大成,10947.22
2026-09-04,SZSE,159028,港股汽车ETF天弘,13244.90
2026-09-04,SZSE,159029,有色ETF广发,30212.77
2026-09-04,SZSE,159030,粮食ETF华夏,40646.81
2026-09-04,SZSE,159031,粮食ETF博时,52652.86
2026-09-04,SZSE,159032,工业有色ETF易方达,25884.50
2026-09-04,SZSE,159033,粮食ETF国泰,9932.34
2026-09-04,SZSE,159035,软件ETF天弘,60985.97
2026-09-04,SZSE,159036,软件开发ETF华宝,28274.01
2026-09-04,SZSE,159037,价值ETF鹏华,6324.98
2026-09-04,SZSE,159038,粮食ETF易方达,18602.69
2026-09-04,SZSE,159039,机器人ETF华安,106446.14
2026-09-04,SZSE,159040,港股通互联网ETF鹏华,3248.10
2026-09-04,SZSE,159041,农业ETF鹏华,4947.18
2026-09-04,SZSE,159042,价值ETF汇添富,8780.11
2026-09-04,SZSE,159043,食品ETF华安,7477.06
2026-09-04,SZSE,159045,稀有金属ETF大成,17233.02
2026-09-04,SZSE,159046,绿电ETF天弘,53497.68
2026-09-04,SZSE,159048,机器人ETF大成,19380.38
2026-09-04,SZSE,159049,有色ETF工银,3507.33
2026-09-04,SZSE,159050,机器人ETF广发,65670.36
2026-09-04,SZSE,159051,医疗器械ETF易方达,8411.78
2026-09-04,SZSE,159052,新能源电池ETF嘉实,19692.60
2026-09-04,SZSE,159053,稀有金属ETF华夏,16319.81
2026-09-04,SZSE,159055,稀有金属ETF富国,12229.39
2026-09-04,SZSE,159056,医疗器械ETF富国,5993.43
2026-09-04,SZSE,159057,医疗器械ETF鹏华,2671.53
2026-09-04,SZSE,159058,证券ETF大成,7733.12
2026-09-04,SZSE,159059,电力ETF大成,5583.00
2026-09-04,SZSE,159060,粮食ETF浦银,2148.34
2026-09-04,SZSE,159061,绿色电力ETF南方,21204.02
2026-09-04,SZSE,159062,稀有金属ETF南方,11970.12
2026-09-04,SZSE,159063,粮食ETF南方,5898.66
2026-09-04,SZSE,159065,工程机械ETF景顺,10735.08
2026-09-04,SZSE,159066,A股ETF建信,20873.30
2026-09-04,SZSE,159067,绿色电力ETF鹏华,1890.87
2026-09-04,SZSE,159068,软件ETF华夏,6033.65
2026-09-04,SZSE,159069,创业板新能源ETF华泰柏瑞,4077.04
2026-09-04,SZSE,159070,工程机械ETF嘉实,10436.68
2026-09-04,SZSE,159071,新能源电池ETF华宝,12091.17
2026-09-04,SZSE,159072,粮食ETF景顺,4528.51
2026-09-04,SZSE,159073,粮食ETF汇添富,5517.38
2026-09-04,SZSE,159075,工业互联网ETF华夏,17719.71
2026-09-04,SZSE,159076,创业板新能源ETF华宝,24637.30
2026-09-04,SZSE,159077,电池ETF鑫元,3224.25
2026-09-04,SZSE,159078,A股ETF富国,16726.24
2026-09-04,SZSE,159079,价值ETF兴全,7980.68
2026-09-04,SZSE,159082,化工ETF华夏,7453.12
2026-09-04,SZSE,159083,红利低波100ETF嘉实,13637.04
2026-09-04,SZSE,159085,价值ETF永赢,3153.54
2026-09-04,SZSE,159086,金融科技ETF广发,2839.98
2026-09-04,SZSE,159087,化工ETF万家,3199.21
2026-09-04,SZSE,159091,港股通金融ETF易方达,2437.41
2026-09-04,SZSE,159093,化工ETF汇添富,2768.14
2026-09-04,SZSE,159095,云计算ETF银华,22046.81
2026-09-04,SZSE,159096,价值ETF华夏,16663.13
2026-09-04,SZSE,159098,价值ETF招商,9789.15
2026-09-04,SZSE,159099,云计算ETF华宝,10361.05
2026-09-04,SZSE,159100,巴西ETF华夏,46654.69
2026-09-04,SZSE,159101,港股通科技ETF华夏,287431.14
2026-09-04,SZSE,159102,港股通生物科技ETF华安,65012.20
2026-09-04,SZSE,159103,金融科技ETF汇添富,30140.67
2026-09-04,SZSE,159105,恒生生物科技ETF易方达,18127.29
2026-09-04,SZSE,159106,民企300ETF前海开源,3957.94
2026-09-04,SZSE,159107,创业板软件ETF富国,76182.30
2026-09-04,SZSE,159108,工业软件ETF博时,11673.85
2026-09-04,SZSE,159109,恒生50ETF景顺,56816.38
2026-09-04,SZSE,159110,科创债ETF万家,2262.70
2026-09-04,SZSE,159111,科创债ETF天弘,14427.66
2026-09-04,SZSE,159112,科创债ETF银华,22343.78
2026-09-04,SZSE,159113,科创债ETF大成,9563.62
2026-09-04,SZSE,159115,科创债ETF华安,5275.34
2026-09-04,SZSE,159116,科创债ETF工银,11460.27
2026-09-04,SZSE,159117,港股通红利低波ETF鹏华,6140.11
2026-09-04,SZSE,159118,港股通红利低波ETF华夏,6967.70
2026-09-04,SZSE,159119,800现金流ETF招商,14505.42
2026-09-04,SZSE,159120,港股通科技ETF国联安,14802.44
2026-09-04,SZSE,159121,港股通汽车ETF易方达,15248.11
2026-09-04,SZSE,159122,创业板新能源ETF富国,6716.09
2026-09-04,SZSE,159123,光伏ETF嘉实,39104.70
2026-09-04,SZSE,159125,港股通科技ETF招商,84024.58
2026-09-04,SZSE,159126,港股通50ETF南方,22761.65
2026-09-04,SZSE,159127,港股通红利ETF南方,15084.42
2026-09-04,SZSE,159128,港股科技ETF天弘,189176.08
2026-09-04,SZSE,159129,化工ETF嘉实,113190.65
2026-09-04,SZSE,159130,恒生生物科技ETF鹏华,19938.94
2026-09-04,SZSE,159131,港股通信息技术ETF华宝,220491.99
2026-09-04,SZSE,159132,恒生生物科技ETF富国,13096.35
2026-09-04,SZSE,159133,化工ETF天弘,155341.33
2026-09-04,SZSE,159135,港股通科技ETF前海开源,61846.63
2026-09-04,SZSE,159136,A50ETF广发,10941.40
2026-09-04,SZSE,159137,港股通医疗ETF华宝,17163.26
2026-09-04,SZSE,159138,工程机械ETF易方达,29476.79
2026-09-04,SZSE,159139,科创创业人工智能ETF华泰柏瑞,18210.92
2026-09-04,SZSE,159140,科创创业人工智能ETF易方达,48993.68
2026-09-04,SZSE,159141,科创创业人工智能ETF永赢,145106.07
2026-09-04,SZSE,159142,科创创业人工智能ETF景顺,117526.01
2026-09-04,SZSE,159143,港股通央企红利ETF平安,5155.44
2026-09-04,SZSE,159145,工业软件ETF广发,6958.18
2026-09-04,SZSE,159146,电力ETF华宝,69994.08
2026-09-04,SZSE,159147,电池ETF南方,213240.95
2026-09-04,SZSE,159148,石油ETF富国,24446.66
2026-09-04,SZSE,159149,创业板新能源ETF工银,5551.52
2026-09-04,SZSE,159150,深证50ETF易方达,9799.76
2026-09-04,SZSE,159151,食品ETF华夏,18165.10
2026-09-04,SZSE,159152,港股通科技ETF平安,81755.60
2026-09-04,SZSE,159153,消费电子ETF鹏华,10022.59
2026-09-04,SZSE,159155,电池ETF大成,68851.32
2026-09-04,SZSE,159156,电池ETF万家,22246.12
2026-09-04,SZSE,159157,有色金属ETF天弘,801875.87
2026-09-04,SZSE,159158,电力ETF景顺,87303.53
2026-09-04,SZSE,159159,公用事业ETF国投瑞银,11731.85
2026-09-04,SZSE,159160,电池ETF东财,25381.92
2026-09-04,SZSE,159161,工程机械ETF东财,6833.12
2026-09-04,SZSE,159162,工业有色ETF鹏华,42093.98
2026-09-04,SZSE,159163,有色ETF泰康,26580.70
2026-09-04,SZSE,159165,养殖ETF永赢,10357.12
2026-09-04,SZSE,159166,现金流ETF长城,55581.60
2026-09-04,SZSE,159167,港股通医疗ETF工银,16754.91
2026-09-04,SZSE,159168,有色ETF富国,52045.50
2026-09-04,SZSE,159169,恒生生物科技ETF广发,13087.44
2026-09-04,SZSE,159170,港股通互联网ETF永赢,38963.83
2026-09-04,SZSE,159171,工业有色ETF博时,21653.29
2026-09-04,SZSE,159172,养殖ETF汇添富,37382.92
2026-09-04,SZSE,159173,农牧ETF南方,4945.53
2026-09-04,SZSE,159175,电池ETF易方达,49627.03
2026-09-04,SZSE,159176,家电ETF华宝,2130.33
2026-09-04,SZSE,159177,工程机械ETF鹏华,4561.92
2026-09-04,SZSE,159178,消费电子ETF汇添富,10643.29
2026-09-04,SZSE,159179,港股通互联网ETF工银,10290.35
2026-09-04,SZSE,159180,软件ETF银华,3315.59
2026-09-04,SZSE,159181,石油ETF易方达,13240.53
2026-09-04,SZSE,159182,家电ETF南方,3648.56
2026-09-04,SZSE,159183,新能源车ETF招商,4938.77
2026-09-04,SZSE,159185,港股通信息技术ETF鹏华,19409.90
2026-09-04,SZSE,159186,港股通汽车ETF鹏华,8886.92
2026-09-04,SZSE,159187,创业板新能源ETF景顺,6817.62
2026-09-04,SZSE,159188,红利100ETF景顺,6660.18
2026-09-04,SZSE,159189,石油ETF华夏,10708.31
2026-09-04,SZSE,159190,创业板新能源ETF天弘,8206.92
2026-09-04,SZSE,159191,港股通科技ETF易方达,6910.48
2026-09-04,SZSE,159192,家电ETF汇添富,1798.70
2026-09-04,SZSE,159193,新能源电池ETF银华,23008.03
2026-09-04,SZSE,159195,石油ETF华安,7349.01
2026-09-04,SZSE,159196,港股通信息技术ETF易方达,22153.03
2026-09-04,SZSE,159197,石油ETF招商,3938.82
2026-09-04,SZSE,159198,港股通信息技术ETF富国,8534.43
2026-09-04,SZSE,159199,石油ETF平安,6615.49
2026-09-04,SZSE,159200,科创债ETF富国,15231.26
2026-09-04,SZSE,159201,自由现金流ETF华夏,1359427.59
2026-09-04,SZSE,159202,恒生互联网ETF万家,121940.19
2026-09-04,SZSE,159203,大盘成长ETF博时,979.19
2026-09-04,SZSE,159205,创业板ETF东财,71305.60
2026-09-04,SZSE,159206,卫星ETF永赢,944795.33
2026-09-04,SZSE,159207,高股息ETF广发,225398.33
2026-09-04,SZSE,159208,航空航天ETF万家,32546.27
2026-09-04,SZSE,159209,红利质量ETF招商,221563.50
2026-09-04,SZSE,159210,港股通汽车ETF汇添富,4334.98
2026-09-04,SZSE,159211,深证100ETF富国,2368.32
2026-09-04,SZSE,159212,深100ETF南方,7320.43
2026-09-04,SZSE,159213,机器人ETF汇添富,47973.75
2026-09-04,SZSE,159215,A500ETF平安,95858.28
2026-09-04,SZSE,159216,深证100ETF大成,1554.82
2026-09-04,SZSE,159217,港股通创新药ETF工银,588915.75
2026-09-04,SZSE,159218,卫星ETF招商,203161.63
2026-09-04,SZSE,159219,深证100ETF融通,1038.80
2026-09-04,SZSE,159220,港股通红利低波ETF华宝,50556.95
2026-09-04,SZSE,159221,现金流ETF嘉实,107901.32
2026-09-04,SZSE,159222,自由现金流ETF易方达,173637.04
2026-09-04,SZSE,159223,现金流ETF永赢,17684.47
2026-09-04,SZSE,159225,现金流ETF银华,26774.48
2026-09-04,SZSE,159226,中证A500增强ETF国泰,8709.48
2026-09-04,SZSE,159227,航空航天ETF华夏,447891.11
2026-09-04,SZSE,159228,红利低波ETF长城,10321.26
2026-09-04,SZSE,159229,自由现金流ETF广发,14155.60
2026-09-04,SZSE,159230,通用航空ETF华夏,30130.42
2026-09-04,SZSE,159231,通用航空ETF华宝,32909.18
2026-09-04,SZSE,159232,自由现金流ETF南方,209294.85
2026-09-04,SZSE,159233,自由现金流ETF平安,62062.34
2026-09-04,SZSE,159235,中证现金流ETF大成,190672.95
2026-09-04,SZSE,159236,自由现金流ETF工银,3772.21
2026-09-04,SZSE,159237,港股汽车ETF工银,4233.42
2026-09-04,SZSE,159238,沪深300增强ETF景顺,5501.61
2026-09-04,SZSE,159239,港股通汽车ETF富国,9578.07
2026-09-04,SZSE,159240,A500增强ETF天弘,1761.97
2026-09-04,SZSE,159241,航空航天ETF天弘,128907.42
2026-09-04,SZSE,159242,创业板人工智能ETF大成,43627.85
2026-09-04,SZSE,159243,创业板人工智能ETF招商,14803.02
2026-09-04,SZSE,159245,港股通消费ETF富国,7011.32
2026-09-04,SZSE,159246,创业板人工智能ETF富国,322165.56
2026-09-04,SZSE,159247,创业板ETF汇添富,61398.49
2026-09-04,SZSE,159248,人工智能ETF万家,13409.56
2026-09-04,SZSE,159249,A500增强ETF工银,10819.19
2026-09-04,SZSE,159251,港股通科技ETF万家,24378.77
2026-09-04,SZSE,159253,银行ETF博时,50000.49
2026-09-04,SZSE,159255,通用航空ETF易方达,6833.88
2026-09-04,SZSE,159256,创业板软件ETF华夏,58618.37
2026-09-04,SZSE,159257,航空ETF汇添富,14741.69
2026-09-04,SZSE,159258,机器人ETF南方,132726.56
2026-09-04,SZSE,159259,成长ETF易方达,507969.64
2026-09-04,SZSE,159260,证券ETF博时,101971.35
2026-09-04,SZSE,159261,创业板新能源ETF鹏华,4981.49
2026-09-04,SZSE,159262,港股通科技ETF广发,546872.04
2026-09-04,SZSE,159263,价值ETF易方达,637010.51
2026-09-04,SZSE,159265,港股消费ETF鹏华,17795.08
2026-09-04,SZSE,159266,港股央企红利ETF永赢,34171.00
2026-09-04,SZSE,159267,航天ETF华安,254750.61
2026-09-04,SZSE,159268,港股通消费ETF汇添富,38905.50
2026-09-04,SZSE,159269,港股通科技ETF南方,151631.17
2026-09-04,SZSE,159270,创业板200ETF南方,9076.36
2026-09-04,SZSE,159271,恒生ETF鹏华,24138.67
2026-09-04,SZSE,159272,机器人ETF富国,369216.46
2026-09-04,SZSE,159273,云计算ETF汇添富,70777.75
2026-09-04,SZSE,159275,农牧渔ETF华宝,26030.29
2026-09-04,SZSE,159276,现金流ETF汇添富,55469.66
2026-09-04,SZSE,159277,港股通红利ETF富国,3555.70
2026-09-04,SZSE,159278,机器人ETF鹏华,201454.58
2026-09-04,SZSE,159279,创业板人工智能ETF华安,15838.75
2026-09-04,SZSE,159280,港股通互联网ETF汇添富,10771.71
2026-09-04,SZSE,159281,港股央企红利ETF天弘,24323.30
2026-09-04,SZSE,159283,通用航空ETF南方,29643.79
2026-09-04,SZSE,159285,港股通消费ETF华安,24848.66
2026-09-04,SZSE,159286,港股通创新药ETF鹏华,71978.54
2026-09-04,SZSE,159287,创业板综ETF博时,10956.87
2026-09-04,SZSE,159288,创业板综ETF银华,9217.49
2026-09-04,SZSE,159289,创业板综指ETF鹏华,3890.26
2026-09-04,SZSE,159290,创业板综指增强ETF东财,4510.03
2026-09-04,SZSE,159291,创业板综增强ETF招商,1745.73
2026-09-04,SZSE,159292,创业板综增强ETF华宝,17518.95
2026-09-04,SZSE,159293,创业板综增强ETF建信,2515.93
2026-09-04,SZSE,159295,创业综指ETF西部利得,9695.82
2026-09-04,SZSE,159296,A500红利低波ETF华宝,4404.29
2026-09-04,SZSE,159297,港股通创新药ETF南方,378441.86
2026-09-04,SZSE,159298,创业板50ETF大成,16728.10
2026-09-04,SZSE,159299,金融科技ETF易方达,65947.29
2026-09-04,SZSE,159300,沪深300ETF富国,38075.80
2026-09-04,SZSE,159301,公用事业ETF华夏,12295.83
2026-09-04,SZSE,159302,港股高股息ETF银华,4829.76
2026-09-04,SZSE,159303,恒生医疗ETF大成,7399.16
2026-09-04,SZSE,159305,储能电池ETF广发,119264.03
2026-09-04,SZSE,159306,汽车零部件ETF平安,2124.46
2026-09-04,SZSE,159307,红利低波100ETF博时,705790.35
2026-09-04,SZSE,159309,油气ETF汇添富,54837.17
2026-09-04,SZSE,159310,芯片ETF天弘,50198.10
2026-09-04,SZSE,159311,数字经济ETF易方达,3738.39
2026-09-04,SZSE,159312,恒指港股通ETF广发,3222.43
2026-09-04,SZSE,159315,黄金股ETF工银,18458.96
2026-09-04,SZSE,159316,港股通创新药ETF易方达,532033.61
2026-09-04,SZSE,159318,恒指港股通ETF银华,1360.16
2026-09-04,SZSE,159320,电网设备ETF广发,167023.55
2026-09-04,SZSE,159321,黄金股ETF华安,39490.03
2026-09-04,SZSE,159322,黄金股ETF平安,11541.16
2026-09-04,SZSE,159323,港股通汽车ETF华夏,9709.73
2026-09-04,SZSE,159325,半导体ETF南方,55646.05
2026-09-04,SZSE,159326,电网设备ETF华夏,1159126.55
2026-09-04,SZSE,159327,半导体设备ETF万家,292057.40
2026-09-04,SZSE,159328,家电ETF易方达,9255.67
2026-09-04,SZSE,159329,沙特ETF南方,115518.91
2026-09-04,SZSE,159330,沪深300ETF东财,42580.10
2026-09-04,SZSE,159331,红利港股ETF国泰,14569.41
2026-09-04,SZSE,159332,央企红利ETF富国,8552.14
2026-09-04,SZSE,159333,港股央企红利ETF万家,20095.28
2026-09-04,SZSE,159335,央企科创ETF融通,6288.36
2026-09-04,SZSE,159336,央企红利ETF融通,30490.50
2026-09-04,SZSE,159337,中证500ETF东财,27971.06
2026-09-04,SZSE,159338,中证A500ETF国泰,2152408.66
2026-09-04,SZSE,159339,A500ETF银华,182608.68
2026-09-07,SSE,510010,治理ETF,13052.44
2026-09-07,SSE,510020,超大ETF,3584.8
2026-09-07,SSE,510030,价值ETF,14122.98
2026-09-07,SSE,510040,上证180E,2648
2026-09-07,SSE,510050,50ETF,701886.68
2026-09-07,SSE,510060,央企ETF,3495.92
2026-09-07,SSE,510090,ESG建信,2558.11
2026-09-07,SSE,510100,SZ50ETF,98690.68
2026-09-07,SSE,510130,中盘ETF,3108.51
2026-09-07,SSE,510140,上证指,8323.05
2026-09-07,SSE,510150,消费ETF,283517.86
2026-09-07,SSE,510160,产业升级,18405.74
2026-09-07,SSE,510170,商品ETF,32891.48
2026-09-07,SSE,510180,180ETF,442105.77
2026-09-07,SSE,510190,上证50基,2365.08
2026-09-07,SSE,510200,上证券商,14338.55
2026-09-07,SSE,510210,综指ETF,1434819.26
2026-09-07,SSE,510230,金融ETF,66580.8
2026-09-07,SSE,510270,国企ETF,1783.21
2026-09-07,SSE,510290,380ETF,5444.89
2026-09-07,SSE,510300,300ETF,2364888.77
2026-09-07,SSE,510310,HS300ETF,1146484.4
2026-09-07,SSE,510320,300中金,63706.85
2026-09-07,SSE,510330,华夏300,843594.98
2026-09-07,SSE,510350,工银300,67691.47
2026-09-07,SSE,510360,广发300,182038.12
2026-09-07,SSE,510370,兴业300,8725.81
2026-09-07,SSE,510380,国寿300,146180.24
2026-09-07,SSE,510390,平安300,13655
2026-09-07,SSE,510410,资源ETF,44125.84
2026-09-07,SSE,510500,500ETF,553136.86
2026-09-07,SSE,510510,广发500,87903.83
2026-09-07,SSE,510530,工银500,4747.94
2026-09-07,SSE,510550,方正500,2374.33
2026-09-07,SSE,510560,国寿500,5231.87
2026-09-07,SSE,510570,兴业500,4806.06
2026-09-07,SSE,510580,ZZ500ETF,115976.83
2026-09-07,SSE,510590,平安500,11398.61
2026-09-07,SSE,510600,沪50ETF,1361.51
2026-09-07,SSE,510630,消费30,54736.15
2026-09-07,SSE,510650,金融行业,1245.25
2026-09-07,SSE,510660,医药行业,5237.97
2026-09-07,SSE,510670,180指,17549.3
2026-09-07,SSE,510680,万家50,1932.47
2026-09-07,SSE,510710,上50ETF,10341.89
2026-09-07,SSE,510720,红利国泰,166976.6
2026-09-07,SSE,510760,上证ETF,305050.37
2026-09-07,SSE,510770,G60创新,2161.07
2026-09-07,SSE,510800,上证50,17457.6
2026-09-07,SSE,510810,上海国企,597319.37
2026-09-07,SSE,510850,工银上50,4729.89
2026-09-07,SSE,510880,红利ETF,557217.57
2026-09-07,SSE,510900,恒生中国,321302.19
2026-09-07,SSE,510910,上证指CS,15379.6
2026-09-07,SSE,510950,上证广发,10102.08
2026-09-07,SSE,510980,上证综合,62979.8
2026-09-07,SSE,510990,ESG180,4094.86
2026-09-07,SSE,511010,国债ETF,5105.63
2026-09-07,SSE,511020,活跃国债,3868.75
2026-09-07,SSE,511030,公司债,40339.07
2026-09-07,SSE,511060,5年地债,2184.63
2026-09-07,SSE,511070,沪公司债,29654.1
2026-09-07,SSE,511090,30年国债,29376.81
2026-09-07,SSE,511100,基准国债,10867.05
2026-09-07,SSE,511110,公司债易,33549.96
2026-09-07,SSE,511120,科创债基,11869.06
2026-09-07,SSE,511130,国债30年,19820.97
2026-09-07,SSE,511150,科债永赢,11153.09
2026-09-07,SSE,511160,国债东财,2151.09
2026-09-07,SSE,511180,上证转债,100675.97
2026-09-07,SSE,511190,信用债,15295.43
2026-09-07,SSE,511200,信用债基,25471.75
2026-09-07,SSE,511220,城投ETF,531188.14
2026-09-07,SSE,511260,十年国债,17105.65
2026-09-07,SSE,511270,10年地债,8993.75
2026-09-07,SSE,511360,短融ETF,74769.26
2026-09-07,SSE,511380,转债ETF,473858.67
2026-09-07,SSE,511520,政金债,39216.65
2026-09-07,SSE,511580,国债政金,7151.08
2026-09-07,SSE,512000,券商ETF,7213563.54
2026-09-07,SSE,512010,医药ETF,4008369.49
2026-09-07,SSE,512020,A500,110601.27
2026-09-07,SSE,512030,A50增,4324
2026-09-07,SSE,512040,国信价值,457371.59
2026-09-07,SSE,512050,A500E,1618699.22
2026-09-07,SSE,512060,A100指基,1092.8
2026-09-07,SSE,512070,证券保险,1663047.97
2026-09-07,SSE,512080,A500中金,77918.61
2026-09-07,SSE,512090,MSCI易基,32959.23
2026-09-07,SSE,512100,1000ETF,657521.76
2026-09-07,SSE,512120,医药50,77624.19
2026-09-07,SSE,512130,现金全指,1489.5
2026-09-07,SSE,512140,电力事业,13904.9
2026-09-07,SSE,512150,A50ETF,1807.34
2026-09-07,SSE,512160,MSCI基金,12177.78
2026-09-07,SSE,512170,医疗ETF,7175982.05
2026-09-07,SSE,512180,建信MSCI,4804.8
2026-09-07,SSE,512190,之江凤凰,20851.84
2026-09-07,SSE,512200,地产ETF,324334.79
2026-09-07,SSE,512220,TMTETF,21446.76
2026-09-07,SSE,512240,A50龙头,2168.6
2026-09-07,SSE,512250,A50指数E,11960.01
2026-09-07,SSE,512260,500低波,1969.77
2026-09-07,SSE,512290,生物医药,316382.07
2026-09-07,SSE,512330,信息ETF,35368.8
2026-09-07,SSE,512360,MSCI国际,2733.77
2026-09-07,SSE,512370,A500增指,29631.3
2026-09-07,SSE,512380,MSCI中国,7580.56
2026-09-07,SSE,512390,MSCI低波,968.2
2026-09-07,SSE,512400,有色ETF,1435053.9
2026-09-07,SSE,512410,银行广发,4167.17
2026-09-07,SSE,512420,机械华安,7323.89
2026-09-07,SSE,512430,家电家居,2872
2026-09-07,SSE,512450,广发养殖,10086.7
2026-09-07,SSE,512460,电池主题,30482.3
2026-09-07,SSE,512480,半导体,2020600.72
2026-09-07,SSE,512500,中证500,179280.88
2026-09-07,SSE,512510,ETF500,43192.98
2026-09-07,SSE,512520,MSCIETF,4505.64
2026-09-07,SSE,512530,300红利,9450.2
2026-09-07,SSE,512550,A50基金,10990.6
2026-09-07,SSE,512560,中证军工,92712.7
2026-09-07,SSE,512570,中证证券,396980.61
2026-09-07,SSE,512580,环保ETF,57147.17
2026-09-07,SSE,512600,必选消费,167005.61
2026-09-07,SSE,512620,农业TH,140166.6
2026-09-07,SSE,512630,卫星基金,164042.6
2026-09-07,SSE,512640,金融地产,2074.09
2026-09-07,SSE,512650,长三角,3094.16
2026-09-07,SSE,512660,军工ETF,649608
2026-09-07,SSE,512670,国防ETF,213565.26
2026-09-07,SSE,512680,军工基金,307453.01
2026-09-07,SSE,512690,酒ETF,3173335.02
2026-09-07,SSE,512700,银行基金,69908.1
2026-09-07,SSE,512710,军工龙头,1131465.84
2026-09-07,SSE,512720,计算机,36345.34
2026-09-07,SSE,512730,银行FUND,5108.39
2026-09-07,SSE,512750,基本面50,4565.49
2026-09-07,SSE,512760,芯片ETF,974544.55
2026-09-07,SSE,512770,战略新兴,9676.78
2026-09-07,SSE,512800,银行ETF,1162407.99
2026-09-07,SSE,512810,国防军工,97358.35
2026-09-07,SSE,512820,银行股基,38230.19
2026-09-07,SSE,512870,杭州湾区,2241.06
2026-09-07,SSE,512880,证券ETF,5596029.15
2026-09-07,SSE,512890,红利低波,2635111.08
2026-09-07,SSE,512900,证券基金,759290.6
2026-09-07,SSE,512910,100ETF,13112.88
2026-09-07,SSE,512930,AIETF,488052.13
2026-09-07,SSE,512940,有色矿业,214570.5
2026-09-07,SSE,512950,央企改革,404355.1
2026-09-07,SSE,512960,央调ETF,385545.73
2026-09-07,SSE,512970,湾区ETF,498.76
2026-09-07,SSE,512980,传媒ETF,534292.44
2026-09-07,SSE,512990,MSCIA股,9901.54
2026-09-07,SSE,513000,225ETF,101791.14
2026-09-07,SSE,513010,港股科技,4423830.7
2026-09-07,SSE,513020,科技HK,228814.54
2026-09-07,SSE,513030,德国ETF,102177.9
2026-09-07,SSE,513040,HK互联网,678584.13
2026-09-07,SSE,513050,中概互联,3458743.27
2026-09-07,SSE,513060,恒生医疗,852789.33
2026-09-07,SSE,513070,HK消费50,133676.08
2026-09-07,SSE,513080,法国ETF,66491.6
2026-09-07,SSE,513090,香港证券,970998.8
2026-09-07,SSE,513100,纳指ETF,946511.06
2026-09-07,SSE,513110,纳指100,220543.5
2026-09-07,SSE,513120,HK创新药,1841763.54
2026-09-07,SSE,513130,恒生科技,5779234.7
2026-09-07,SSE,513140,港股金融,7836.8
2026-09-07,SSE,513150,港科技50,10055.98
2026-09-07,SSE,513160,科技30,318518.93
2026-09-07,SSE,513170,恒生央企,16057.3
2026-09-07,SSE,513180,恒指科技,6954675.95
2026-09-07,SSE,513190,H股金融,99693.6
2026-09-07,SSE,513200,港股医药,88028.21
2026-09-07,SSE,513210,恒生E,3994.2
2026-09-07,SSE,513220,互联网30,52110.94
2026-09-07,SSE,513230,H股消费,32942.27
2026-09-07,SSE,513240,港信息,10449.6
2026-09-07,SSE,513260,恒科技,475224.3
2026-09-07,SSE,513280,恒生生物,36511.45
2026-09-07,SSE,513290,纳指生物,106057.21
2026-09-07,SSE,513300,纳斯达克,534817.1
2026-09-07,SSE,513310,中韩芯片,245142.7
2026-09-07,SSE,513320,HK新经济,9101.06
2026-09-07,SSE,513330,恒生互联,7041148
2026-09-07,SSE,513350,油气ETF,84774.6
2026-09-07,SSE,513360,教育ETF,61921.39
2026-09-07,SSE,513380,科技恒生,1778378.49
2026-09-07,SSE,513390,纳指基金,214837.91
2026-09-07,SSE,513400,道琼斯,282206.2
2026-09-07,SSE,513500,标普500,1026963.86
2026-09-07,SSE,513520,日经ETF,107938.72
2026-09-07,SSE,513530,港股红利,295943.87
2026-09-07,SSE,513550,港股通50,167899.2
2026-09-07,SSE,513560,香港科技,53138.6
2026-09-07,SSE,513580,HS科技,605911.8
2026-09-07,SSE,513590,香港消费,13051.89
2026-09-07,SSE,513600,恒指ETF,60882.95
2026-09-07,SSE,513620,港医疗指,5521.6
2026-09-07,SSE,513630,香港红利,751235.9
2026-09-07,SSE,513650,标普ETF,437173.4
2026-09-07,SSE,513660,恒生通,180200.02
2026-09-07,SSE,513690,恒生股息,314847.99
2026-09-07,SSE,513700,香港医药,78184.6
2026-09-07,SSE,513720,香港互联,24885.9
2026-09-07,SSE,513730,东南亚,77835.5
2026-09-07,SSE,513750,港股非银,801333.8
2026-09-07,SSE,513770,港股互联,1433813.79
2026-09-07,SSE,513780,港股新药,188115.7
2026-09-07,SSE,513800,东证ETF,103664.44
2026-09-07,SSE,513810,港股国企,4199.2
2026-09-07,SSE,513820,港股分红,173816.9
2026-09-07,SSE,513830,红利港股,5281.1
2026-09-07,SSE,513850,美国50,125489.26
2026-09-07,SSE,513860,HKC科技,259347.06
2026-09-07,SSE,513870,纳指指数,138067.1
2026-09-07,SSE,513880,日经225,131797
2026-09-07,SSE,513890,HK科技,89312.8
2026-09-07,SSE,513900,港股100,8997.8
2026-09-07,SSE,513910,红利央企,195327.6
2026-09-07,SSE,513920,央企40,258223.1
2026-09-07,SSE,513930,香港生科,11240.8
2026-09-07,SSE,513950,恒生红利,237511.9
2026-09-07,SSE,513970,恒生消费,140504.1
2026-09-07,SSE,513980,科技港股,1643320.4
2026-09-07,SSE,513990,港股通综,4300
2026-09-07,SSE,515000,科技ETF,323657.93
2026-09-07,SSE,515010,华夏证券,206827.16
2026-09-07,SSE,515020,银行指数,37334.53
2026-09-07,SSE,515030,新汽车,149838.4
2026-09-07,SSE,515040,工业金属,5331.96
2026-09-07,SSE,515050,5GETF,1726720.54
2026-09-07,SSE,515060,华夏地产,98647.81
2026-09-07,SSE,515070,AI智能,755294.04
2026-09-07,SSE,515080,中证红利,680914.89
2026-09-07,SSE,515090,可持续,980.17
2026-09-07,SSE,515100,红利100,361894.15
2026-09-07,SSE,515110,国企方达,21429.5
2026-09-07,SSE,515120,创新药,1786499.36
2026-09-07,SSE,515130,HS300E,9746.32
2026-09-07,SSE,515150,国企富国,39870.32
2026-09-07,SSE,515160,MSCI招商,24395.51
2026-09-07,SSE,515170,食品饮料,857125.79
2026-09-07,SSE,515180,100红利,1266863.7
2026-09-07,SSE,515190,BOCI500,29346.61
2026-09-07,SSE,515200,创新100,3794.32
2026-09-07,SSE,515210,钢铁ETF,98222.61
2026-09-07,SSE,515220,煤炭ETF,841517.69
2026-09-07,SSE,515230,软件ETF,799769.09
2026-09-07,SSE,515250,智能汽车,34294.45
2026-09-07,SSE,515260,电子ETF,88256.84
2026-09-07,SSE,515290,银行,249137.29
2026-09-07,SSE,515300,红利300,293917.52
2026-09-07,SSE,515310,添富300,32511.12
2026-09-07,SSE,515320,电子50,8930.9
2026-09-07,SSE,515330,天弘300,617670.95
2026-09-07,SSE,515350,民生300,1259.92
2026-09-07,SSE,515360,方正300,3727.93
2026-09-07,SSE,515370,中证光伏,97571.3
2026-09-07,SSE,515380,泰康300,66339.98
2026-09-07,SSE,515390,HS300,191068.3
2026-09-07,SSE,515400,大数据,171463.14
2026-09-07,SSE,515450,红利50,1410333.5
2026-09-07,SSE,515460,质量红利,27309.1
2026-09-07,SSE,515480,红利一百,2434.07
2026-09-07,SSE,515530,泰康500,1224.27
2026-09-07,SSE,515550,国联500,2034.57
2026-09-07,SSE,515560,证券E,19288.33
2026-09-07,SSE,515580,中证科技,30003.14
2026-09-07,SSE,515590,500ETFEW,3611.37
2026-09-07,SSE,515600,央企创新,103779.74
2026-09-07,SSE,515630,保险证券,92971.77
2026-09-07,SSE,515640,家电指数,1705
2026-09-07,SSE,515650,消费50,302118.4
2026-09-07,SSE,515660,沪深300E,43449.42
2026-09-07,SSE,515680,创新央企,109926.47
2026-09-07,SSE,515700,新能车,65951.02
2026-09-07,SSE,515710,食品ETF,231709.98
2026-09-07,SSE,515720,金科富国,43361.1
2026-09-07,SSE,515730,家居家电,3989.2
2026-09-07,SSE,515750,科技50,26314.05
2026-09-07,SSE,515760,浙江国资,9438.81
2026-09-07,SSE,515770,MSCIAETF,4272.73
2026-09-07,SSE,515790,光伏ETF,600749.4
2026-09-07,SSE,515800,800ETF,386743.72
2026-09-07,SSE,515810,ZZ800ETF,26390.88
2026-09-07,SSE,515840,食品南方,3342.64
2026-09-07,SSE,515850,证券龙头,47929.1
2026-09-07,SSE,515860,科技100,10187.89
2026-09-07,SSE,515880,通信ETF,6121777.4
2026-09-07,SSE,515890,红利博时,37944.39
2026-09-07,SSE,515900,央创ETF,222544.65
2026-09-07,SSE,515910,质量ETF,22450.7
2026-09-07,SSE,515920,智能消费,6440.57
2026-09-07,SSE,515950,医药龙头,53420.06
2026-09-07,SSE,515960,医药100,24099.19
2026-09-07,SSE,515970,华夏机械,52508.8
2026-09-07,SSE,515980,人工智能,628712.9
2026-09-07,SSE,515990,添富国企,5335.02
2026-09-07,SSE,516000,数据ETF,43885.5
2026-09-07,SSE,516010,游戏ETF,240969.3
2026-09-07,SSE,516020,化工ETF,351032.62
2026-09-07,SSE,516050,科技龙头,16222.8
2026-09-07,SSE,516060,新药ETF,29923.74
2026-09-07,SSE,516070,碳中和50,29364.6
2026-09-07,SSE,516080,创新医药,533755.48
2026-09-07,SSE,516090,新能源E,167484.48
2026-09-07,SSE,516100,科技金融,113275.97
2026-09-07,SSE,516110,汽车ETF,23262.31
2026-09-07,SSE,516120,化工50,499858.2
2026-09-07,SSE,516130,消费龙头,156689
2026-09-07,SSE,516150,稀土基金,378957.7
2026-09-07,SSE,516160,新能源,151364.2
2026-09-07,SSE,516180,光伏产业,15098.7
2026-09-07,SSE,516190,文娱ETF,11581.85
2026-09-07,SSE,516200,证券行业,44360.4
2026-09-07,SSE,516210,银行股,7543.1
2026-09-07,SSE,516220,化工龙头,25917
2026-09-07,SSE,516230,光伏招商,75092.1
2026-09-07,SSE,516250,富国机械,6187.8
2026-09-07,SSE,516260,物联网50,4388.26
2026-09-07,SSE,516270,新能源50,31040.9
2026-09-07,SSE,516290,光伏基金,74719.69
2026-09-07,SSE,516300,中证1000,3901.26
2026-09-07,SSE,516310,银行指基,157975.85
2026-09-07,SSE,516320,装备ETF,9058.93
2026-09-07,SSE,516330,物联网,847.13
2026-09-07,SSE,516350,芯片50,143241.53
2026-09-07,SSE,516360,新材料,5755.18
2026-09-07,SSE,516370,全指电力,29040.8
2026-09-07,SSE,516380,智能电车,8544.93
2026-09-07,SSE,516390,电动车,18426.1
2026-09-07,SSE,516440,南方机械,13262.66
2026-09-07,SSE,516460,现金流E,42069.3
2026-09-07,SSE,516500,生物ETF,20693.72
2026-09-07,SSE,516510,云计算,150589
2026-09-07,SSE,516520,智能驾驶,78976.55
2026-09-07,SSE,516530,物流快递,1680.23
2026-09-07,SSE,516550,农业ETF,26241.44
2026-09-07,SSE,516560,养老ETF,20925.8
2026-09-07,SSE,516570,石化ETF,111635.76
2026-09-07,SSE,516580,新能源BS,14812.41
2026-09-07,SSE,516590,电动汽车,5201.5
2026-09-07,SSE,516600,消服ETF,11033.21
2026-09-07,SSE,516610,医服ETF,23197.48
2026-09-07,SSE,516620,影视ETF,27876.75
2026-09-07,SSE,516630,云计算50,47915.6
2026-09-07,SSE,516640,芯片龙头,134648.28
2026-09-07,SSE,516650,有色50,523946.48
2026-09-07,SSE,516660,新能汽车,15568.9
2026-09-07,SSE,516670,畜牧养殖,329726.63
2026-09-07,SSE,516700,数据产业,17262.2
2026-09-07,SSE,516710,新材料50,7427.2
2026-09-07,SSE,516720,ESGETF,933.78
2026-09-07,SSE,516730,证券公司,22638.08
2026-09-07,SSE,516750,建材ETF,13916.73
2026-09-07,SSE,516760,养殖ETF,27821.51
2026-09-07,SSE,516770,游戏动漫,25704.8
2026-09-07,SSE,516780,稀土ETF,239459.97
2026-09-07,SSE,516790,保健ETF,18268.22
2026-09-07,SSE,516800,智能制造,18230.8
2026-09-07,SSE,516810,农业,52747.89
2026-09-07,SSE,516820,医疗创新,457241.52
2026-09-07,SSE,516830,300ESG,8967.69
2026-09-07,SSE,516840,汽车基金,13527.7
2026-09-07,SSE,516850,新能源80,14323.7
2026-09-07,SSE,516860,金融科技,115952.2
2026-09-07,SSE,516880,光伏50,91994.41
2026-09-07,SSE,516890,新材ETF,3331.14
2026-09-07,SSE,516900,食品50,27872.9
2026-09-07,SSE,516910,物流ETF,5764.18
2026-09-07,SSE,516920,芯片基金,49446.3
2026-09-07,SSE,516930,生科ETF,10763.96
2026-09-07,SSE,516950,基建ETF,10782.1
2026-09-07,SSE,516960,机械ETF,1605.11
2026-09-07,SSE,516970,基建50,117254.25
2026-09-07,SSE,516980,证券先锋,5401.6
2026-09-07,SSE,517000,沪港深,12279.3
2026-09-07,SSE,517010,HGS500E,7814.42
2026-09-07,SSE,517030,HGS300,8404.03
2026-09-07,SSE,517050,互联网50,34760.5
2026-09-07,SSE,517080,HGS500,17316.6
2026-09-07,SSE,517090,共赢ETF,5307.5
2026-09-07,SSE,517100,AH500ETF,14360.21
2026-09-07,SSE,517110,创新药HK,132809.85
2026-09-07,SSE,517120,创新药50,56496.64
2026-09-07,SSE,517130,云计算JS,18865.4
2026-09-07,SSE,517160,长江ETF,182677.75
2026-09-07,SSE,517170,沪港深E,1613.18
2026-09-07,SSE,517180,中国国企,8949.63
2026-09-07,SSE,517200,互联网,14478.2
2026-09-07,SSE,517230,云计算MW,15654.58
2026-09-07,SSE,517300,AH300ETF,100243.45
2026-09-07,SSE,517330,长江保护,180916.9
2026-09-07,SSE,517350,龙头科技,4904.2
2026-09-07,SSE,517360,AH科技,2508.3
2026-09-07,SSE,517380,创新药AH,296032.63
2026-09-07,SSE,517390,云计算AH,12911.26
2026-09-07,SSE,517400,黄金股票,100279.2
2026-09-07,SSE,517520,黄金股,638090.4
2026-09-07,SSE,517550,消费主题,8041.74
2026-09-07,SSE,517660,物联网AH,3988.07
2026-09-07,SSE,517770,游戏传媒,19094.78
2026-09-07,SSE,517800,AI50,21353.97
2026-09-07,SSE,517850,张江ETF,3818.52
2026-09-07,SSE,517880,品牌消费,4933.71
2026-09-07,SSE,517900,银行优选,38099.35
2026-09-07,SSE,517950,交银科技,5012.32
2026-09-07,SSE,517990,医药基金,4598.79
2026-09-07,SSE,518600,上海金,84421.63
2026-09-07,SSE,518660,工银黄金,96705.27
2026-09-07,SSE,518680,金ETF,81216.95
2026-09-07,SSE,518800,黄金基金,380497.92
2026-09-07,SSE,518850,黄金9999,192067.87
2026-09-07,SSE,518860,上海金E,46725.98
2026-09-07,SSE,518880,黄金ETF,1173354.08
2026-09-07,SSE,518890,中银黄金,37555.48
2026-09-07,SSE,520500,恒生新药,189730.5
2026-09-07,SSE,520510,港股医疗,39072.8
2026-09-07,SSE,520520,HK消费,5260.6
2026-09-07,SSE,520530,港科ETF,23577.6
2026-09-07,SSE,520550,红利恒生,115252.4
2026-09-07,SSE,520560,香港30,60741.9
2026-09-07,SSE,520570,科技恒指,350887.6
2026-09-07,SSE,520580,新兴亚洲,29098.39
2026-09-07,SSE,520590,恒科,19623.5
2026-09-07,SSE,520600,汽车港股,26586.8
2026-09-07,SSE,520610,港红利指,42196.3
2026-09-07,SSE,520620,港股消费,28540.9
2026-09-07,SSE,520630,互联港股,59411
2026-09-07,SSE,520650,互联网HK,248325.5
2026-09-07,SSE,520660,港红利CS,198048.55
2026-09-07,SSE,520670,港科基金,21392.81
2026-09-07,SSE,520680,港股通车,7036.9
2026-09-07,SSE,520690,恒生港药,63145.4
2026-09-07,SSE,520700,创新药WJ,46007.6
2026-09-07,SSE,520710,信息港股,9702.9
2026-09-07,SSE,520720,香港汽车,12294.2
2026-09-07,SSE,520730,汽车WJ,11839.44
2026-09-07,SSE,520740,互联香港,4501.26
2026-09-07,SSE,520750,HK信息,13238.4
2026-09-07,SSE,520760,港股生物,12646.6
2026-09-07,SSE,520770,港股恒指,21337.38
2026-09-07,SSE,520780,港股车50,3946
2026-09-07,SSE,520790,港互联网,60207.5
2026-09-07,SSE,520810,港高股息,31836
2026-09-07,SSE,520820,恒指通,5868.2
2026-09-07,SSE,520830,沙特ETF,104311.9
2026-09-07,SSE,520840,港科技,112804.9
2026-09-07,SSE,520850,港医疗,14524.96
2026-09-07,SSE,520860,港股通科,34219.5
2026-09-07,SSE,520870,巴西ETF,51297.72
2026-09-07,SSE,520880,港创新药,436361.8
2026-09-07,SSE,520890,港红利,8000.8
2026-09-07,SSE,520900,红利香港,153117.5
2026-09-07,SSE,520910,HK互联,75544.5
2026-09-07,SSE,520920,恒生科TH,1891901.9
2026-09-07,SSE,520930,恒生生科,16073.3
2026-09-07,SSE,520940,恒指基金,2229.7
2026-09-07,SSE,520950,港股50,32542.1
2026-09-07,SSE,520960,恒指港通,5060.34
2026-09-07,SSE,520970,港股通药,125235.8
2026-09-07,SSE,520980,港科技30,313838.7
2026-09-07,SSE,520990,国新红利,340547.05
2026-09-07,SSE,526000,港股信息,17614.2
2026-09-07,SSE,526010,香港医疗,3245.8
2026-09-07,SSE,526030,港信息基,15346.5
2026-09-07,SSE,526050,香港信息,5363
2026-09-07,SSE,526060,港股技术,10587.7
2026-09-07,SSE,526070,恒生博时,5237.7
2026-09-07,SSE,530000,50ETF基,93902.94
2026-09-07,SSE,530050,SH50ETF,12781.3
2026-09-07,SSE,530060,上证综E,88519.3
2026-09-07,SSE,530080,180指基,2491.7
2026-09-07,SSE,530100,上证580,12069.6
2026-09-07,SSE,530180,上证180,5795.2
2026-09-07,SSE,530280,180ETF指,2993.4
2026-09-07,SSE,530300,180指数,3364.3
2026-09-07,SSE,530380,上证380,13470.5
2026-09-07,SSE,530530,580ETF,13446
2026-09-07,SSE,530580,180基金,5314.9
2026-09-07,SSE,530680,180E,10689.19
2026-09-07,SSE,530800,上180ETF,1820.18
2026-09-07,SSE,530880,上证红利,3833.6
2026-09-07,SSE,551000,科创债,7790.41
2026-09-07,SSE,551030,科创债券,18334
2026-09-07,SSE,551060,科创债沪,5735.1
2026-09-07,SSE,551300,科创债摩,5099.75
2026-09-07,SSE,551500,科创债易,13177
2026-09-07,SSE,551510,科债AAA,14571.61
2026-09-07,SSE,551520,科创债汇,21521.16
2026-09-07,SSE,551550,科创AAA,17988.82
2026-09-07,SSE,551560,科创债兴,17184.88
2026-09-07,SSE,551580,科创债TK,10703.68
2026-09-07,SSE,551800,国泰科债,11608.14
2026-09-07,SSE,551900,科创债指,13893.17
2026-09-07,SSE,560010,1000基金,189462.17
2026-09-07,SSE,560020,红利添富,13156.2
2026-09-07,SSE,560030,800价值,2343.2
2026-09-07,SSE,560050,MSCIA50,218493.44
2026-09-07,SSE,560060,碳中和基,7609
2026-09-07,SSE,560070,央企分红,8236.23
2026-09-07,SSE,560080,中药ETF,227876.5
2026-09-07,SSE,560090,证券指数,227986.5
2026-09-07,SSE,560100,增强ETF,6108.03
2026-09-07,SSE,560110,ZZ1000,34990.35
2026-09-07,SSE,560120,500现金,57468.9
2026-09-07,SSE,560130,食品基金,6977.62
2026-09-07,SSE,560150,红利TK,67027.93
2026-09-07,SSE,560160,食品E,10970.6
2026-09-07,SSE,560170,央企科技,38549.55
2026-09-07,SSE,560180,ESG300,1560.3
2026-09-07,SSE,560190,公用事业,2683.4
2026-09-07,SSE,560210,景顺农牧,51052.2
2026-09-07,SSE,560220,2000基金,6071.7
2026-09-07,SSE,560230,光伏富国,8788.9
2026-09-07,SSE,560250,红利质量,13033.3
2026-09-07,SSE,560260,医疗50,171466.47
2026-09-07,SSE,560270,电力指数,16393.9
2026-09-07,SSE,560280,工程机械,146075.2
2026-09-07,SSE,560290,景顺有色,37269.4
2026-09-07,SSE,560300,电信50,2780.34
2026-09-07,SSE,560310,光伏博时,18812.2
2026-09-07,SSE,560320,食品富国,11133.2
2026-09-07,SSE,560330,300价值E,1713
2026-09-07,SSE,560350,A50指数,84153.21
2026-09-07,SSE,560360,软件指数,22434.5
2026-09-07,SSE,560370,全指红利,21458.4
2026-09-07,SSE,560380,A100,14086.1
2026-09-07,SSE,560390,电网E,204225.8
2026-09-07,SSE,560400,证券华泰,17049.3
2026-09-07,SSE,560410,电池鹏华,5878.61
2026-09-07,SSE,560420,食品Q,12878.02
2026-09-07,SSE,560450,电力TH,24456.9
2026-09-07,SSE,560460,电力平安,28153.7
2026-09-07,SSE,560470,有色E,30234
2026-09-07,SSE,560480,中证电力,13630.3
2026-09-07,SSE,560490,华泰有色,10648.2
2026-09-07,SSE,560500,500质量,29433.9
2026-09-07,SSE,560510,中证A500,252802.69
2026-09-07,SSE,560520,红利大成,5075.1
2026-09-07,SSE,560530,A500ETF,400662.37
2026-09-07,SSE,560550,碳中和,12359.74
2026-09-07,SSE,560560,碳中和TK,7119.01
2026-09-07,SSE,560570,A500低波,115454.12
2026-09-07,SSE,560580,电力指基,43300.3
2026-09-07,SSE,560590,1000鹏华,1971
2026-09-07,SSE,560610,A500指数,524298.84
2026-09-07,SSE,560620,公用WJ,2636.7
2026-09-07,SSE,560630,机器人WJ,14939.4
2026-09-07,SSE,560660,云50ETF,12693.8
2026-09-07,SSE,560670,中证银行,4047.4
2026-09-07,SSE,560680,龙头消费,33372.56
2026-09-07,SSE,560690,电信主题,1963.9
2026-09-07,SSE,560700,央红利50,45103.69
2026-09-07,SSE,560710,船舶ETF,170958
2026-09-07,SSE,560720,工银红利,9554.8
2026-09-07,SSE,560730,红利GTHT,7683.63
2026-09-07,SSE,560750,A500申万,7555.48
2026-09-07,SSE,560770,机器人ZS,164113.3
2026-09-07,SSE,560780,半导设备,1281748.8
2026-09-07,SSE,560790,软件服务,22045.59
2026-09-07,SSE,560800,数字ETF,29595.11
2026-09-07,SSE,560810,央企ESG,18011.6
2026-09-07,SSE,560820,A50新华,4092.6
2026-09-07,SSE,560830,电指数,68751.9
2026-09-07,SSE,560850,信创50,6916.4
2026-09-07,SSE,560860,工业有色,537123.3
2026-09-07,SSE,560870,中银有色,9135.19
2026-09-07,SSE,560880,家电基金,19373.2
2026-09-07,SSE,560900,创新药企,21896.91
2026-09-07,SSE,560910,中证电池,19972.1
2026-09-07,SSE,560920,招商机械,4437.33
2026-09-07,SSE,560930,电力E,20352.4
2026-09-07,SSE,560950,500增,1548.3
2026-09-07,SSE,560970,有色金属,6813.8
2026-09-07,SSE,560980,光伏龙头,34352.2
2026-09-07,SSE,560990,科技先锋,1518.71
2026-09-07,SSE,561000,300指增,4992
2026-09-07,SSE,561010,软件开发,29035.6
2026-09-07,SSE,561020,食品招商,2802.22
2026-09-07,SSE,561030,机械华泰,18455
2026-09-07,SSE,561050,稀金属E,23325
2026-09-07,SSE,561060,红利国企,4706.5
2026-09-07,SSE,561080,现金自由,2425
2026-09-07,SSE,561090,A500增,20997.4
2026-09-07,SSE,561100,电子龙头,60674.69
2026-09-07,SSE,561120,家电ETF,2815.99
2026-09-07,SSE,561130,国货ETF,8593.52
2026-09-07,SSE,561160,锂电池,226733.5
2026-09-07,SSE,561170,绿电50,52653.27
2026-09-07,SSE,561180,A100ETF,4960.96
2026-09-07,SSE,561190,双碳ETF,19431.8
2026-09-07,SSE,561200,A100基金,3347.05
2026-09-07,SSE,561220,国企数字,4755.3
2026-09-07,SSE,561230,A50,45247.78
2026-09-07,SSE,561250,稀金属PH,6775.22
2026-09-07,SSE,561260,能源ETF,2309.52
2026-09-07,SSE,561280,增强1000,8484.77
2026-09-07,SSE,561300,300增ETF,53596.5
2026-09-07,SSE,561310,消电ETF,10783.31
2026-09-07,SSE,561320,交运ETF,3436.9
2026-09-07,SSE,561330,矿业ETF,182839.21
2026-09-07,SSE,561350,国泰500,11570
2026-09-07,SSE,561360,石油ETF,135014.8
2026-09-07,SSE,561370,2000ETF,3235.6
2026-09-07,SSE,561380,电网ETF,625603.4
2026-09-07,SSE,561390,稀金属PA,8912.81
2026-09-07,SSE,561400,鑫元养殖,2951.9
2026-09-07,SSE,561410,光伏工银,20261.33
2026-09-07,SSE,561420,300现金,100923.7
2026-09-07,SSE,561430,全指质量,3422.32
2026-09-07,SSE,561450,华泰红利,7962.43
2026-09-07,SSE,561460,AITH,158352
2026-09-07,SSE,561470,畜牧TH,5093.6
2026-09-07,SSE,561490,红利财通,8563.13
2026-09-07,SSE,561500,漂亮50,5460.03
2026-09-07,SSE,561510,中医药,6520.6
2026-09-07,SSE,561530,银华银行,9333.4
2026-09-07,SSE,561550,500指增,134698.96
2026-09-07,SSE,561560,电力ETF,192662.42
2026-09-07,SSE,561570,油气基金,7414.7
2026-09-07,SSE,561580,央企红利,191387.07
2026-09-07,SSE,561590,1000增强,10149.96
2026-09-07,SSE,561600,消费电子,30054.8
2026-09-07,SSE,561620,华泰化工,3622.7
2026-09-07,SSE,561630,华泰质量,4089.8
2026-09-07,SSE,561660,通航基金,6971
2026-09-07,SSE,561680,A500红低,5716.9
2026-09-07,SSE,561690,N质量300,37588.06
2026-09-07,SSE,561700,电力基金,34981.36
2026-09-07,SSE,561730,中证A股,8674.81
2026-09-07,SSE,561750,A50博时,6299.6
2026-09-07,SSE,561760,油气博时,15619.5
2026-09-07,SSE,561770,指基A100,3555
2026-09-07,SSE,561780,1000指增,1935.58
2026-09-07,SSE,561790,现代能源,5543.4
2026-09-07,SSE,561800,稀金属,20607.72
2026-09-07,SSE,561810,华泰医疗,6163.84
2026-09-07,SSE,561830,有色GTHT,20357.11
2026-09-07,SSE,561870,现金流指,8976.5
2026-09-07,SSE,561880,A100指数,8438.9
2026-09-07,SSE,561890,A股E,4111.26
2026-09-07,SSE,561900,沪深ESG,2633.44
2026-09-07,SSE,561910,电池ETF,479107.66
2026-09-07,SSE,561920,疫苗龙头,6169.2
2026-09-07,SSE,561930,招商300,18726.06
2026-09-07,SSE,561950,500增强A,7215.6
2026-09-07,SSE,561960,央企回报,5698.52
2026-09-07,SSE,561980,芯片设备,863555
2026-09-07,SSE,561990,300增强,34064.92
2026-09-07,SSE,562000,中证A100,59673.79
2026-09-07,SSE,562010,绿色能源,1929.87
2026-09-07,SSE,562030,信创基金,14397.39
2026-09-07,SSE,562050,药ETF,10346.8
2026-09-07,SSE,562060,标普红利,540479.26
2026-09-07,SSE,562070,300ETF增,55254.2
2026-09-07,SSE,562080,自由现金,58075.72
2026-09-07,SSE,562180,红低A500,10515
2026-09-07,SSE,562300,低碳ETF,5549.5
2026-09-07,SSE,562310,300成长,42057.23
2026-09-07,SSE,562320,300价值A,5529.55
2026-09-07,SSE,562330,500价值,1201.89
2026-09-07,SSE,562340,500成长,814.43
2026-09-07,SSE,562350,电力,12841.09
2026-09-07,SSE,562360,机器人YH,29247.4
2026-09-07,SSE,562380,科技引领,7462.89
2026-09-07,SSE,562390,中药,8042.9
2026-09-07,SSE,562500,机器人,1840768.73
2026-09-07,SSE,562510,旅游ETF,111409.5
2026-09-07,SSE,562520,1000成长,2856.8
2026-09-07,SSE,562530,1000价值,15614.4
2026-09-07,SSE,562550,绿电ETF,149091.93
2026-09-07,SSE,562560,信息技术,2276.55
2026-09-07,SSE,562570,信创ETF,30028.1
2026-09-07,SSE,562580,可选消费,4222.33
2026-09-07,SSE,562590,半导材料,908598.9
2026-09-07,SSE,562600,医疗器械,45193.74
2026-09-07,SSE,562660,ZZ2000,36487.4
2026-09-07,SSE,562700,汽车零件,9875
2026-09-07,SSE,562800,稀有金属,569789.5
2026-09-07,SSE,562810,上证增强,5295.1
2026-09-07,SSE,562820,集成电路,41640.8
2026-09-07,SSE,562850,央企能源,17698.15
2026-09-07,SSE,562860,疫苗ETF,33289.5
2026-09-07,SSE,562870,证券全指,58350.52
2026-09-07,SSE,562880,电池基金,88939.96
2026-09-07,SSE,562890,A50中证,27505.1
2026-09-07,SSE,562900,现代农业,23470.63
2026-09-07,SSE,562910,高端制造,29722.73
2026-09-07,SSE,562920,信息安全,8806.9
2026-09-07,SSE,562930,软件30,170443.7
2026-09-07,SSE,562950,消电50,105825.83
2026-09-07,SSE,562960,绿色电力,120389.1
2026-09-07,SSE,562970,光伏E,36644.8
2026-09-07,SSE,562990,碳中和E,37775.6
2026-09-07,SSE,563000,中国A50,152845.11
2026-09-07,SSE,563010,电信ETF,8818.93
2026-09-07,SSE,563020,低波红利,1035791
2026-09-07,SSE,563030,增强500,12716.9
2026-09-07,SSE,563050,科技央企,14520.84
2026-09-07,SSE,563060,央企50,18052.7
2026-09-07,SSE,563080,中证A50E,111058.84
2026-09-07,SSE,563090,上50增强,5484.8
2026-09-07,SSE,563150,油气资源,3439.9
2026-09-07,SSE,563180,高股息,10142
2026-09-07,SSE,563200,2000指数,5145.88
2026-09-07,SSE,563210,专精特新,11006.7
2026-09-07,SSE,563220,A500富国,639801.37
2026-09-07,SSE,563230,卫星ETF,334723.7
2026-09-07,SSE,563280,A50增强,520.66
2026-09-07,SSE,563300,中证2000,469617.4
2026-09-07,SSE,563320,通用航空,22289.2
2026-09-07,SSE,563330,A股ETF,3596.06
2026-09-07,SSE,563350,中证A50,17199.76
2026-09-07,SSE,563360,A500基金,3094398.74
2026-09-07,SSE,563380,航空航天,83295
2026-09-07,SSE,563390,现金基金,214184.4
2026-09-07,SSE,563500,A500华宝,76595.87
2026-09-07,SSE,563510,A500红利,27953.7
2026-09-07,SSE,563520,300永赢,44506.5
2026-09-07,SSE,563530,卫星E,156374.8
2026-09-07,SSE,563550,增强A500,8555.9
2026-09-07,SSE,563560,科技成长,5576.9
2026-09-07,SSE,563570,金融科,10837.4
2026-09-07,SSE,563580,现金800,24064.8
2026-09-07,SSE,563590,红利A500,6094.44
2026-09-07,SSE,563600,A500增强,6648.3
2026-09-07,SSE,563620,现金流全,5004.9
2026-09-07,SSE,563630,A500指增,3794.71
2026-09-07,SSE,563650,A500中证,14090.9
2026-09-07,SSE,563660,A500银河,6308.52
2026-09-07,SSE,563670,金科基金,18098.7
2026-09-07,SSE,563680,现金流TF,10395.9
2026-09-07,SSE,563690,红利永赢,4588.2
2026-09-07,SSE,563700,红利价值,35515
2026-09-07,SSE,563750,500添富,34973.7
2026-09-07,SSE,563760,中银现金,70591.32
2026-09-07,SSE,563770,全指现金,2730.7
2026-09-07,SSE,563780,现金指数,23802.71
2026-09-07,SSE,563790,卫星产业,119244.7
2026-09-07,SSE,563800,A500龙头,904997.81
2026-09-07,SSE,563830,现金流基,13489.6
2026-09-07,SSE,563850,食品广发,11068.17
2026-09-07,SSE,563860,A500海富,17684.43
2026-09-07,SSE,563870,航空通用,10530.39
2026-09-07,SSE,563880,A500添富,152599.64
2026-09-07,SSE,563890,红利国有,2133.6
2026-09-07,SSE,563900,现金流,45596.57
2026-09-07,SSE,563930,上指增强,2859.2
2026-09-07,SSE,563960,300质量,35401.2
2026-09-07,SSE,563980,800红利,18896.7
2026-09-07,SSE,563990,800现金,29557.3
2026-09-07,SSE,588000,科创50,5353466.82
2026-09-07,SSE,588010,科创材料,99542.58
2026-09-07,SSE,588020,科创50E,217137.3
2026-09-07,SSE,588030,科创指基,227683.81
2026-09-07,SSE,588040,科创板指,13788.9
2026-09-07,SSE,588050,科创ETF,655324.13
2026-09-07,SSE,588060,上证科创,754914
2026-09-07,SSE,588070,科创万家,3843.7
2026-09-07,SSE,588080,科创板50,2539662.81
2026-09-07,SSE,588090,科创板,304207.28
2026-09-07,SSE,588100,科创信息,22974.62
2026-09-07,SSE,588110,科创成长,102703.2
2026-09-07,SSE,588120,科100ETF,91962.2
2026-09-07,SSE,588130,科创药,46758.26
2026-09-07,SSE,588140,科200GF,21775.1
2026-09-07,SSE,588150,科创龙头,40143.26
2026-09-07,SSE,588160,科创新材,89799.6
2026-09-07,SSE,588170,科创半导,4412744.7
2026-09-07,SSE,588180,科创50基,75935.37
2026-09-07,SSE,588190,科创100,134861.83
2026-09-07,SSE,588200,科创芯片,4309918.43
2026-09-07,SSE,588210,科创100E,24825.4
2026-09-07,SSE,588220,科创100F,373269.79
2026-09-07,SSE,588230,科创200,72893.9
2026-09-07,SSE,588240,科200,11663.3
2026-09-07,SSE,588250,KC医药,26967.5
2026-09-07,SSE,588260,科创技术,4674.6
2026-09-07,SSE,588270,科创200F,30141
2026-09-07,SSE,588280,科创五零,40412.1
2026-09-07,SSE,588290,芯片科创,495569.1
2026-09-07,SSE,588300,双创ETF,153421.05
2026-09-07,SSE,588310,双创基金,3063.75
2026-09-07,SSE,588320,双创增强,8682.46
2026-09-07,SSE,588330,双创龙头,118973.78
2026-09-07,SSE,588350,双创,65654.6
2026-09-07,SSE,588360,创创ETF,22468.18
2026-09-07,SSE,588370,科创策略,7577.2
2026-09-07,SSE,588380,创50ETF,272977
2026-09-07,SSE,588390,科创创业,16493.59
2026-09-07,SSE,588400,双创50,136860.06
2026-09-07,SSE,588410,双创AI,11125
2026-09-07,SSE,588420,AI双创,33764.8
2026-09-07,SSE,588430,科创创AI,9645.8
2026-09-07,SSE,588450,科创50增,6356.87
2026-09-07,SSE,588460,科创增强,65701.4
2026-09-07,SSE,588470,双创智能,27790.7
2026-09-07,SSE,588480,AI50双创,23771.7
2026-09-07,SSE,588500,科创100Z,4464.7
2026-09-07,SSE,588510,智能双创,31917.5
2026-09-07,SSE,588520,科创增,1295.7
2026-09-07,SSE,588530,AIBOCI,22503.33
2026-09-07,SSE,588550,科创增指,6329
2026-09-07,SSE,588660,双创五零,3834.4
2026-09-07,SSE,588670,科综增强,3979.2
2026-09-07,SSE,588680,科100增,3536.1
2026-09-07,SSE,588690,科综指增,5163.6
2026-09-07,SSE,588700,科创生物,46283.62
2026-09-07,SSE,588710,科半导体,1149088.5
2026-09-07,SSE,588720,中银科创,10974.18
2026-09-07,SSE,588730,科创AI,73939.63
2026-09-07,SSE,588750,科创芯50,328322.8
2026-09-07,SSE,588760,AI科创,251853.2
2026-09-07,SSE,588770,信息科创,31159.71
2026-09-07,SSE,588780,芯片设计,104790.2
2026-09-07,SSE,588790,科创智能,341838.4
2026-09-07,SSE,588800,科创100C,168987.7
2026-09-07,SSE,588810,科创板芯,89132.4
2026-09-07,SSE,588820,科创200E,15140
2026-09-07,SSE,588830,科创新能,64884.79
2026-09-07,SSE,588840,50科创,6123.6
2026-09-07,SSE,588850,科创机械,8477.9
2026-09-07,SSE,588860,科创医药,35688.94
2026-09-07,SSE,588870,科创50指,89055.2
2026-09-07,SSE,588880,科创指数,11436.8
2026-09-07,SSE,588890,科创芯,280143
2026-09-07,SSE,588900,科创100S,35878.3
2026-09-07,SSE,588910,科创价值,10004.91
2026-09-07,SSE,588920,KC芯片,33687.6
2026-09-07,SSE,588930,科创板AI,62532.9
2026-09-07,SSE,588940,科创富国,309884
2026-09-07,SSE,588950,景顺科创,72572.97
2026-09-07,SSE,588960,新能科创,14357.98
2026-09-07,SSE,588980,科创广发,1442
2026-09-07,SSE,588990,科芯片,20574.54
2026-09-07,SSE,589000,科创综指,106750.78
2026-09-07,SSE,589010,科创AI指,93579.3
2026-09-07,SSE,589020,KC半导体,449243.8
2026-09-07,SSE,589030,科芯设计,93407.7
2026-09-07,SSE,589050,科创E,5096.8
2026-09-07,SSE,589060,科综东财,8213.79
2026-09-07,SSE,589070,科芯TH,208529.3
2026-09-07,SSE,589080,科创综E,14806.1
2026-09-07,SSE,589090,KCAI,18693.1
2026-09-07,SSE,589100,国泰芯片,93544.25
2026-09-07,SSE,589110,科AI国泰,54041.3
2026-09-07,SSE,589120,创新药基,140562
2026-09-07,SSE,589130,科创芯易,336878
2026-09-07,SSE,589150,科创平安,84143.72
2026-09-07,SSE,589160,科芯片GF,29029.6
2026-09-07,SSE,589170,芯设计KC,14790.9
2026-09-07,SSE,589180,科创材基,13881.8
2026-09-07,SSE,589190,科创芯基,368556.2
2026-09-07,SSE,589200,科200E,2250.7
2026-09-07,SSE,589210,芯设计GF,135693.8
2026-09-07,SSE,589220,科200GT,32549.58
2026-09-07,SSE,589230,AI科创CS,25105.3
2026-09-07,SSE,589250,芯设计PY,7510.13
2026-09-07,SSE,589260,科创芯设,8815.6
2026-09-07,SSE,589270,科创100Q,2151.66
2026-09-07,SSE,589280,科综增指,14906.9
2026-09-07,SSE,589290,芯片主题,14784.89
2026-09-07,SSE,589300,科综嘉实,4158.25
2026-09-07,SSE,589310,科创人工,31349.18
2026-09-07,SSE,589320,科200JS,11405.3
2026-09-07,SSE,589330,科200DC,17090.2
2026-09-07,SSE,589350,科芯片指,24228.15
2026-09-07,SSE,589360,科创50GT,268717.4
2026-09-07,SSE,589380,AI科创指,10169.43
2026-09-07,SSE,589390,芯设计,139181.05
2026-09-07,SSE,589400,芯设计FG,30778.52
2026-09-07,SSE,589410,科创AIJS,56456.56
2026-09-07,SSE,589420,芯设计MW,36648.15
2026-09-07,SSE,589430,科芯片设,24084.99
2026-09-07,SSE,589460,科200HB,21763.09
2026-09-07,SSE,589500,科综工银,8006.4
2026-09-07,SSE,589520,AI科创板,86710.46
2026-09-07,SSE,589550,KC价值,2529.55
2026-09-07,SSE,589560,科创AITF,25935.5
2026-09-07,SSE,589580,科综价格,1435.48
2026-09-07,SSE,589600,富国科综,22153.5
2026-09-07,SSE,589630,科综国泰,34325.8
2026-09-07,SSE,589660,综指科创,26553
2026-09-07,SSE,589680,科创综Z,140494.37
2026-09-07,SSE,589700,成长科创,2829.1
2026-09-07,SSE,589720,科创新药,523982.3
2026-09-07,SSE,589770,科创全指,15856.92
2026-09-07,SSE,589780,科200FG,6921.5
2026-09-07,SSE,589800,科创综合,111198.82
2026-09-07,SSE,589820,科200F,12972.02
2026-09-07,SSE,589850,科创东财,82005.7
2026-09-07,SSE,589860,天弘科综,16222.4
2026-09-07,SSE,589880,科创综,44999.6
2026-09-07,SSE,589890,景顺科综,8498.7
2026-09-07,SSE,589900,博时科综,16890.82
2026-09-07,SSE,589950,科100FG,36387.3
2026-09-07,SSE,589960,科创新源,17031.6
2026-09-07,SSE,589980,科基100,12912.2
2026-09-07,SSE,589990,科创板综,11009
2026-09-07,SZSE,158000,港股通金融ETF鹏华,10292.58
2026-09-07,SZSE,158001,价值ETF嘉实,14139.26
2026-09-07,SZSE,158003,港股通医疗ETF嘉实,10065.43
2026-09-07,SZSE,158005,工程机械ETF博时,14806.13
2026-09-07,SZSE,158006,化工ETF博时,4204.60
2026-09-07,SZSE,158008,新能源电池ETF华夏,24441.31
2026-09-07,SZSE,158009,航空航天ETF南方,3337.38
2026-09-07,SZSE,158010,医疗ETF嘉实,26321.33
2026-09-07,SZSE,158011,创业板软件ETF国泰,6434.26
2026-09-07,SZSE,158012,云计算ETF南方,27632.55
2026-09-07,SZSE,158013,航空航天ETF易方达,15634.52
2026-09-07,SZSE,158017,化工ETF易方达,7759.45
2026-09-07,SZSE,158019,电池ETF永赢,28128.19
2026-09-07,SZSE,158023,红利低波ETF万家,29308.07
2026-09-07,SZSE,158027,工业互联网ETF易方达,20314.30
2026-09-07,SZSE,159001,货币ETF易方达,3286.90
2026-09-07,SZSE,159003,招商快线ETF,201.20
2026-09-07,SZSE,159005,快钱ETF汇添富,117.46
2026-09-07,SZSE,159007,养殖ETF华泰柏瑞,18760.32
2026-09-07,SZSE,159008,证券ETF景顺,10928.45
2026-09-07,SZSE,159009,创业板新能源ETF易方达,15739.27
2026-09-07,SZSE,159010,港股通科技ETF博时,20009.76
2026-09-07,SZSE,159011,养殖ETF华安,2550.51
2026-09-07,SZSE,159012,科创创业50ETF鹏华,13788.11
2026-09-07,SZSE,159013,工业互联网ETF大成,4057.88
2026-09-07,SZSE,159015,恒生港股通科技ETF国联,11035.29
2026-09-07,SZSE,159016,证券ETF广发,32954.01
2026-09-07,SZSE,159017,石油ETF工银,15125.68
2026-09-07,SZSE,159018,石油ETF广发,2690.42
2026-09-07,SZSE,159019,石油ETF华宝,4432.77
2026-09-07,SZSE,159020,养殖ETF易方达,11556.70
2026-09-07,SZSE,159021,大盘价值ETF华夏,7090.77
2026-09-07,SZSE,159022,科创创业人工智能ETF富国,17463.09
2026-09-07,SZSE,159023,养殖ETF万家,3977.79
2026-09-07,SZSE,159026,石油ETF南方,4451.34
2026-09-07,SZSE,159027,畜牧养殖ETF大成,10947.22
2026-09-07,SZSE,159028,港股汽车ETF天弘,13244.90
2026-09-07,SZSE,159029,有色ETF广发,30312.77
2026-09-07,SZSE,159030,粮食ETF华夏,42746.81
2026-09-07,SZSE,159031,粮食ETF博时,52202.86
2026-09-07,SZSE,159032,工业有色ETF易方达,25884.50
2026-09-07,SZSE,159033,粮食ETF国泰,10432.34
2026-09-07,SZSE,159035,软件ETF天弘,61885.97
2026-09-07,SZSE,159036,软件开发ETF华宝,28274.01
2026-09-07,SZSE,159037,价值ETF鹏华,6324.98
2026-09-07,SZSE,159038,粮食ETF易方达,18602.69
2026-09-07,SZSE,159039,机器人ETF华安,107146.14
2026-09-07,SZSE,159040,港股通互联网ETF鹏华,3248.10
2026-09-07,SZSE,159041,农业ETF鹏华,4747.18
2026-09-07,SZSE,159042,价值ETF汇添富,8780.11
2026-09-07,SZSE,159043,食品ETF华安,7377.06
2026-09-07,SZSE,159045,稀有金属ETF大成,17233.02
2026-09-07,SZSE,159046,绿电ETF天弘,55147.68
2026-09-07,SZSE,159048,机器人ETF大成,19380.38
2026-09-07,SZSE,159049,有色ETF工银,3607.33
2026-09-07,SZSE,159050,机器人ETF广发,65270.36
2026-09-07,SZSE,159051,医疗器械ETF易方达,8411.78
2026-09-07,SZSE,159052,新能源电池ETF嘉实,19692.60
2026-09-07,SZSE,159053,稀有金属ETF华夏,16419.81
2026-09-07,SZSE,159055,稀有金属ETF富国,12229.39
2026-09-07,SZSE,159056,医疗器械ETF富国,5893.43
2026-09-07,SZSE,159057,医疗器械ETF鹏华,2671.53
2026-09-07,SZSE,159058,证券ETF大成,7833.12
2026-09-07,SZSE,159059,电力ETF大成,5583.00
2026-09-07,SZSE,159060,粮食ETF浦银,2148.34
2026-09-07,SZSE,159061,绿色电力ETF南方,21204.02
2026-09-07,SZSE,159062,稀有金属ETF南方,11970.12
2026-09-07,SZSE,159063,粮食ETF南方,5648.66
2026-09-07,SZSE,159065,工程机械ETF景顺,10735.08
2026-09-07,SZSE,159066,A股ETF建信,20873.30
2026-09-07,SZSE,159067,绿色电力ETF鹏华,1890.87
2026-09-07,SZSE,159068,软件ETF华夏,5933.65
2026-09-07,SZSE,159069,创业板新能源ETF华泰柏瑞,4277.04
2026-09-07,SZSE,159070,工程机械ETF嘉实,10436.68
2026-09-07,SZSE,159071,新能源电池ETF华宝,12091.17
2026-09-07,SZSE,159072,粮食ETF景顺,4728.51
2026-09-07,SZSE,159073,粮食ETF汇添富,5917.38
2026-09-07,SZSE,159075,工业互联网ETF华夏,17619.71
2026-09-07,SZSE,159076,创业板新能源ETF华宝,24637.30
2026-09-07,SZSE,159077,电池ETF鑫元,3224.25
2026-09-07,SZSE,159078,A股ETF富国,16726.24
2026-09-07,SZSE,159079,价值ETF兴全,7680.68
2026-09-07,SZSE,159082,化工ETF华夏,7553.12
2026-09-07,SZSE,159083,红利低波100ETF嘉实,13637.04
2026-09-07,SZSE,159085,价值ETF永赢,2953.54
2026-09-07,SZSE,159086,金融科技ETF广发,2939.98
2026-09-07,SZSE,159087,化工ETF万家,3199.21
2026-09-07,SZSE,159091,港股通金融ETF易方达,2437.41
2026-09-07,SZSE,159093,化工ETF汇添富,2768.14
2026-09-07,SZSE,159095,云计算ETF银华,21746.81
2026-09-07,SZSE,159096,价值ETF华夏,16663.13
2026-09-07,SZSE,159098,价值ETF招商,9689.15
2026-09-07,SZSE,159099,云计算ETF华宝,10361.05
2026-09-07,SZSE,159100,巴西ETF华夏,46654.69
2026-09-07,SZSE,159101,港股通科技ETF华夏,287431.14
2026-09-07,SZSE,159102,港股通生物科技ETF华安,65012.20
2026-09-07,SZSE,159103,金融科技ETF汇添富,30940.67
2026-09-07,SZSE,159105,恒生生物科技ETF易方达,18027.29
2026-09-07,SZSE,159106,民企300ETF前海开源,3957.94
2026-09-07,SZSE,159107,创业板软件ETF富国,77582.30
2026-09-07,SZSE,159108,工业软件ETF博时,11673.85
2026-09-07,SZSE,159109,恒生50ETF景顺,56616.38
2026-09-07,SZSE,159110,科创债ETF万家,2262.70
2026-09-07,SZSE,159111,科创债ETF天弘,14427.66
2026-09-07,SZSE,159112,科创债ETF银华,22393.78
2026-09-07,SZSE,159113,科创债ETF大成,9563.62
2026-09-07,SZSE,159115,科创债ETF华安,5275.34
2026-09-07,SZSE,159116,科创债ETF工银,11660.27
2026-09-07,SZSE,159117,港股通红利低波ETF鹏华,6140.11
2026-09-07,SZSE,159118,港股通红利低波ETF华夏,6967.70
2026-09-07,SZSE,159119,800现金流ETF招商,14505.42
2026-09-07,SZSE,159120,港股通科技ETF国联安,14502.44
2026-09-07,SZSE,159121,港股通汽车ETF易方达,15248.11
2026-09-07,SZSE,159122,创业板新能源ETF富国,6716.09
2026-09-07,SZSE,159123,光伏ETF嘉实,39204.70
2026-09-07,SZSE,159125,港股通科技ETF招商,84024.58
2026-09-07,SZSE,159126,港股通50ETF南方,22761.65
2026-09-07,SZSE,159127,港股通红利ETF南方,15084.42
2026-09-07,SZSE,159128,港股科技ETF天弘,189176.08
2026-09-07,SZSE,159129,化工ETF嘉实,113140.65
2026-09-07,SZSE,159130,恒生生物科技ETF鹏华,19938.94
2026-09-07,SZSE,159131,港股通信息技术ETF华宝,217491.99
2026-09-07,SZSE,159132,恒生生物科技ETF富国,12596.35
2026-09-07,SZSE,159133,化工ETF天弘,155341.33
2026-09-07,SZSE,159135,港股通科技ETF前海开源,61846.63
2026-09-07,SZSE,159136,A50ETF广发,10941.40
2026-09-07,SZSE,159137,港股通医疗ETF华宝,16963.26
2026-09-07,SZSE,159138,工程机械ETF易方达,29576.79
2026-09-07,SZSE,159139,科创创业人工智能ETF华泰柏瑞,17010.92
2026-09-07,SZSE,159140,科创创业人工智能ETF易方达,47593.68
2026-09-07,SZSE,159141,科创创业人工智能ETF永赢,146706.07
2026-09-07,SZSE,159142,科创创业人工智能ETF景顺,115526.01
2026-09-07,SZSE,159143,港股通央企红利ETF平安,5155.44
2026-09-07,SZSE,159145,工业软件ETF广发,6958.18
2026-09-07,SZSE,159146,电力ETF华宝,69494.08
2026-09-07,SZSE,159147,电池ETF南方,214590.95
2026-09-07,SZSE,159148,石油ETF富国,24546.66
2026-09-07,SZSE,159149,创业板新能源ETF工银,5751.52
2026-09-07,SZSE,159150,深证50ETF易方达,9799.76
2026-09-07,SZSE,159151,食品ETF华夏,18165.10
2026-09-07,SZSE,159152,港股通科技ETF平安,81755.60
2026-09-07,SZSE,159153,消费电子ETF鹏华,9872.59
2026-09-07,SZSE,159155,电池ETF大成,70351.32
2026-09-07,SZSE,159156,电池ETF万家,22246.12
2026-09-07,SZSE,159157,有色金属ETF天弘,801975.87
2026-09-07,SZSE,159158,电力ETF景顺,87303.53
2026-09-07,SZSE,159159,公用事业ETF国投瑞银,11731.85
2026-09-07,SZSE,159160,电池ETF东财,25381.92
2026-09-07,SZSE,159161,工程机械ETF东财,6833.12
2026-09-07,SZSE,159162,工业有色ETF鹏华,42093.98
2026-09-07,SZSE,159163,有色ETF泰康,26680.70
2026-09-07,SZSE,159165,养殖ETF永赢,10357.12
2026-09-07,SZSE,159166,现金流ETF长城,55581.60
2026-09-07,SZSE,159167,港股通医疗ETF工银,16654.91
2026-09-07,SZSE,159168,有色ETF富国,52745.50
2026-09-07,SZSE,159169,恒生生物科技ETF广发,13087.44
2026-09-07,SZSE,159170,港股通互联网ETF永赢,38963.83
2026-09-07,SZSE,159171,工业有色ETF博时,21653.29
2026-09-07,SZSE,159172,养殖ETF汇添富,37382.92
2026-09-07,SZSE,159173,农牧ETF南方,4945.53
2026-09-07,SZSE,159175,电池ETF易方达,49827.03
2026-09-07,SZSE,159176,家电ETF华宝,2130.33
2026-09-07,SZSE,159177,工程机械ETF鹏华,4561.92
2026-09-07,SZSE,159178,消费电子ETF汇添富,10243.29
2026-09-07,SZSE,159179,港股通互联网ETF工银,10290.35
2026-09-07,SZSE,159180,软件ETF银华,3215.59
2026-09-07,SZSE,159181,石油ETF易方达,13240.53
2026-09-07,SZSE,159182,家电ETF南方,3648.56
2026-09-07,SZSE,159183,新能源车ETF招商,4938.77
2026-09-07,SZSE,159185,港股通信息技术ETF鹏华,19409.90
2026-09-07,SZSE,159186,港股通汽车ETF鹏华,8886.92
2026-09-07,SZSE,159187,创业板新能源ETF景顺,6817.62
2026-09-07,SZSE,159188,红利100ETF景顺,6660.18
2026-09-07,SZSE,159189,石油ETF华夏,10708.31
2026-09-07,SZSE,159190,创业板新能源ETF天弘,8206.92
2026-09-07,SZSE,159191,港股通科技ETF易方达,6910.48
2026-09-07,SZSE,159192,家电ETF汇添富,1798.70
2026-09-07,SZSE,159193,新能源电池ETF银华,22908.03
2026-09-07,SZSE,159195,石油ETF华安,7349.01
2026-09-07,SZSE,159196,港股通信息技术ETF易方达,22153.03
2026-09-07,SZSE,159197,石油ETF招商,4038.82
2026-09-07,SZSE,159198,港股通信息技术ETF富国,8534.43
2026-09-07,SZSE,159199,石油ETF平安,6515.49
2026-09-07,SZSE,159200,科创债ETF富国,15231.26
2026-09-07,SZSE,159201,自由现金流ETF华夏,1356527.59
2026-09-07,SZSE,159202,恒生互联网ETF万家,123340.19
2026-09-07,SZSE,159203,大盘成长ETF博时,979.19
2026-09-07,SZSE,159205,创业板ETF东财,67705.60
2026-09-07,SZSE,159206,卫星ETF永赢,943095.33
2026-09-07,SZSE,159207,高股息ETF广发,225748.33
2026-09-07,SZSE,159208,航空航天ETF万家,32446.27
2026-09-07,SZSE,159209,红利质量ETF招商,222163.50
2026-09-07,SZSE,159210,港股通汽车ETF汇添富,4334.98
2026-09-07,SZSE,159211,深证100ETF富国,2368.32
2026-09-07,SZSE,159212,深100ETF南方,8320.43
2026-09-07,SZSE,159213,机器人ETF汇添富,47823.75
2026-09-07,SZSE,159215,A500ETF平安,95558.28
2026-09-07,SZSE,159216,深证100ETF大成,1554.82
2026-09-07,SZSE,159217,港股通创新药ETF工银,588915.75
2026-09-07,SZSE,159218,卫星ETF招商,203361.63
2026-09-07,SZSE,159219,深证100ETF融通,1038.80
2026-09-07,SZSE,159220,港股通红利低波ETF华宝,50156.95
2026-09-07,SZSE,159221,现金流ETF嘉实,107901.32
2026-09-07,SZSE,159222,自由现金流ETF易方达,173737.04
2026-09-07,SZSE,159223,现金流ETF永赢,17684.47
2026-09-07,SZSE,159225,现金流ETF银华,26774.48
2026-09-07,SZSE,159226,中证A500增强ETF国泰,8709.48
2026-09-07,SZSE,159227,航空航天ETF华夏,446291.11
2026-09-07,SZSE,159228,红利低波ETF长城,10321.26
2026-09-07,SZSE,159229,自由现金流ETF广发,14005.60
2026-09-07,SZSE,159230,通用航空ETF华夏,30130.42
2026-09-07,SZSE,159231,通用航空ETF华宝,32809.18
2026-09-07,SZSE,159232,自由现金流ETF南方,210894.85
2026-09-07,SZSE,159233,自由现金流ETF平安,62062.34
2026-09-07,SZSE,159235,中证现金流ETF大成,190672.95
2026-09-07,SZSE,159236,自由现金流ETF工银,3772.21
2026-09-07,SZSE,159237,港股汽车ETF工银,4233.42
2026-09-07,SZSE,159238,沪深300增强ETF景顺,5501.61
2026-09-07,SZSE,159239,港股通汽车ETF富国,9678.07
2026-09-07,SZSE,159240,A500增强ETF天弘,1761.97
2026-09-07,SZSE,159241,航空航天ETF天弘,129007.42
2026-09-07,SZSE,159242,创业板人工智能ETF大成,42527.85
2026-09-07,SZSE,159243,创业板人工智能ETF招商,14303.02
2026-09-07,SZSE,159245,港股通消费ETF富国,7011.32
2026-09-07,SZSE,159246,创业板人工智能ETF富国,318565.56
2026-09-07,SZSE,159247,创业板ETF汇添富,57398.49
2026-09-07,SZSE,159248,人工智能ETF万家,13209.56
2026-09-07,SZSE,159249,A500增强ETF工银,10819.19
2026-09-07,SZSE,159251,港股通科技ETF万家,24378.77
2026-09-07,SZSE,159253,银行ETF博时,50030.49
2026-09-07,SZSE,159255,通用航空ETF易方达,6833.88
2026-09-07,SZSE,159256,创业板软件ETF华夏,59318.37
2026-09-07,SZSE,159257,航空ETF汇添富,14741.69
2026-09-07,SZSE,159258,机器人ETF南方,132576.56
2026-09-07,SZSE,159259,成长ETF易方达,509169.64
2026-09-07,SZSE,159260,证券ETF博时,101971.35
2026-09-07,SZSE,159261,创业板新能源ETF鹏华,4981.49
2026-09-07,SZSE,159262,港股通科技ETF广发,546872.04
2026-09-07,SZSE,159263,价值ETF易方达,639010.51
2026-09-07,SZSE,159265,港股消费ETF鹏华,17795.08
2026-09-07,SZSE,159266,港股央企红利ETF永赢,33971.00
2026-09-07,SZSE,159267,航天ETF华安,253750.61
2026-09-07,SZSE,159268,港股通消费ETF汇添富,38905.50
2026-09-07,SZSE,159269,港股通科技ETF南方,151631.17
2026-09-07,SZSE,159270,创业板200ETF南方,9076.36
2026-09-07,SZSE,159271,恒生ETF鹏华,23838.67
2026-09-07,SZSE,159272,机器人ETF富国,373016.46
2026-09-07,SZSE,159273,云计算ETF汇添富,71177.75
2026-09-07,SZSE,159275,农牧渔ETF华宝,26030.29
2026-09-07,SZSE,159276,现金流ETF汇添富,55469.66
2026-09-07,SZSE,159277,港股通红利ETF富国,3455.70
2026-09-07,SZSE,159278,机器人ETF鹏华,200854.58
2026-09-07,SZSE,159279,创业板人工智能ETF华安,14738.75
2026-09-07,SZSE,159280,港股通互联网ETF汇添富,10771.71
2026-09-07,SZSE,159281,港股央企红利ETF天弘,24123.30
2026-09-07,SZSE,159283,通用航空ETF南方,29543.79
2026-09-07,SZSE,159285,港股通消费ETF华安,24848.66
2026-09-07,SZSE,159286,港股通创新药ETF鹏华,71778.54
2026-09-07,SZSE,159287,创业板综ETF博时,10956.87
2026-09-07,SZSE,159288,创业板综ETF银华,9217.49
2026-09-07,SZSE,159289,创业板综指ETF鹏华,3890.26
2026-09-07,SZSE,159290,创业板综指增强ETF东财,4510.03
2026-09-07,SZSE,159291,创业板综增强ETF招商,1745.73
2026-09-07,SZSE,159292,创业板综增强ETF华宝,17818.95
2026-09-07,SZSE,159293,创业板综增强ETF建信,2315.93
2026-09-07,SZSE,159295,创业综指ETF西部利得,8495.82
2026-09-07,SZSE,159296,A500红利低波ETF华宝,4404.29
2026-09-07,SZSE,159297,港股通创新药ETF南方,378341.86
2026-09-07,SZSE,159298,创业板50ETF大成,16228.10
2026-09-07,SZSE,159299,金融科技ETF易方达,66047.29
2026-09-07,SZSE,159300,沪深300ETF富国,38075.80
2026-09-07,SZSE,159301,公用事业ETF华夏,12145.83
2026-09-07,SZSE,159302,港股高股息ETF银华,4829.76
2026-09-07,SZSE,159303,恒生医疗ETF大成,7299.16
2026-09-07,SZSE,159305,储能电池ETF广发,118764.03
2026-09-07,SZSE,159306,汽车零部件ETF平安,2124.46
2026-09-07,SZSE,159307,红利低波100ETF博时,707090.35
2026-09-07,SZSE,159309,油气ETF汇添富,55337.17
2026-09-07,SZSE,159310,芯片ETF天弘,50198.10
2026-09-07,SZSE,159311,数字经济ETF易方达,3738.39
2026-09-07,SZSE,159312,恒指港股通ETF广发,3222.43
2026-09-07,SZSE,159315,黄金股ETF工银,18458.96
2026-09-07,SZSE,159316,港股通创新药ETF易方达,532033.61
2026-09-07,SZSE,159318,恒指港股通ETF银华,1360.16
2026-09-07,SZSE,159320,电网设备ETF广发,167923.55
2026-09-07,SZSE,159321,黄金股ETF华安,39940.03
2026-09-07,SZSE,159322,黄金股ETF平安,11541.16
2026-09-07,SZSE,159323,港股通汽车ETF华夏,9709.73
2026-09-07,SZSE,159325,半导体ETF南方,54646.05
2026-09-07,SZSE,159326,电网设备ETF华夏,1156326.55
2026-09-07,SZSE,159327,半导体设备ETF万家,287857.40
2026-09-07,SZSE,159328,家电ETF易方达,9355.67
2026-09-07,SZSE,159329,沙特ETF南方,115518.91
2026-09-07,SZSE,159330,沪深300ETF东财,42880.10
2026-09-07,SZSE,159331,红利港股ETF国泰,14569.41
2026-09-07,SZSE,159332,央企红利ETF富国,8552.14
2026-09-07,SZSE,159333,港股央企红利ETF万家,20095.28
2026-09-07,SZSE,159335,央企科创ETF融通,6308.36
2026-09-07,SZSE,159336,央企红利ETF融通,30690.50
2026-09-07,SZSE,159337,中证500ETF东财,27971.06
2026-09-08,SSE,510010,治理ETF,13052.44
2026-09-08,SSE,510020,超大ETF,3484.8
2026-09-08,SSE,510030,价值ETF,14072.98
2026-09-08,SSE,510040,上证180E,2648
2026-09-08,SSE,510050,50ETF,684786.68
2026-09-08,SSE,510060,央企ETF,3495.92
2026-09-08,SSE,510090,ESG建信,2558.11
2026-09-08,SSE,510100,SZ50ETF,96260.68
2026-09-08,SSE,510130,中盘ETF,3108.51
2026-09-08,SSE,510140,上证指,8323.05
2026-09-08,SSE,510150,消费ETF,283317.86
2026-09-08,SSE,510160,产业升级,18405.74
2026-09-08,SSE,510170,商品ETF,32891.48
2026-09-08,SSE,510180,180ETF,441955.77
2026-09-08,SSE,510190,上证50基,2365.08
2026-09-08,SSE,510200,上证券商,14538.55
2026-09-08,SSE,510210,综指ETF,1403919.26
2026-09-08,SSE,510230,金融ETF,66880.8
2026-09-08,SSE,510270,国企ETF,1783.21
2026-09-08,SSE,510290,380ETF,5444.89
2026-09-08,SSE,510300,300ETF,2346888.77
2026-09-08,SSE,510310,HS300ETF,1139644.4
2026-09-08,SSE,510320,300中金,63706.85
2026-09-08,SSE,510330,华夏300,839004.98
2026-09-08,SSE,510350,工银300,67691.47
2026-09-08,SSE,510360,广发300,182038.12
2026-09-08,SSE,510370,兴业300,8725.81
2026-09-08,SSE,510380,国寿300,146180.24
2026-09-08,SSE,510390,平安300,13655
2026-09-08,SSE,510410,资源ETF,44025.84
2026-09-08,SSE,510500,500ETF,550096.86
2026-09-08,SSE,510510,广发500,87703.83
2026-09-08,SSE,510530,工银500,4697.94
2026-09-08,SSE,510550,方正500,2374.33
2026-09-08,SSE,510560,国寿500,5231.87
2026-09-08,SSE,510570,兴业500,4806.06
2026-09-08,SSE,510580,ZZ500ETF,116136.83
2026-09-08,SSE,510590,平安500,11358.61
2026-09-08,SSE,510600,沪50ETF,1331.51
2026-09-08,SSE,510630,消费30,55536.15
2026-09-08,SSE,510650,金融行业,1245.25
2026-09-08,SSE,510660,医药行业,5187.97
2026-09-08,SSE,510670,180指,17549.3
2026-09-08,SSE,510680,万家50,1932.47
2026-09-08,SSE,510710,上50ETF,10311.89
2026-09-08,SSE,510720,红利国泰,165676.6
2026-09-08,SSE,510760,上证ETF,299350.37
2026-09-08,SSE,510770,G60创新,2311.07
2026-09-08,SSE,510800,上证50,17357.6
2026-09-08,SSE,510810,上海国企,597449.37
2026-09-08,SSE,510850,工银上50,4729.89
2026-09-08,SSE,510880,红利ETF,554967.57
2026-09-08,SSE,510900,恒生中国,321302.19
2026-09-08,SSE,510910,上证指CS,15379.6
2026-09-08,SSE,510950,上证广发,10012.08
2026-09-08,SSE,510980,上证综合,62079.8
2026-09-08,SSE,510990,ESG180,4094.86
2026-09-08,SSE,511010,国债ETF,5119.63
2026-09-08,SSE,511020,活跃国债,3853.75
2026-09-08,SSE,511030,公司债,40339.07
2026-09-08,SSE,511060,5年地债,2184.63
2026-09-08,SSE,511070,沪公司债,30334.1
2026-09-08,SSE,511090,30年国债,29384.81
2026-09-08,SSE,511100,基准国债,10904.05
2026-09-08,SSE,511110,公司债易,34019.96
2026-09-08,SSE,511120,科创债基,12117.06
2026-09-08,SSE,511130,国债30年,19902.97
2026-09-08,SSE,511150,科债永赢,11253.09
2026-09-08,SSE,511160,国债东财,2151.09
2026-09-08,SSE,511180,上证转债,98435.97
2026-09-08,SSE,511190,信用债,15375.43
2026-09-08,SSE,511200,信用债基,25797.75
2026-09-08,SSE,511220,城投ETF,531188.14
2026-09-08,SSE,511260,十年国债,17091.65
2026-09-08,SSE,511270,10年地债,9004.75
2026-09-08,SSE,511360,短融ETF,74854.66
2026-09-08,SSE,511380,转债ETF,475238.67
2026-09-08,SSE,511520,政金债,39416.65
2026-09-08,SSE,511580,国债政金,7151.68
2026-09-08,SSE,512000,券商ETF,7267143.54
2026-09-08,SSE,512010,医药ETF,3996569.49
2026-09-08,SSE,512020,A500,111201.27
2026-09-08,SSE,512030,A50增,4324
2026-09-08,SSE,512040,国信价值,458671.59
2026-09-08,SSE,512050,A500E,1618699.22
2026-09-08,SSE,512060,A100指基,1092.8
2026-09-08,SSE,512070,证券保险,1668247.97
2026-09-08,SSE,512080,A500中金,77918.61
2026-09-08,SSE,512090,MSCI易基,32959.23
2026-09-08,SSE,512100,1000ETF,643921.76
2026-09-08,SSE,512120,医药50,77724.19
2026-09-08,SSE,512130,现金全指,1489.5
2026-09-08,SSE,512140,电力事业,13604.9
2026-09-08,SSE,512150,A50ETF,1807.34
2026-09-08,SSE,512160,MSCI基金,12177.78
2026-09-08,SSE,512170,医疗ETF,7163882.05
2026-09-08,SSE,512180,建信MSCI,4804.8
2026-09-08,SSE,512190,之江凤凰,20851.84
2026-09-08,SSE,512200,地产ETF,324784.79
2026-09-08,SSE,512220,TMTETF,21446.76
2026-09-08,SSE,512240,A50龙头,2018.6
2026-09-08,SSE,512250,A50指数E,11960.01
2026-09-08,SSE,512260,500低波,1969.77
2026-09-08,SSE,512290,生物医药,316582.07
2026-09-08,SSE,512330,信息ETF,35518.8
2026-09-08,SSE,512360,MSCI国际,2733.77
2026-09-08,SSE,512370,A500增指,29631.3
2026-09-08,SSE,512380,MSCI中国,7580.56
2026-09-08,SSE,512390,MSCI低波,968.2
2026-09-08,SSE,512400,有色ETF,1436753.9
2026-09-08,SSE,512410,银行广发,3867.17
2026-09-08,SSE,512420,机械华安,7223.89
2026-09-08,SSE,512430,家电家居,2872
2026-09-08,SSE,512450,广发养殖,10086.7
2026-09-08,SSE,512460,电池主题,30682.3
2026-09-08,SSE,512480,半导体,2024200.72
2026-09-08,SSE,512500,中证500,178880.88
2026-09-08,SSE,512510,ETF500,43192.98
2026-09-08,SSE,512520,MSCIETF,4505.64
2026-09-08,SSE,512530,300红利,9450.2
2026-09-08,SSE,512550,A50基金,10990.6
2026-09-08,SSE,512560,中证军工,92812.7
2026-09-08,SSE,512570,中证证券,399080.61
2026-09-08,SSE,512580,环保ETF,57147.17
2026-09-08,SSE,512600,必选消费,167005.61
2026-09-08,SSE,512620,农业TH,136066.6
2026-09-08,SSE,512630,卫星基金,163642.6
2026-09-08,SSE,512640,金融地产,2074.09
2026-09-08,SSE,512650,长三角,3094.16
2026-09-08,SSE,512660,军工ETF,650008
2026-09-08,SSE,512670,国防ETF,213065.26
2026-09-08,SSE,512680,军工基金,306493.01
2026-09-08,SSE,512690,酒ETF,3190255.02
2026-09-08,SSE,512700,银行基金,69908.1
2026-09-08,SSE,512710,军工龙头,1122965.84
2026-09-08,SSE,512720,计算机,35445.34
2026-09-08,SSE,512730,银行FUND,5108.39
2026-09-08,SSE,512750,基本面50,4565.49
2026-09-08,SSE,512760,芯片ETF,978744.55
2026-09-08,SSE,512770,战略新兴,9676.78
2026-09-08,SSE,512800,银行ETF,1157487.99
2026-09-08,SSE,512810,国防军工,96758.35
2026-09-08,SSE,512820,银行股基,39070.19
2026-09-08,SSE,512870,杭州湾区,2241.06
2026-09-08,SSE,512880,证券ETF,5619029.15
2026-09-08,SSE,512890,红利低波,2627611.08
2026-09-08,SSE,512900,证券基金,758940.6
2026-09-08,SSE,512910,100ETF,13112.88
2026-09-08,SSE,512930,AIETF,487652.13
2026-09-08,SSE,512940,有色矿业,214570.5
2026-09-08,SSE,512950,央企改革,404355.1
2026-09-08,SSE,512960,央调ETF,385545.73
2026-09-08,SSE,512970,湾区ETF,598.76
2026-09-08,SSE,512980,传媒ETF,531142.44
2026-09-08,SSE,512990,MSCIA股,9901.54
2026-09-08,SSE,513000,225ETF,102491.14
2026-09-08,SSE,513010,港股科技,4423830.7
2026-09-08,SSE,513020,科技HK,229014.54
2026-09-08,SSE,513030,德国ETF,102277.9
2026-09-08,SSE,513040,HK互联网,678334.13
2026-09-08,SSE,513050,中概互联,3457143.27
2026-09-08,SSE,513060,恒生医疗,852789.33
2026-09-08,SSE,513070,HK消费50,133676.08
2026-09-08,SSE,513080,法国ETF,66591.6
2026-09-08,SSE,513090,香港证券,970148.8
2026-09-08,SSE,513100,纳指ETF,946811.06
2026-09-08,SSE,513110,纳指100,220643.5
2026-09-08,SSE,513120,HK创新药,1841213.54
2026-09-08,SSE,513130,恒生科技,5791334.7
2026-09-08,SSE,513140,港股金融,7836.8
2026-09-08,SSE,513150,港科技50,10055.98
2026-09-08,SSE,513160,科技30,318518.93
2026-09-08,SSE,513170,恒生央企,15757.3
2026-09-08,SSE,513180,恒指科技,6952575.95
2026-09-08,SSE,513190,H股金融,99693.6
2026-09-08,SSE,513200,港股医药,87728.21
2026-09-08,SSE,513210,恒生E,3994.2
2026-09-08,SSE,513220,互联网30,52110.94
2026-09-08,SSE,513230,H股消费,32942.27
2026-09-08,SSE,513240,港信息,10449.6
2026-09-08,SSE,513260,恒科技,477024.3
2026-09-08,SSE,513280,恒生生物,36311.45
2026-09-08,SSE,513290,纳指生物,106107.21
2026-09-08,SSE,513300,纳斯达克,535192.1
2026-09-08,SSE,513310,中韩芯片,245742.7
2026-09-08,SSE,513320,HK新经济,9101.06
2026-09-08,SSE,513330,恒生互联,7081148
2026-09-08,SSE,513350,油气ETF,84874.6
2026-09-08,SSE,513360,教育ETF,61921.39
2026-09-08,SSE,513380,科技恒生,1778378.49
2026-09-08,SSE,513390,纳指基金,214937.91
2026-09-08,SSE,513400,道琼斯,284206.2
2026-09-08,SSE,513500,标普500,1027063.86
2026-09-08,SSE,513520,日经ETF,107988.72
2026-09-08,SSE,513530,港股红利,296243.87
2026-09-08,SSE,513550,港股通50,167899.2
2026-09-08,SSE,513560,香港科技,53138.6
2026-09-08,SSE,513580,HS科技,605811.8
2026-09-08,SSE,513590,香港消费,13051.89
2026-09-08,SSE,513600,恒指ETF,60882.95
2026-09-08,SSE,513620,港医疗指,5521.6
2026-09-08,SSE,513630,香港红利,750135.9
2026-09-08,SSE,513650,标普ETF,437373.4
2026-09-08,SSE,513660,恒生通,180000.02
2026-09-08,SSE,513690,恒生股息,314847.99
2026-09-08,SSE,513700,香港医药,77684.6
2026-09-08,SSE,513720,香港互联,24885.9
2026-09-08,SSE,513730,东南亚,77835.5
2026-09-08,SSE,513750,港股非银,799133.8
2026-09-08,SSE,513770,港股互联,1433813.79
2026-09-08,SSE,513780,港股新药,186115.7
2026-09-08,SSE,513800,东证ETF,103624.44
2026-09-08,SSE,513810,港股国企,4199.2
2026-09-08,SSE,513820,港股分红,174066.9
2026-09-08,SSE,513830,红利港股,5281.1
2026-09-08,SSE,513850,美国50,126289.26
2026-09-08,SSE,513860,HKC科技,259247.06
2026-09-08,SSE,513870,纳指指数,138167.1
2026-09-08,SSE,513880,日经225,131897
2026-09-08,SSE,513890,HK科技,89212.8
2026-09-08,SSE,513900,港股100,8997.8
2026-09-08,SSE,513910,红利央企,195327.6
2026-09-08,SSE,513920,央企40,258123.1
2026-09-08,SSE,513930,香港生科,10940.8
2026-09-08,SSE,513950,恒生红利,237511.9
2026-09-08,SSE,513970,恒生消费,140504.1
2026-09-08,SSE,513980,科技港股,1643320.4
2026-09-08,SSE,513990,港股通综,4300
2026-09-08,SSE,515000,科技ETF,321657.93
2026-09-08,SSE,515010,华夏证券,207127.16
2026-09-08,SSE,515020,银行指数,37834.53
2026-09-08,SSE,515030,新汽车,149838.4
2026-09-08,SSE,515040,工业金属,5331.96
2026-09-08,SSE,515050,5GETF,1732520.54
2026-09-08,SSE,515060,华夏地产,98647.81
2026-09-08,SSE,515070,AI智能,752894.04
2026-09-08,SSE,515080,中证红利,676414.89
2026-09-08,SSE,515090,可持续,980.17
2026-09-08,SSE,515100,红利100,352669.15
2026-09-08,SSE,515110,国企方达,21529.5
2026-09-08,SSE,515120,创新药,1800199.36
2026-09-08,SSE,515130,HS300E,9746.32
2026-09-08,SSE,515150,国企富国,39870.32
2026-09-08,SSE,515160,MSCI招商,24395.51
2026-09-08,SSE,515170,食品饮料,858325.79
2026-09-08,SSE,515180,100红利,1267663.7
2026-09-08,SSE,515190,BOCI500,29346.61
2026-09-08,SSE,515200,创新100,3794.32
2026-09-08,SSE,515210,钢铁ETF,96772.61
2026-09-08,SSE,515220,煤炭ETF,825567.69
2026-09-08,SSE,515230,软件ETF,803169.09
2026-09-08,SSE,515250,智能汽车,34194.45
2026-09-08,SSE,515260,电子ETF,89656.84
2026-09-08,SSE,515290,银行,248627.29
2026-09-08,SSE,515300,红利300,277267.52
2026-09-08,SSE,515310,添富300,32161.12
2026-09-08,SSE,515320,电子50,8930.9
2026-09-08,SSE,515330,天弘300,617670.95
2026-09-08,SSE,515350,民生300,1259.92
2026-09-08,SSE,515360,方正300,3727.93
2026-09-08,SSE,515370,中证光伏,97571.3
2026-09-08,SSE,515380,泰康300,66339.98
2026-09-08,SSE,515390,HS300,192268.3
2026-09-08,SSE,515400,大数据,173063.14
2026-09-08,SSE,515450,红利50,1412333.5
2026-09-08,SSE,515460,质量红利,27409.1
2026-09-08,SSE,515480,红利一百,2334.07
2026-09-08,SSE,515530,泰康500,1224.27
2026-09-08,SSE,515550,国联500,2034.57
2026-09-08,SSE,515560,证券E,18888.33
2026-09-08,SSE,515580,中证科技,30003.14
2026-09-08,SSE,515590,500ETFEW,3611.37
2026-09-08,SSE,515600,央企创新,103779.74
2026-09-08,SSE,515630,保险证券,93221.77
2026-09-08,SSE,515640,家电指数,1705
2026-09-08,SSE,515650,消费50,311718.4
2026-09-08,SSE,515660,沪深300E,43359.42
2026-09-08,SSE,515680,创新央企,109926.47
2026-09-08,SSE,515700,新能车,65951.02
2026-09-08,SSE,515710,食品ETF,231859.98
2026-09-08,SSE,515720,金科富国,43561.1
2026-09-08,SSE,515730,家居家电,4089.2
2026-09-08,SSE,515750,科技50,26314.05
2026-09-08,SSE,515760,浙江国资,9488.81
2026-09-08,SSE,515770,MSCIAETF,4272.73
2026-09-08,SSE,515790,光伏ETF,600349.4
2026-09-08,SSE,515800,800ETF,382243.72
2026-09-08,SSE,515810,ZZ800ETF,26390.88
2026-09-08,SSE,515840,食品南方,3142.64
2026-09-08,SSE,515850,证券龙头,48379.1
2026-09-08,SSE,515860,科技100,10187.89
2026-09-08,SSE,515880,通信ETF,6193377.4
2026-09-08,SSE,515890,红利博时,37944.39
2026-09-08,SSE,515900,央创ETF,222544.65
2026-09-08,SSE,515910,质量ETF,22450.7
2026-09-08,SSE,515920,智能消费,6290.57
2026-09-08,SSE,515950,医药龙头,53420.06
2026-09-08,SSE,515960,医药100,24099.19
2026-09-08,SSE,515970,华夏机械,52208.8
2026-09-08,SSE,515980,人工智能,621812.9
2026-09-08,SSE,515990,添富国企,5335.02
2026-09-08,SSE,516000,数据ETF,43885.5
2026-09-08,SSE,516010,游戏ETF,234869.3
2026-09-08,SSE,516020,化工ETF,352132.62
2026-09-08,SSE,516050,科技龙头,16022.8
2026-09-08,SSE,516060,新药ETF,30023.74
2026-09-08,SSE,516070,碳中和50,29564.6
2026-09-08,SSE,516080,创新医药,536055.48
2026-09-08,SSE,516090,新能源E,168284.48
2026-09-08,SSE,516100,科技金融,113375.97
2026-09-08,SSE,516110,汽车ETF,23762.31
2026-09-08,SSE,516120,化工50,494208.2
2026-09-08,SSE,516130,消费龙头,156989
2026-09-08,SSE,516150,稀土基金,378657.7
2026-09-08,SSE,516160,新能源,153214.2
2026-09-08,SSE,516180,光伏产业,15098.7
2026-09-08,SSE,516190,文娱ETF,11481.85
2026-09-08,SSE,516200,证券行业,44660.4
2026-09-08,SSE,516210,银行股,7423.1
2026-09-08,SSE,516220,化工龙头,25917
2026-09-08,SSE,516230,光伏招商,75092.1
2026-09-08,SSE,516250,富国机械,6187.8
2026-09-08,SSE,516260,物联网50,4388.26
2026-09-08,SSE,516270,新能源50,31790.9
2026-09-08,SSE,516290,光伏基金,74919.69
2026-09-08,SSE,516300,中证1000,3901.26
2026-09-08,SSE,516310,银行指基,156085.85
2026-09-08,SSE,516320,装备ETF,9058.93
2026-09-08,SSE,516330,物联网,847.13
2026-09-08,SSE,516350,芯片50,141041.53
2026-09-08,SSE,516360,新材料,5855.18
2026-09-08,SSE,516370,全指电力,28940.8
2026-09-08,SSE,516380,智能电车,8644.93
2026-09-08,SSE,516390,电动车,18276.1
2026-09-08,SSE,516440,南方机械,13012.66
2026-09-08,SSE,516460,现金流E,42069.3
2026-09-08,SSE,516500,生物ETF,20693.72
2026-09-08,SSE,516510,云计算,150589
2026-09-08,SSE,516520,智能驾驶,78776.55
2026-09-08,SSE,516530,物流快递,1680.23
2026-09-08,SSE,516550,农业ETF,26341.44
2026-09-08,SSE,516560,养老ETF,20925.8
2026-09-08,SSE,516570,石化ETF,113235.76
2026-09-08,SSE,516580,新能源BS,14812.41
2026-09-08,SSE,516590,电动汽车,5201.5
2026-09-08,SSE,516600,消服ETF,11033.21
2026-09-08,SSE,516610,医服ETF,23197.48
2026-09-08,SSE,516620,影视ETF,26976.75
2026-09-08,SSE,516630,云计算50,47915.6
2026-09-08,SSE,516640,芯片龙头,133648.28
2026-09-08,SSE,516650,有色50,525846.48
2026-09-08,SSE,516660,新能汽车,15668.9
2026-09-08,SSE,516670,畜牧养殖,327826.63
2026-09-08,SSE,516700,数据产业,17362.2
2026-09-08,SSE,516710,新材料50,7427.2
2026-09-08,SSE,516720,ESGETF,933.78
2026-09-08,SSE,516730,证券公司,22688.08
2026-09-08,SSE,516750,建材ETF,13916.73
2026-09-08,SSE,516760,养殖ETF,27821.51
2026-09-08,SSE,516770,游戏动漫,25104.8
2026-09-08,SSE,516780,稀土ETF,239459.97
2026-09-08,SSE,516790,保健ETF,18268.22
2026-09-08,SSE,516800,智能制造,18230.8
2026-09-08,SSE,516810,农业,53947.89
2026-09-08,SSE,516820,医疗创新,458941.52
2026-09-08,SSE,516830,300ESG,8967.69
2026-09-08,SSE,516840,汽车基金,13527.7
2026-09-08,SSE,516850,新能源80,14323.7
2026-09-08,SSE,516860,金融科技,116652.2
2026-09-08,SSE,516880,光伏50,91994.41
2026-09-08,SSE,516890,新材ETF,3331.14
2026-09-08,SSE,516900,食品50,28022.9
2026-09-08,SSE,516910,物流ETF,5964.18
2026-09-08,SSE,516920,芯片基金,49196.3
2026-09-08,SSE,516930,生科ETF,10763.96
2026-09-08,SSE,516950,基建ETF,10782.1
2026-09-08,SSE,516960,机械ETF,1605.11
2026-09-08,SSE,516970,基建50,115304.25
2026-09-08,SSE,516980,证券先锋,5401.6
2026-09-08,SSE,517000,沪港深,12279.3
2026-09-08,SSE,517010,HGS500E,7814.42
2026-09-08,SSE,517030,HGS300,8404.03
2026-09-08,SSE,517050,互联网50,34760.5
2026-09-08,SSE,517080,HGS500,17316.6
2026-09-08,SSE,517090,共赢ETF,5307.5
2026-09-08,SSE,517100,AH500ETF,14360.21
2026-09-08,SSE,517110,创新药HK,131909.85
2026-09-08,SSE,517120,创新药50,56296.64
2026-09-08,SSE,517130,云计算JS,18865.4
2026-09-08,SSE,517160,长江ETF,182677.75
2026-09-08,SSE,517170,沪港深E,1613.18
2026-09-08,SSE,517180,中国国企,8849.63
2026-09-08,SSE,517200,互联网,14478.2
2026-09-08,SSE,517230,云计算MW,15654.58
2026-09-08,SSE,517300,AH300ETF,100243.45
2026-09-08,SSE,517330,长江保护,180916.9
2026-09-08,SSE,517350,龙头科技,4754.2
2026-09-08,SSE,517360,AH科技,2508.3
2026-09-08,SSE,517380,创新药AH,295432.63
2026-09-08,SSE,517390,云计算AH,12911.26
2026-09-08,SSE,517400,黄金股票,99079.2
2026-09-08,SSE,517520,黄金股,637840.4
2026-09-08,SSE,517550,消费主题,8041.74
2026-09-08,SSE,517660,物联网AH,3988.07
2026-09-08,SSE,517770,游戏传媒,18994.78
2026-09-08,SSE,517800,AI50,21353.97
2026-09-08,SSE,517850,张江ETF,3818.52
2026-09-08,SSE,517880,品牌消费,4933.71
2026-09-08,SSE,517900,银行优选,38199.35
2026-09-08,SSE,517950,交银科技,4862.32
2026-09-08,SSE,517990,医药基金,4598.79
2026-09-08,SSE,518600,上海金,84661.63
2026-09-08,SSE,518660,工银黄金,96885.27
2026-09-08,SSE,518680,金ETF,81766.95
2026-09-08,SSE,518800,黄金基金,381107.92
2026-09-08,SSE,518850,黄金9999,191587.87
2026-09-08,SSE,518860,上海金E,46785.98
2026-09-08,SSE,518880,黄金ETF,1174474.08
2026-09-08,SSE,518890,中银黄金,37645.48
2026-09-08,SSE,520500,恒生新药,189730.5
2026-09-08,SSE,520510,港股医疗,38372.8
2026-09-08,SSE,520520,HK消费,5260.6
2026-09-08,SSE,520530,港科ETF,23577.6
2026-09-08,SSE,520550,红利恒生,115302.4
2026-09-08,SSE,520560,香港30,60741.9
2026-09-08,SSE,520570,科技恒指,350687.6
2026-09-08,SSE,520580,新兴亚洲,29098.39
2026-09-08,SSE,520590,恒科,19823.5
2026-09-08,SSE,520600,汽车港股,26586.8
2026-09-08,SSE,520610,港红利指,41796.3
2026-09-08,SSE,520620,港股消费,28440.9
2026-09-08,SSE,520630,互联港股,59411
2026-09-08,SSE,520650,互联网HK,248325.5
2026-09-08,SSE,520660,港红利CS,198048.55
2026-09-08,SSE,520670,港科基金,21392.81
2026-09-08,SSE,520680,港股通车,7036.9
2026-09-08,SSE,520690,恒生港药,63145.4
2026-09-08,SSE,520700,创新药WJ,46107.6
2026-09-08,SSE,520710,信息港股,9702.9
2026-09-08,SSE,520720,香港汽车,12294.2
2026-09-08,SSE,520730,汽车WJ,11739.44
2026-09-08,SSE,520740,互联香港,4501.26
2026-09-08,SSE,520750,HK信息,13238.4
2026-09-08,SSE,520760,港股生物,12646.6
2026-09-08,SSE,520770,港股恒指,21337.38
2026-09-08,SSE,520780,港股车50,3946
2026-09-08,SSE,520790,港互联网,59907.5
2026-09-08,SSE,520810,港高股息,31836
2026-09-08,SSE,520820,恒指通,5868.2
2026-09-08,SSE,520830,沙特ETF,104311.9
2026-09-08,SSE,520840,港科技,112854.9
2026-09-08,SSE,520850,港医疗,14524.96
2026-09-08,SSE,520860,港股通科,34219.5
2026-09-08,SSE,520870,巴西ETF,51347.72
2026-09-08,SSE,520880,港创新药,436361.8
2026-09-08,SSE,520890,港红利,8000.8
2026-09-08,SSE,520900,红利香港,153117.5
2026-09-08,SSE,520910,HK互联,75644.5
2026-09-08,SSE,520920,恒生科TH,1896301.9
2026-09-08,SSE,520930,恒生生科,15973.3
2026-09-08,SSE,520940,恒指基金,2229.7
2026-09-08,SSE,520950,港股50,32542.1
2026-09-08,SSE,520960,恒指港通,5060.34
2026-09-08,SSE,520970,港股通药,125235.8
2026-09-08,SSE,520980,港科技30,313838.7
2026-09-08,SSE,520990,国新红利,340547.05
2026-09-08,SSE,526000,港股信息,17614.2
2026-09-08,SSE,526010,香港医疗,3045.8
2026-09-08,SSE,526030,港信息基,15346.5
2026-09-08,SSE,526050,香港信息,5363
2026-09-08,SSE,526060,港股技术,7587.7
2026-09-08,SSE,526070,恒生博时,5237.7
2026-09-08,SSE,530000,50ETF基,93902.94
2026-09-08,SSE,530050,SH50ETF,12781.3
2026-09-08,SSE,530060,上证综E,88219.3
2026-09-08,SSE,530080,180指基,2491.7
2026-09-08,SSE,530100,上证580,12069.6
2026-09-08,SSE,530180,上证180,5795.2
2026-09-08,SSE,530280,180ETF指,2993.4
2026-09-08,SSE,530300,180指数,3364.3
2026-09-08,SSE,530380,上证380,13470.5
2026-09-08,SSE,530530,580ETF,13446
2026-09-08,SSE,530580,180基金,5314.9
2026-09-08,SSE,530680,180E,10689.19
2026-09-08,SSE,530800,上180ETF,1820.18
2026-09-08,SSE,530880,上证红利,3833.6
2026-09-08,SSE,551000,科创债,7790.41
2026-09-08,SSE,551030,科创债券,18334
2026-09-08,SSE,551060,科创债沪,5735.1
2026-09-08,SSE,551300,科创债摩,5099.75
2026-09-08,SSE,551500,科创债易,13282
2026-09-08,SSE,551510,科债AAA,14571.61
2026-09-08,SSE,551520,科创债汇,21526.16
2026-09-08,SSE,551550,科创AAA,18860.82
2026-09-08,SSE,551560,科创债兴,17191.88
2026-09-08,SSE,551580,科创债TK,10703.68
2026-09-08,SSE,551800,国泰科债,11608.14
2026-09-08,SSE,551900,科创债指,13893.17
2026-09-08,SSE,560010,1000基金,188862.17
2026-09-08,SSE,560020,红利添富,13256.2
2026-09-08,SSE,560030,800价值,2343.2
2026-09-08,SSE,560050,MSCIA50,217993.44
2026-09-08,SSE,560060,碳中和基,7609
2026-09-08,SSE,560070,央企分红,8236.23
2026-09-08,SSE,560080,中药ETF,227426.5
2026-09-08,SSE,560090,证券指数,229136.5
2026-09-08,SSE,560100,增强ETF,6108.03
2026-09-08,SSE,560110,ZZ1000,32590.35
2026-09-08,SSE,560120,500现金,57668.9
2026-09-08,SSE,560130,食品基金,6977.62
2026-09-08,SSE,560150,红利TK,67027.93
2026-09-08,SSE,560160,食品E,10970.6
2026-09-08,SSE,560170,央企科技,38449.55
2026-09-08,SSE,560180,ESG300,1560.3
2026-09-08,SSE,560190,公用事业,2683.4
2026-09-08,SSE,560210,景顺农牧,50752.2
2026-09-08,SSE,560220,2000基金,6071.7
2026-09-08,SSE,560230,光伏富国,8788.9
2026-09-08,SSE,560250,红利质量,13033.3
2026-09-08,SSE,560260,医疗50,171766.47
2026-09-08,SSE,560270,电力指数,16193.9
2026-09-08,SSE,560280,工程机械,144875.2
2026-09-08,SSE,560290,景顺有色,37269.4
2026-09-08,SSE,560300,电信50,2780.34
2026-09-08,SSE,560310,光伏博时,18812.2
2026-09-08,SSE,560320,食品富国,11033.2
2026-09-08,SSE,560330,300价值E,1713
2026-09-08,SSE,560350,A50指数,84153.21
2026-09-08,SSE,560360,软件指数,22434.5
2026-09-08,SSE,560370,全指红利,21608.4
2026-09-08,SSE,560380,A100,14086.1
2026-09-08,SSE,560390,电网E,205925.8
2026-09-08,SSE,560400,证券华泰,16749.3
2026-09-08,SSE,560410,电池鹏华,5978.61
2026-09-08,SSE,560420,食品Q,12578.02
2026-09-08,SSE,560450,电力TH,24256.9
2026-09-08,SSE,560460,电力平安,28153.7
2026-09-08,SSE,560470,有色E,30134
2026-09-08,SSE,560480,中证电力,13630.3
2026-09-08,SSE,560490,华泰有色,10648.2
2026-09-08,SSE,560500,500质量,29433.9
2026-09-08,SSE,560510,中证A500,252802.69
2026-09-08,SSE,560520,红利大成,5075.1
2026-09-08,SSE,560530,A500ETF,399162.37
2026-09-08,SSE,560550,碳中和,12359.74
2026-09-08,SSE,560560,碳中和TK,7119.01
2026-09-08,SSE,560570,A500低波,115454.12
2026-09-08,SSE,560580,电力指基,43000.3
2026-09-08,SSE,560590,1000鹏华,1971
2026-09-08,SSE,560610,A500指数,523698.84
2026-09-08,SSE,560620,公用WJ,2586.7
2026-09-08,SSE,560630,机器人WJ,14939.4
2026-09-08,SSE,560660,云50ETF,12693.8
2026-09-08,SSE,560670,中证银行,4097.4
2026-09-08,SSE,560680,龙头消费,33372.56
2026-09-08,SSE,560690,电信主题,1963.9
2026-09-08,SSE,560700,央红利50,45103.69
2026-09-08,SSE,560710,船舶ETF,166758
2026-09-08,SSE,560720,工银红利,9554.8
2026-09-08,SSE,560730,红利GTHT,7383.63
2026-09-08,SSE,560750,A500申万,7555.48
2026-09-08,SSE,560770,机器人ZS,164113.3
2026-09-08,SSE,560780,半导设备,1280848.8
2026-09-08,SSE,560790,软件服务,22045.59
2026-09-08,SSE,560800,数字ETF,29595.11
2026-09-08,SSE,560810,央企ESG,18011.6
2026-09-08,SSE,560820,A50新华,4092.6
2026-09-08,SSE,560830,电指数,68601.9
2026-09-08,SSE,560850,信创50,6916.4
2026-09-08,SSE,560860,工业有色,539723.3
2026-09-08,SSE,560870,中银有色,9135.19
2026-09-08,SSE,560880,家电基金,19373.2
2026-09-08,SSE,560900,创新药企,21796.91
2026-09-08,SSE,560910,中证电池,20172.1
2026-09-08,SSE,560920,招商机械,4437.33
2026-09-08,SSE,560930,电力E,20302.4
2026-09-08,SSE,560950,500增,1548.3
2026-09-08,SSE,560970,有色金属,6913.8
2026-09-08,SSE,560980,光伏龙头,34352.2
2026-09-08,SSE,560990,科技先锋,1518.71
2026-09-08,SSE,561000,300指增,4992
2026-09-08,SSE,561010,软件开发,29135.6
2026-09-08,SSE,561020,食品招商,2502.22
2026-09-08,SSE,561030,机械华泰,18455
2026-09-08,SSE,561050,稀金属E,23325
2026-09-08,SSE,561060,红利国企,4706.5
2026-09-08,SSE,561080,现金自由,2425
2026-09-08,SSE,561090,A500增,20997.4
2026-09-08,SSE,561100,电子龙头,61874.69
2026-09-08,SSE,561120,家电ETF,2815.99
2026-09-08,SSE,561130,国货ETF,8593.52
2026-09-08,SSE,561160,锂电池,230183.5
2026-09-08,SSE,561170,绿电50,52303.27
2026-09-08,SSE,561180,A100ETF,4960.96
2026-09-08,SSE,561190,双碳ETF,19431.8
2026-09-08,SSE,561200,A100基金,3347.05
2026-09-08,SSE,561220,国企数字,4755.3
2026-09-08,SSE,561230,A50,45247.78
2026-09-08,SSE,561250,稀金属PH,6675.22
2026-09-08,SSE,561260,能源ETF,2329.52
2026-09-08,SSE,561280,增强1000,8484.77
2026-09-08,SSE,561300,300增ETF,55096.5
2026-09-08,SSE,561310,消电ETF,10783.31
2026-09-08,SSE,561320,交运ETF,3436.9
2026-09-08,SSE,561330,矿业ETF,181739.21
2026-09-08,SSE,561350,国泰500,11570
2026-09-08,SSE,561360,石油ETF,136314.8
2026-09-08,SSE,561370,2000ETF,3235.6
2026-09-08,SSE,561380,电网ETF,625103.4
2026-09-08,SSE,561390,稀金属PA,8912.81
2026-09-08,SSE,561400,鑫元养殖,2851.9
2026-09-08,SSE,561410,光伏工银,20261.33
2026-09-08,SSE,561420,300现金,100923.7
2026-09-08,SSE,561430,全指质量,3422.32
2026-09-08,SSE,561450,华泰红利,7962.43
2026-09-08,SSE,561460,AITH,172352
2026-09-08,SSE,561470,畜牧TH,5193.6
2026-09-08,SSE,561490,红利财通,8263.13
2026-09-08,SSE,561500,漂亮50,5460.03
2026-09-08,SSE,561510,中医药,6520.6
2026-09-08,SSE,561530,银华银行,7413.4
2026-09-08,SSE,561550,500指增,135148.96
2026-09-08,SSE,561560,电力ETF,192562.42
2026-09-08,SSE,561570,油气基金,7414.7
2026-09-08,SSE,561580,央企红利,191137.07
2026-09-08,SSE,561590,1000增强,10149.96
2026-09-08,SSE,561600,消费电子,30054.8
2026-09-08,SSE,561620,华泰化工,3522.7
2026-09-08,SSE,561630,华泰质量,3989.8
2026-09-08,SSE,561660,通航基金,6971
2026-09-08,SSE,561680,A500红低,5716.9
2026-09-08,SSE,561690,质量300,35788.06
2026-09-08,SSE,561700,电力基金,34981.36
2026-09-08,SSE,561730,中证A股,8674.81
2026-09-08,SSE,561750,A50博时,6299.6
2026-09-08,SSE,561760,油气博时,15769.5
2026-09-08,SSE,561770,指基A100,3555
2026-09-08,SSE,561780,1000指增,1935.58
2026-09-08,SSE,561790,现代能源,5543.4
2026-09-08,SSE,561800,稀金属,20807.72
2026-09-08,SSE,561810,华泰医疗,5463.84
2026-09-08,SSE,561830,有色GTHT,19757.11
2026-09-08,SSE,561870,现金流指,8976.5
2026-09-08,SSE,561880,A100指数,8438.9
2026-09-08,SSE,561890,A股E,4111.26
2026-09-08,SSE,561900,沪深ESG,2633.44
2026-09-08,SSE,561910,电池ETF,480907.66
2026-09-08,SSE,561920,疫苗龙头,6269.2
2026-09-08,SSE,561930,招商300,18726.06
2026-09-08,SSE,561950,500增强A,7215.6
2026-09-08,SSE,561960,央企回报,5718.52
2026-09-08,SSE,561980,芯片设备,869055
2026-09-08,SSE,561990,300增强,33464.92
2026-09-08,SSE,562000,中证A100,59673.79
2026-09-08,SSE,562010,绿色能源,1829.87
2026-09-08,SSE,562030,信创基金,14697.39
2026-09-08,SSE,562050,药ETF,10646.8
2026-09-08,SSE,562060,标普红利,539079.26
2026-09-08,SSE,562070,300ETF增,55554.2
2026-09-08,SSE,562080,自由现金,58075.72
2026-09-08,SSE,562180,红低A500,10115
2026-09-08,SSE,562300,低碳ETF,5549.5
2026-09-08,SSE,562310,300成长,41657.23
2026-09-08,SSE,562320,300价值A,5529.55
2026-09-08,SSE,562330,500价值,1201.89
2026-09-08,SSE,562340,500成长,814.43
2026-09-08,SSE,562350,电力,12841.09
2026-09-08,SSE,562360,机器人YH,29247.4
2026-09-08,SSE,562380,科技引领,7512.89
2026-09-08,SSE,562390,中药,8042.9
2026-09-08,SSE,562500,机器人,1845868.73
2026-09-08,SSE,562510,旅游ETF,111359.5
2026-09-08,SSE,562520,1000成长,2856.8
2026-09-08,SSE,562530,1000价值,15514.4
2026-09-08,SSE,562550,绿电ETF,148241.93
2026-09-08,SSE,562560,信息技术,2276.55
2026-09-08,SSE,562570,信创ETF,30028.1
2026-09-08,SSE,562580,可选消费,4072.33
2026-09-08,SSE,562590,半导材料,907698.9
2026-09-08,SSE,562600,医疗器械,45493.74
2026-09-08,SSE,562660,ZZ2000,36487.4
2026-09-08,SSE,562700,汽车零件,9975
2026-09-08,SSE,562800,稀有金属,578159.5
2026-09-08,SSE,562810,上证增强,5295.1
2026-09-08,SSE,562820,集成电路,46640.8
2026-09-08,SSE,562850,央企能源,17698.15
2026-09-08,SSE,562860,疫苗ETF,33489.5
2026-09-08,SSE,562870,证券全指,58900.52
2026-09-08,SSE,562880,电池基金,89989.96
2026-09-08,SSE,562890,A50中证,27505.1
2026-09-08,SSE,562900,现代农业,23670.63
2026-09-08,SSE,562910,高端制造,29722.73
2026-09-08,SSE,562920,信息安全,8806.9
2026-09-08,SSE,562930,软件30,172543.7
2026-09-08,SSE,562950,消电50,107425.83
2026-09-08,SSE,562960,绿色电力,120189.1
2026-09-08,SSE,562970,光伏E,37044.8
2026-09-08,SSE,562990,碳中和E,37675.6
2026-09-08,SSE,563000,中国A50,152595.11
2026-09-08,SSE,563010,电信ETF,8818.93
2026-09-08,SSE,563020,低波红利,1029391
2026-09-08,SSE,563030,增强500,12716.9
2026-09-08,SSE,563050,科技央企,14520.84
2026-09-08,SSE,563060,央企50,18052.7
2026-09-08,SSE,563080,中证A50E,111058.84
2026-09-08,SSE,563090,上50增强,5484.8
2026-09-08,SSE,563150,油气资源,3439.9
2026-09-08,SSE,563180,高股息,9942
2026-09-08,SSE,563200,2000指数,5145.88
2026-09-08,SSE,563210,专精特新,11006.7
2026-09-08,SSE,563220,A500富国,638301.37
2026-09-08,SSE,563230,卫星ETF,333123.7
2026-09-08,SSE,563280,A50增强,520.66
2026-09-08,SSE,563300,中证2000,466617.4
2026-09-08,SSE,563320,通用航空,22289.2
2026-09-08,SSE,563330,A股ETF,3466.06
2026-09-08,SSE,563350,中证A50,17199.76
2026-09-08,SSE,563360,A500基金,3075798.74
2026-09-08,SSE,563380,航空航天,82695
2026-09-08,SSE,563390,现金基金,214334.4
2026-09-08,SSE,563500,A500华宝,76595.87
2026-09-08,SSE,563510,A500红利,28053.7
2026-09-08,SSE,563520,300永赢,44506.5
2026-09-08,SSE,563530,卫星E,155574.8
2026-09-08,SSE,563550,增强A500,8255.9
2026-09-08,SSE,563560,科技成长,5576.9
2026-09-08,SSE,563570,金融科,10637.4
2026-09-08,SSE,563580,现金800,24064.8
2026-09-08,SSE,563590,红利A500,6094.44
2026-09-08,SSE,563600,A500增强,6648.3
2026-09-08,SSE,563620,现金流全,5004.9
2026-09-08,SSE,563630,A500指增,3794.71
2026-09-08,SSE,563650,A500中证,14090.9
2026-09-08,SSE,563660,A500银河,6608.52
2026-09-08,SSE,563670,金科基金,18098.7
2026-09-08,SSE,563680,现金流TF,10395.9
2026-09-08,SSE,563690,红利永赢,4788.2
2026-09-08,SSE,563700,红利价值,35315
2026-09-08,SSE,563750,500添富,35223.7
2026-09-08,SSE,563760,中银现金,70391.32
2026-09-08,SSE,563770,全指现金,2730.7
2026-09-08,SSE,563780,现金指数,23702.71
2026-09-08,SSE,563790,卫星产业,119044.7
2026-09-08,SSE,563800,A500龙头,904097.81
2026-09-08,SSE,563830,现金流基,13489.6
2026-09-08,SSE,563850,食品广发,10948.17
2026-09-08,SSE,563860,A500海富,18584.43
2026-09-08,SSE,563870,航空通用,10530.39
2026-09-08,SSE,563880,A500添富,151099.64
2026-09-08,SSE,563890,红利国有,2033.6
2026-09-08,SSE,563900,现金流,45796.57
2026-09-08,SSE,563930,上指增强,2859.2
2026-09-08,SSE,563960,300质量,35251.2
2026-09-08,SSE,563980,800红利,18896.7
2026-09-08,SSE,563990,800现金,29557.3
2026-09-08,SSE,588000,科创50,5385866.82
2026-09-08,SSE,588010,科创材料,97042.58
2026-09-08,SSE,588020,科创50E,212337.3
2026-09-08,SSE,588030,科创指基,227983.81
2026-09-08,SSE,588040,科创板指,13988.9
2026-09-08,SSE,588050,科创ETF,658324.13
2026-09-08,SSE,588060,上证科创,760914
2026-09-08,SSE,588070,科创万家,3843.7
2026-09-08,SSE,588080,科创板50,2564262.81
2026-09-08,SSE,588090,科创板,304207.28
2026-09-08,SSE,588100,科创信息,23674.62
2026-09-08,SSE,588110,科创成长,100303.2
2026-09-08,SSE,588120,科100ETF,91362.2
2026-09-08,SSE,588130,科创药,46908.26
2026-09-08,SSE,588140,科200GF,21775.1
2026-09-08,SSE,588150,科创龙头,40143.26
2026-09-08,SSE,588160,科创新材,89649.6
2026-09-08,SSE,588170,科创半导,4383344.7
2026-09-08,SSE,588180,科创50基,75935.37
2026-09-08,SSE,588190,科创100,134861.83
2026-09-08,SSE,588200,科创芯片,4329268.43
2026-09-08,SSE,588210,科创100E,24825.4
2026-09-08,SSE,588220,科创100F,370469.79
2026-09-08,SSE,588230,科创200,71393.9
2026-09-08,SSE,588240,科200,11663.3
2026-09-08,SSE,588250,KC医药,27167.5
2026-09-08,SSE,588260,科创技术,4674.6
2026-09-08,SSE,588270,科创200F,29841
2026-09-08,SSE,588280,科创五零,40012.1
2026-09-08,SSE,588290,芯片科创,496469.1
2026-09-08,SSE,588300,双创ETF,152821.05
2026-09-08,SSE,588310,双创基金,3063.75
2026-09-08,SSE,588320,双创增强,8682.46
2026-09-08,SSE,588330,双创龙头,118773.78
2026-09-08,SSE,588350,双创,65654.6
2026-09-08,SSE,588360,创创ETF,22188.18
2026-09-08,SSE,588370,科创策略,7577.2
2026-09-08,SSE,588380,创50ETF,273577
2026-09-08,SSE,588390,科创创业,16493.59
2026-09-08,SSE,588400,双创50,136560.06
2026-09-08,SSE,588410,双创AI,11325
2026-09-08,SSE,588420,AI双创,33764.8
2026-09-08,SSE,588430,科创创AI,9845.8
2026-09-08,SSE,588450,科创50增,6356.87
2026-09-08,SSE,588460,科创增强,66151.4
2026-09-08,SSE,588470,双创智能,27790.7
2026-09-08,SSE,588480,AI50双创,23771.7
2026-09-08,SSE,588500,科创100Z,4364.7
2026-09-08,SSE,588510,智能双创,31517.5
2026-09-08,SSE,588520,科创增,1295.7
2026-09-08,SSE,588530,AIBOCI,22243.33
2026-09-08,SSE,588550,科创增指,6329
2026-09-08,SSE,588660,双创五零,3834.4
2026-09-08,SSE,588670,科综增强,3979.2
2026-09-08,SSE,588680,科100增,3536.1
2026-09-08,SSE,588690,科综指增,4763.6
2026-09-08,SSE,588700,科创生物,47033.62
2026-09-08,SSE,588710,科半导体,1141288.5
2026-09-08,SSE,588720,中银科创,10974.18
2026-09-08,SSE,588730,科创AI,74039.63
2026-09-08,SSE,588750,科创芯50,325922.8
2026-09-08,SSE,588760,AI科创,251853.2
2026-09-08,SSE,588770,信息科创,31159.71
2026-09-08,SSE,588780,芯片设计,103990.2
2026-09-08,SSE,588790,科创智能,342138.4
2026-09-08,SSE,588800,科创100C,168237.7
2026-09-08,SSE,588810,科创板芯,178264.8
2026-09-08,SSE,588820,科创200E,15140
2026-09-08,SSE,588830,科创新能,62384.79
2026-09-08,SSE,588840,50科创,6123.6
2026-09-08,SSE,588850,科创机械,8277.9
2026-09-08,SSE,588860,科创医药,35688.94
2026-09-08,SSE,588870,科创50指,88755.2
2026-09-08,SSE,588880,科创指数,11436.8
2026-09-08,SSE,588890,科创芯,279243
2026-09-08,SSE,588900,科创100S,35578.3
2026-09-08,SSE,588910,科创价值,10004.91
2026-09-08,SSE,588920,KC芯片,33687.6
2026-09-08,SSE,588930,科创板AI,62732.9
2026-09-08,SSE,588940,科创富国,311084
2026-09-08,SSE,588950,景顺科创,73172.97
2026-09-08,SSE,588960,新能科创,14557.98
2026-09-08,SSE,588980,科创广发,1442
2026-09-08,SSE,588990,科芯片,20174.54
2026-09-08,SSE,589000,科创综指,106750.78
2026-09-08,SSE,589010,科创AI指,93879.3
2026-09-08,SSE,589020,KC半导体,446043.8
2026-09-08,SSE,589030,科芯设计,93407.7
2026-09-08,SSE,589050,科创E,5096.8
2026-09-08,SSE,589060,科综东财,8213.79
2026-09-08,SSE,589070,科芯TH,206329.3
2026-09-08,SSE,589080,科创综E,14806.1
2026-09-08,SSE,589090,KCAI,18693.1
2026-09-08,SSE,589100,国泰芯片,92344.25
2026-09-08,SSE,589110,科AI国泰,54341.3
2026-09-08,SSE,589120,创新药基,144062
2026-09-08,SSE,589130,科创芯易,335678
2026-09-08,SSE,589150,科创平安,84743.72
2026-09-08,SSE,589160,科芯片GF,29029.6
2026-09-08,SSE,589170,芯设计KC,14790.9
2026-09-08,SSE,589180,科创材基,13731.8
2026-09-08,SSE,589190,科创芯基,375756.2
2026-09-08,SSE,589200,科200E,2250.7
2026-09-08,SSE,589210,芯设计GF,135693.8
2026-09-08,SSE,589220,科200GT,32549.58
2026-09-08,SSE,589230,AI科创CS,25105.3
2026-09-08,SSE,589250,芯设计PY,7510.13
2026-09-08,SSE,589260,科创芯设,9115.6
2026-09-08,SSE,589270,科创100Q,2151.66
2026-09-08,SSE,589280,科综增指,14906.9
2026-09-08,SSE,589290,芯片主题,14784.89
2026-09-08,SSE,589300,科综嘉实,4158.25
2026-09-08,SSE,589310,科创人工,31349.18
2026-09-08,SSE,589320,科200JS,11405.3
2026-09-08,SSE,589330,科200DC,17090.2
2026-09-08,SSE,589350,科芯片指,24628.15
2026-09-08,SSE,589360,科创50GT,269317.4
2026-09-08,SSE,589380,AI科创指,10169.43
2026-09-08,SSE,589390,芯设计,138381.05
2026-09-08,SSE,589400,芯设计FG,30778.52
2026-09-08,SSE,589410,科创AIJS,56856.56
2026-09-08,SSE,589420,芯设计MW,36648.15
2026-09-08,SSE,589430,科芯片设,23484.99
2026-09-08,SSE,589460,科200HB,21763.09
2026-09-08,SSE,589500,科综工银,8006.4
2026-09-08,SSE,589520,AI科创板,88210.46
2026-09-08,SSE,589550,KC价值,2529.55
2026-09-08,SSE,589560,科创AITF,25935.5
2026-09-08,SSE,589580,科综价格,1435.48
2026-09-08,SSE,589600,富国科综,22153.5
2026-09-08,SSE,589630,科综国泰,34925.8
2026-09-08,SSE,589660,综指科创,26553
2026-09-08,SSE,589680,科创综Z,139494.37
2026-09-08,SSE,589700,成长科创,2829.1
2026-09-08,SSE,589720,科创新药,538682.3
2026-09-08,SSE,589770,科创全指,16356.92
2026-09-08,SSE,589780,科200FG,6921.5
2026-09-08,SSE,589800,科创综合,108798.82
2026-09-08,SSE,589820,科200F,12972.02
2026-09-08,SSE,589850,科创东财,82005.7
2026-09-08,SSE,589860,天弘科综,16222.4
2026-09-08,SSE,589880,科创综,44999.6
2026-09-08,SSE,589890,景顺科综,8498.7
2026-09-08,SSE,589900,博时科综,16890.82
2026-09-08,SSE,589950,科100FG,36387.3
2026-09-08,SSE,589960,科创新源,17131.6
2026-09-08,SSE,589980,科基100,12912.2
2026-09-08,SSE,589990,科创板综,11009
2026-09-08,SZSE,158000,港股通金融ETF鹏华,9792.58
2026-09-08,SZSE,158001,价值ETF嘉实,13539.26
2026-09-08,SZSE,158003,港股通医疗ETF嘉实,9565.43
2026-09-08,SZSE,158005,工程机械ETF博时,14306.13
2026-09-08,SZSE,158006,化工ETF博时,4204.60
2026-09-08,SZSE,158008,新能源电池ETF华夏,24641.31
2026-09-08,SZSE,158009,航空航天ETF南方,3137.38
2026-09-08,SZSE,158010,医疗ETF嘉实,26321.33
2026-09-08,SZSE,158011,创业板软件ETF国泰,6284.26
2026-09-08,SZSE,158012,云计算ETF南方,27632.55
2026-09-08,SZSE,158013,航空航天ETF易方达,11234.52
2026-09-08,SZSE,158017,化工ETF易方达,7559.45
2026-09-08,SZSE,158019,电池ETF永赢,27928.19
2026-09-08,SZSE,158023,红利低波ETF万家,30508.07
2026-09-08,SZSE,158027,工业互联网ETF易方达,20214.30
2026-09-08,SZSE,159001,货币ETF易方达,3250.26
2026-09-08,SZSE,159003,招商快线ETF,198.49
2026-09-08,SZSE,159005,快钱ETF汇添富,115.37
2026-09-08,SZSE,159007,养殖ETF华泰柏瑞,18660.32
2026-09-08,SZSE,159008,证券ETF景顺,11178.45
2026-09-08,SZSE,159009,创业板新能源ETF易方达,15939.27
2026-09-08,SZSE,159010,港股通科技ETF博时,20059.76
2026-09-08,SZSE,159011,养殖ETF华安,2550.51
2026-09-08,SZSE,159012,科创创业50ETF鹏华,13488.11
2026-09-08,SZSE,159013,工业互联网ETF大成,4157.88
2026-09-08,SZSE,159015,恒生港股通科技ETF国联,11035.29
2026-09-08,SZSE,159016,证券ETF广发,33604.01
2026-09-08,SZSE,159017,石油ETF工银,15125.68
2026-09-08,SZSE,159018,石油ETF广发,2690.42
2026-09-08,SZSE,159019,石油ETF华宝,4432.77
2026-09-08,SZSE,159020,养殖ETF易方达,11556.70
2026-09-08,SZSE,159021,大盘价值ETF华夏,6990.77
2026-09-08,SZSE,159022,科创创业人工智能ETF富国,17463.09
2026-09-08,SZSE,159023,养殖ETF万家,3977.79
2026-09-08,SZSE,159026,石油ETF南方,4451.34
2026-09-08,SZSE,159027,畜牧养殖ETF大成,10847.22
2026-09-08,SZSE,159028,港股汽车ETF天弘,13344.90
2026-09-08,SZSE,159029,有色ETF广发,30112.77
2026-09-08,SZSE,159030,粮食ETF华夏,44096.81
2026-09-08,SZSE,159031,粮食ETF博时,51902.86
2026-09-08,SZSE,159032,工业有色ETF易方达,26084.50
2026-09-08,SZSE,159033,粮食ETF国泰,10632.34
2026-09-08,SZSE,159035,软件ETF天弘,61885.97
2026-09-08,SZSE,159036,软件开发ETF华宝,28174.01
2026-09-08,SZSE,159037,价值ETF鹏华,6324.98
2026-09-08,SZSE,159038,粮食ETF易方达,18502.69
2026-09-08,SZSE,159039,机器人ETF华安,107646.14
2026-09-08,SZSE,159040,港股通互联网ETF鹏华,3248.10
2026-09-08,SZSE,159041,农业ETF鹏华,4547.18
2026-09-08,SZSE,159042,价值ETF汇添富,8580.11
2026-09-08,SZSE,159043,食品ETF华安,6977.06
2026-09-08,SZSE,159045,稀有金属ETF大成,17233.02
2026-09-08,SZSE,159046,绿电ETF天弘,57647.68
2026-09-08,SZSE,159048,机器人ETF大成,19380.38
2026-09-08,SZSE,159049,有色ETF工银,3607.33
2026-09-08,SZSE,159050,机器人ETF广发,65170.36
2026-09-08,SZSE,159051,医疗器械ETF易方达,8411.78
2026-09-08,SZSE,159052,新能源电池ETF嘉实,19892.60
2026-09-08,SZSE,159053,稀有金属ETF华夏,16469.81
2026-09-08,SZSE,159055,稀有金属ETF富国,12329.39
2026-09-08,SZSE,159056,医疗器械ETF富国,5893.43
2026-09-08,SZSE,159057,医疗器械ETF鹏华,2671.53
2026-09-08,SZSE,159058,证券ETF大成,7833.12
2026-09-08,SZSE,159059,电力ETF大成,5583.00
2026-09-08,SZSE,159060,粮食ETF浦银,2148.34
2026-09-08,SZSE,159061,绿色电力ETF南方,21204.02
2026-09-08,SZSE,159062,稀有金属ETF南方,11970.12
2026-09-08,SZSE,159063,粮食ETF南方,5998.66
2026-09-08,SZSE,159065,工程机械ETF景顺,10735.08
2026-09-08,SZSE,159066,A股ETF建信,20873.30
2026-09-08,SZSE,159067,绿色电力ETF鹏华,1890.87
2026-09-08,SZSE,159068,软件ETF华夏,5933.65
2026-09-08,SZSE,159069,创业板新能源ETF华泰柏瑞,4277.04
2026-09-08,SZSE,159070,工程机械ETF嘉实,10336.68
2026-09-08,SZSE,159071,新能源电池ETF华宝,12191.17
2026-09-08,SZSE,159072,粮食ETF景顺,4928.51
2026-09-08,SZSE,159073,粮食ETF汇添富,7217.38
2026-09-08,SZSE,159075,工业互联网ETF华夏,17519.71
2026-09-08,SZSE,159076,创业板新能源ETF华宝,24637.30
2026-09-08,SZSE,159077,电池ETF鑫元,3224.25
2026-09-08,SZSE,159078,A股ETF富国,16726.24
2026-09-08,SZSE,159079,价值ETF兴全,7480.68
2026-09-08,SZSE,159082,化工ETF华夏,7453.12
2026-09-08,SZSE,159083,红利低波100ETF嘉实,13437.04
2026-09-08,SZSE,159085,价值ETF永赢,2853.54
2026-09-08,SZSE,159086,金融科技ETF广发,2939.98
2026-09-08,SZSE,159087,化工ETF万家,3199.21
2026-09-08,SZSE,159091,港股通金融ETF易方达,2437.41
2026-09-08,SZSE,159093,化工ETF汇添富,2768.14
2026-09-08,SZSE,159095,云计算ETF银华,21746.81
2026-09-08,SZSE,159096,价值ETF华夏,16163.13
2026-09-08,SZSE,159098,价值ETF招商,9289.15
2026-09-08,SZSE,159099,云计算ETF华宝,10361.05
2026-09-08,SZSE,159100,巴西ETF华夏,46654.69
2026-09-08,SZSE,159101,港股通科技ETF华夏,287431.14
2026-09-08,SZSE,159102,港股通生物科技ETF华安,64762.20
2026-09-08,SZSE,159103,金融科技ETF汇添富,30940.67
2026-09-08,SZSE,159105,恒生生物科技ETF易方达,18027.29
2026-09-08,SZSE,159106,民企300ETF前海开源,3957.94
2026-09-08,SZSE,159107,创业板软件ETF富国,77282.30
2026-09-08,SZSE,159108,工业软件ETF博时,11673.85
2026-09-08,SZSE,159109,恒生50ETF景顺,56316.38
2026-09-08,SZSE,159110,科创债ETF万家,2282.70
2026-09-08,SZSE,159111,科创债ETF天弘,14427.66
2026-09-08,SZSE,159112,科创债ETF银华,22703.78
2026-09-08,SZSE,159113,科创债ETF大成,9563.62
2026-09-08,SZSE,159115,科创债ETF华安,5275.34
2026-09-08,SZSE,159116,科创债ETF工银,11680.27
2026-09-08,SZSE,159117,港股通红利低波ETF鹏华,6140.11
2026-09-08,SZSE,159118,港股通红利低波ETF华夏,6967.70
2026-09-08,SZSE,159119,800现金流ETF招商,14505.42
2026-09-08,SZSE,159120,港股通科技ETF国联安,14302.44
2026-09-08,SZSE,159121,港股通汽车ETF易方达,15248.11
2026-09-08,SZSE,159122,创业板新能源ETF富国,6716.09
2026-09-08,SZSE,159123,光伏ETF嘉实,39404.70
2026-09-08,SZSE,159125,港股通科技ETF招商,84024.58
2026-09-08,SZSE,159126,港股通50ETF南方,22761.65
2026-09-08,SZSE,159127,港股通红利ETF南方,15084.42
2026-09-08,SZSE,159128,港股科技ETF天弘,189176.08
2026-09-08,SZSE,159129,化工ETF嘉实,113740.65
2026-09-08,SZSE,159130,恒生生物科技ETF鹏华,19938.94
2026-09-08,SZSE,159131,港股通信息技术ETF华宝,214491.99
2026-09-08,SZSE,159132,恒生生物科技ETF富国,12596.35
2026-09-08,SZSE,159133,化工ETF天弘,155891.33
2026-09-08,SZSE,159135,港股通科技ETF前海开源,61846.63
2026-09-08,SZSE,159136,A50ETF广发,10941.40
2026-09-08,SZSE,159137,港股通医疗ETF华宝,16963.26
2026-09-08,SZSE,159138,工程机械ETF易方达,29276.79
2026-09-08,SZSE,159139,科创创业人工智能ETF华泰柏瑞,16610.92
2026-09-08,SZSE,159140,科创创业人工智能ETF易方达,47993.68
2026-09-08,SZSE,159141,科创创业人工智能ETF永赢,148106.07
2026-09-08,SZSE,159142,科创创业人工智能ETF景顺,115126.01
2026-09-08,SZSE,159143,港股通央企红利ETF平安,5155.44
2026-09-08,SZSE,159145,工业软件ETF广发,6958.18
2026-09-08,SZSE,159146,电力ETF华宝,69094.08
2026-09-08,SZSE,159147,电池ETF南方,223740.95
2026-09-08,SZSE,159148,石油ETF富国,24446.66
2026-09-08,SZSE,159149,创业板新能源ETF工银,5751.52
2026-09-08,SZSE,159150,深证50ETF易方达,9799.76
2026-09-08,SZSE,159151,食品ETF华夏,18165.10
2026-09-08,SZSE,159152,港股通科技ETF平安,81755.60
2026-09-08,SZSE,159153,消费电子ETF鹏华,9722.59
2026-09-08,SZSE,159155,电池ETF大成,72551.32
2026-09-08,SZSE,159156,电池ETF万家,22346.12
2026-09-08,SZSE,159157,有色金属ETF天弘,800575.87
2026-09-08,SZSE,159158,电力ETF景顺,86853.53
2026-09-08,SZSE,159159,公用事业ETF国投瑞银,11731.85
2026-09-08,SZSE,159160,电池ETF东财,25581.92
2026-09-08,SZSE,159161,工程机械ETF东财,6733.12
2026-09-08,SZSE,159162,工业有色ETF鹏华,41993.98
2026-09-08,SZSE,159163,有色ETF泰康,26680.70
2026-09-08,SZSE,159165,养殖ETF永赢,10357.12
2026-09-08,SZSE,159166,现金流ETF长城,55581.60
2026-09-08,SZSE,159167,港股通医疗ETF工银,16554.91
2026-09-08,SZSE,159168,有色ETF富国,52545.50
2026-09-08,SZSE,159169,恒生生物科技ETF广发,13087.44
2026-09-08,SZSE,159170,港股通互联网ETF永赢,38963.83
2026-09-08,SZSE,159171,工业有色ETF博时,21753.29
2026-09-08,SZSE,159172,养殖ETF汇添富,37482.92
2026-09-08,SZSE,159173,农牧ETF南方,4945.53
2026-09-08,SZSE,159175,电池ETF易方达,50227.03
2026-09-08,SZSE,159176,家电ETF华宝,2130.33
2026-09-08,SZSE,159177,工程机械ETF鹏华,4561.92
2026-09-08,SZSE,159178,消费电子ETF汇添富,9943.29
2026-09-08,SZSE,159179,港股通互联网ETF工银,10290.35
2026-09-08,SZSE,159180,软件ETF银华,3215.59
2026-09-08,SZSE,159181,石油ETF易方达,13540.53
2026-09-08,SZSE,159182,家电ETF南方,3648.56
2026-09-08,SZSE,159183,新能源车ETF招商,4938.77
2026-09-08,SZSE,159185,港股通信息技术ETF鹏华,19409.90
2026-09-08,SZSE,159186,港股通汽车ETF鹏华,8886.92
2026-09-08,SZSE,159187,创业板新能源ETF景顺,6817.62
2026-09-08,SZSE,159188,红利100ETF景顺,6660.18
2026-09-08,SZSE,159189,石油ETF华夏,10708.31
2026-09-08,SZSE,159190,创业板新能源ETF天弘,8006.92
2026-09-08,SZSE,159191,港股通科技ETF易方达,6910.48
2026-09-08,SZSE,159192,家电ETF汇添富,1798.70
2026-09-08,SZSE,159193,新能源电池ETF银华,23308.03
2026-09-08,SZSE,159195,石油ETF华安,7349.01
2026-09-08,SZSE,159196,港股通信息技术ETF易方达,22153.03
2026-09-08,SZSE,159197,石油ETF招商,4038.82
2026-09-08,SZSE,159198,港股通信息技术ETF富国,8734.43
2026-09-08,SZSE,159199,石油ETF平安,6315.49
2026-09-08,SZSE,159200,科创债ETF富国,15251.26
2026-09-08,SZSE,159201,自由现金流ETF华夏,1353227.59
2026-09-08,SZSE,159202,恒生互联网ETF万家,123340.19
2026-09-08,SZSE,159203,大盘成长ETF博时,979.19
2026-09-08,SZSE,159205,创业板ETF东财,64705.60
2026-09-08,SZSE,159206,卫星ETF永赢,940195.33
2026-09-08,SZSE,159207,高股息ETF广发,225498.33
2026-09-08,SZSE,159208,航空航天ETF万家,32146.27
2026-09-08,SZSE,159209,红利质量ETF招商,223163.50
2026-09-08,SZSE,159210,港股通汽车ETF汇添富,4334.98
2026-09-08,SZSE,159211,深证100ETF富国,2368.32
2026-09-08,SZSE,159212,深100ETF南方,8720.43
2026-09-08,SZSE,159213,机器人ETF汇添富,47823.75
2026-09-08,SZSE,159215,A500ETF平安,95558.28
2026-09-08,SZSE,159216,深证100ETF大成,1554.82
2026-09-08,SZSE,159217,港股通创新药ETF工银,588615.75
2026-09-08,SZSE,159218,卫星ETF招商,202961.63
2026-09-08,SZSE,159219,深证100ETF融通,1038.80
2026-09-08,SZSE,159220,港股通红利低波ETF华宝,49756.95
2026-09-08,SZSE,159221,现金流ETF嘉实,107701.32
2026-09-08,SZSE,159222,自由现金流ETF易方达,173737.04
2026-09-08,SZSE,159223,现金流ETF永赢,17584.47
2026-09-08,SZSE,159225,现金流ETF银华,26774.48
2026-09-08,SZSE,159226,中证A500增强ETF国泰,8709.48
2026-09-08,SZSE,159227,航空航天ETF华夏,442191.11
2026-09-08,SZSE,159228,红利低波ETF长城,10321.26
2026-09-08,SZSE,159229,自由现金流ETF广发,14005.60
2026-09-08,SZSE,159230,通用航空ETF华夏,30130.42
2026-09-08,SZSE,159231,通用航空ETF华宝,32709.18
2026-09-08,SZSE,159232,自由现金流ETF南方,210894.85
2026-09-08,SZSE,159233,自由现金流ETF平安,62062.34
2026-09-08,SZSE,159235,中证现金流ETF大成,190772.95
2026-09-08,SZSE,159236,自由现金流ETF工银,3772.21
2026-09-08,SZSE,159237,港股汽车ETF工银,4233.42
2026-09-08,SZSE,159238,沪深300增强ETF景顺,5501.61
2026-09-08,SZSE,159239,港股通汽车ETF富国,10178.07
2026-09-08,SZSE,159240,A500增强ETF天弘,1761.97
2026-09-08,SZSE,159241,航空航天ETF天弘,128707.42
2026-09-08,SZSE,159242,创业板人工智能ETF大成,41527.85
2026-09-08,SZSE,159243,创业板人工智能ETF招商,13603.02
2026-09-08,SZSE,159245,港股通消费ETF富国,7011.32
2026-09-08,SZSE,159246,创业板人工智能ETF富国,316765.56
2026-09-08,SZSE,159247,创业板ETF汇添富,53398.49
2026-09-08,SZSE,159248,人工智能ETF万家,13209.56
2026-09-08,SZSE,159249,A500增强ETF工银,10819.19
2026-09-08,SZSE,159251,港股通科技ETF万家,24378.77
2026-09-08,SZSE,159253,银行ETF博时,49370.49
2026-09-08,SZSE,159255,通用航空ETF易方达,6933.88
2026-09-08,SZSE,159256,创业板软件ETF华夏,59818.37
2026-09-08,SZSE,159257,航空ETF汇添富,14741.69
2026-09-08,SZSE,159258,机器人ETF南方,132576.56
2026-09-08,SZSE,159259,成长ETF易方达,547769.64
2026-09-08,SZSE,159260,证券ETF博时,102021.35
2026-09-08,SZSE,159261,创业板新能源ETF鹏华,4981.49
2026-09-08,SZSE,159262,港股通科技ETF广发,546872.04
2026-09-08,SZSE,159263,价值ETF易方达,681010.51
2026-09-08,SZSE,159265,港股消费ETF鹏华,17795.08
2026-09-08,SZSE,159266,港股央企红利ETF永赢,33871.00
2026-09-08,SZSE,159267,航天ETF华安,252350.61
2026-09-08,SZSE,159268,港股通消费ETF汇添富,38905.50
2026-09-08,SZSE,159269,港股通科技ETF南方,151631.17
2026-09-08,SZSE,159270,创业板200ETF南方,9076.36
2026-09-08,SZSE,159271,恒生ETF鹏华,23738.67
2026-09-08,SZSE,159272,机器人ETF富国,374216.46
2026-09-08,SZSE,159273,云计算ETF汇添富,70977.75
2026-09-08,SZSE,159275,农牧渔ETF华宝,26730.29
2026-09-08,SZSE,159276,现金流ETF汇添富,55469.66
2026-09-08,SZSE,159277,港股通红利ETF富国,3455.70
2026-09-08,SZSE,159278,机器人ETF鹏华,199854.58
2026-09-08,SZSE,159279,创业板人工智能ETF华安,14938.75
2026-09-08,SZSE,159280,港股通互联网ETF汇添富,10771.71
2026-09-08,SZSE,159281,港股央企红利ETF天弘,23923.30
2026-09-08,SZSE,159283,通用航空ETF南方,29543.79
2026-09-08,SZSE,159285,港股通消费ETF华安,24848.66
2026-09-08,SZSE,159286,港股通创新药ETF鹏华,71678.54
2026-09-08,SZSE,159287,创业板综ETF博时,10956.87
2026-09-08,SZSE,159288,创业板综ETF银华,9217.49
2026-09-08,SZSE,159289,创业板综指ETF鹏华,3890.26
2026-09-08,SZSE,159290,创业板综指增强ETF东财,4510.03
2026-09-08,SZSE,159291,创业板综增强ETF招商,1745.73
2026-09-08,SZSE,159292,创业板综增强ETF华宝,17818.95
2026-09-08,SZSE,159293,创业板综增强ETF建信,2315.93
2026-09-08,SZSE,159295,创业综指ETF西部利得,8495.82
2026-09-08,SZSE,159296,A500红利低波ETF华宝,4404.29
2026-09-08,SZSE,159297,港股通创新药ETF南方,378241.86
2026-09-08,SZSE,159298,创业板50ETF大成,16228.10
2026-09-08,SZSE,159299,金融科技ETF易方达,66047.29
2026-09-08,SZSE,159300,沪深300ETF富国,35645.80
2026-09-08,SZSE,159301,公用事业ETF华夏,12145.83
2026-09-08,SZSE,159302,港股高股息ETF银华,4829.76
2026-09-08,SZSE,159303,恒生医疗ETF大成,7299.16
2026-09-08,SZSE,159305,储能电池ETF广发,119664.03
2026-09-08,SZSE,159306,汽车零部件ETF平安,2124.46
2026-09-08,SZSE,159307,红利低波100ETF博时,701490.35
2026-09-08,SZSE,159309,油气ETF汇添富,57637.17
2026-09-08,SZSE,159310,芯片ETF天弘,50398.10
2026-09-08,SZSE,159311,数字经济ETF易方达,3738.39
2026-09-08,SZSE,159312,恒指港股通ETF广发,3222.43
2026-09-08,SZSE,159315,黄金股ETF工银,18458.96
2026-09-08,SZSE,159316,港股通创新药ETF易方达,532033.61
2026-09-08,SZSE,159318,恒指港股通ETF银华,1360.16
2026-09-08,SZSE,159320,电网设备ETF广发,169723.55
2026-09-08,SZSE,159321,黄金股ETF华安,39940.03
2026-09-08,SZSE,159322,黄金股ETF平安,11541.16
2026-09-08,SZSE,159323,港股通汽车ETF华夏,9709.73
2026-09-08,SZSE,159325,半导体ETF南方,55246.05
2026-09-08,SZSE,159326,电网设备ETF华夏,1153426.55
2026-09-08,SZSE,159327,半导体设备ETF万家,285757.40
2026-09-08,SZSE,159328,家电ETF易方达,9355.67
2026-09-08,SZSE,159329,沙特ETF南方,115518.91
2026-09-08,SZSE,159330,沪深300ETF东财,42580.10
2026-09-08,SZSE,159331,红利港股ETF国泰,14569.41
2026-09-08,SZSE,159332,央企红利ETF富国,8552.14
2026-09-08,SZSE,159333,港股央企红利ETF万家,20095.28
2026-09-08,SZSE,159335,央企科创ETF融通,6368.36
2026-09-08,SZSE,159336,央企红利ETF融通,30690.50
2026-09-08,SZSE,159337,中证500ETF东财,27971.06
2026-09-09,SZSE,158000,港股通金融ETF鹏华,9292.58
2026-09-09,SZSE,158001,价值ETF嘉实,12039.26
2026-09-09,SZSE,158003,港股通医疗ETF嘉实,9065.43
2026-09-09,SZSE,158005,工程机械ETF博时,12606.13
2026-09-09,SZSE,158006,化工ETF博时,4204.60
2026-09-09,SZSE,158008,新能源电池ETF华夏,24741.31
2026-09-09,SZSE,158009,航空航天ETF南方,3137.38
2026-09-09,SZSE,158010,医疗ETF嘉实,26321.33
2026-09-09,SZSE,158011,创业板软件ETF国泰,6284.26
2026-09-09,SZSE,158012,云计算ETF南方,27632.55
2026-09-09,SZSE,158013,航空航天ETF易方达,8234.52
2026-09-09,SZSE,158017,化工ETF易方达,6959.45
2026-09-09,SZSE,158019,电池ETF永赢,27928.19
2026-09-09,SZSE,158023,红利低波ETF万家,31908.07
2026-09-09,SZSE,158027,工业互联网ETF易方达,20114.30
2026-09-09,SZSE,159001,货币ETF易方达,3215.35
2026-09-09,SZSE,159003,招商快线ETF,200.25
2026-09-09,SZSE,159005,快钱ETF汇添富,115.22
2026-09-09,SZSE,159007,养殖ETF华泰柏瑞,18460.32
2026-09-09,SZSE,159008,证券ETF景顺,11528.45
2026-09-09,SZSE,159009,创业板新能源ETF易方达,15939.27
2026-09-09,SZSE,159010,港股通科技ETF博时,20309.76
2026-09-09,SZSE,159011,养殖ETF华安,2350.51
2026-09-09,SZSE,159012,科创创业50ETF鹏华,13488.11
2026-09-09,SZSE,159013,工业互联网ETF大成,4157.88
2026-09-09,SZSE,159015,恒生港股通科技ETF国联,11035.29
2026-09-09,SZSE,159016,证券ETF广发,33754.01
2026-09-09,SZSE,159017,石油ETF工银,15025.68
2026-09-09,SZSE,159018,石油ETF广发,2690.42
2026-09-09,SZSE,159019,石油ETF华宝,4432.77
2026-09-09,SZSE,159020,养殖ETF易方达,11256.70
2026-09-09,SZSE,159021,大盘价值ETF华夏,6890.77
2026-09-09,SZSE,159022,科创创业人工智能ETF富国,17463.09
2026-09-09,SZSE,159023,养殖ETF万家,3977.79
2026-09-09,SZSE,159026,石油ETF南方,4451.34
2026-09-09,SZSE,159027,畜牧养殖ETF大成,10747.22
2026-09-09,SZSE,159028,港股汽车ETF天弘,13344.90
2026-09-09,SZSE,159029,有色ETF广发,29612.77
2026-09-09,SZSE,159030,粮食ETF华夏,43896.81
2026-09-09,SZSE,159031,粮食ETF博时,51752.86
2026-09-09,SZSE,159032,工业有色ETF易方达,25584.50
2026-09-09,SZSE,159033,粮食ETF国泰,10832.34
2026-09-09,SZSE,159035,软件ETF天弘,61885.97
2026-09-09,SZSE,159036,软件开发ETF华宝,28174.01
2026-09-09,SZSE,159037,价值ETF鹏华,6224.98
2026-09-09,SZSE,159038,粮食ETF易方达,17702.69
2026-09-09,SZSE,159039,机器人ETF华安,109346.14
2026-09-09,SZSE,159040,港股通互联网ETF鹏华,3248.10
2026-09-09,SZSE,159041,农业ETF鹏华,4347.18
2026-09-09,SZSE,159042,价值ETF汇添富,8580.11
2026-09-09,SZSE,159043,食品ETF华安,6477.06
2026-09-09,SZSE,159045,稀有金属ETF大成,17233.02
2026-09-09,SZSE,159046,绿电ETF天弘,59547.68
2026-09-09,SZSE,159048,机器人ETF大成,19380.38
2026-09-09,SZSE,159049,有色ETF工银,3507.33
2026-09-09,SZSE,159050,机器人ETF广发,65270.36
2026-09-09,SZSE,159051,医疗器械ETF易方达,8411.78
2026-09-09,SZSE,159052,新能源电池ETF嘉实,19992.60
2026-09-09,SZSE,159053,稀有金属ETF华夏,16469.81
2026-09-09,SZSE,159055,稀有金属ETF富国,12429.39
2026-09-09,SZSE,159056,医疗器械ETF富国,5893.43
2026-09-09,SZSE,159057,医疗器械ETF鹏华,2671.53
2026-09-09,SZSE,159058,证券ETF大成,7733.12
2026-09-09,SZSE,159059,电力ETF大成,5483.00
2026-09-09,SZSE,159060,粮食ETF浦银,2148.34
2026-09-09,SZSE,159061,绿色电力ETF南方,21044.02
2026-09-09,SZSE,159062,稀有金属ETF南方,11870.12
2026-09-09,SZSE,159063,粮食ETF南方,6148.66
2026-09-09,SZSE,159065,工程机械ETF景顺,10735.08
2026-09-09,SZSE,159066,A股ETF建信,20473.30
2026-09-09,SZSE,159067,绿色电力ETF鹏华,1690.87
2026-09-09,SZSE,159068,软件ETF华夏,5933.65
2026-09-09,SZSE,159069,创业板新能源ETF华泰柏瑞,4277.04
2026-09-09,SZSE,159070,工程机械ETF嘉实,10136.68
2026-09-09,SZSE,159071,新能源电池ETF华宝,12191.17
2026-09-09,SZSE,159072,粮食ETF景顺,5328.51
2026-09-09,SZSE,159073,粮食ETF汇添富,7117.38
2026-09-09,SZSE,159075,工业互联网ETF华夏,17519.71
2026-09-09,SZSE,159076,创业板新能源ETF华宝,24637.30
2026-09-09,SZSE,159077,电池ETF鑫元,3224.25
2026-09-09,SZSE,159078,A股ETF富国,16726.24
2026-09-09,SZSE,159079,价值ETF兴全,7380.68
2026-09-09,SZSE,159082,化工ETF华夏,7353.12
2026-09-09,SZSE,159083,红利低波100ETF嘉实,13237.04
2026-09-09,SZSE,159085,价值ETF永赢,2653.54
2026-09-09,SZSE,159086,金融科技ETF广发,2939.98
2026-09-09,SZSE,159087,化工ETF万家,2999.21
2026-09-09,SZSE,159091,港股通金融ETF易方达,2437.41
2026-09-09,SZSE,159093,化工ETF汇添富,2768.14
2026-09-09,SZSE,159095,云计算ETF银华,21746.81
2026-09-09,SZSE,159096,价值ETF华夏,14963.13
2026-09-09,SZSE,159098,价值ETF招商,8989.15
2026-09-09,SZSE,159099,云计算ETF华宝,10361.05
2026-09-09,SZSE,159100,巴西ETF华夏,46854.69
2026-09-09,SZSE,159101,港股通科技ETF华夏,287431.14
2026-09-09,SZSE,159102,港股通生物科技ETF华安,64662.20
2026-09-09,SZSE,159103,金融科技ETF汇添富,31140.67
2026-09-09,SZSE,159105,恒生生物科技ETF易方达,18027.29
2026-09-09,SZSE,159106,民企300ETF前海开源,3957.94
2026-09-09,SZSE,159107,创业板软件ETF富国,75882.30
2026-09-09,SZSE,159108,工业软件ETF博时,11673.85
2026-09-09,SZSE,159109,恒生50ETF景顺,56216.38
2026-09-09,SZSE,159110,科创债ETF万家,2282.70
2026-09-09,SZSE,159111,科创债ETF天弘,14427.66
2026-09-09,SZSE,159112,科创债ETF银华,22938.78
2026-09-09,SZSE,159113,科创债ETF大成,9602.62
2026-09-09,SZSE,159115,科创债ETF华安,5280.34
2026-09-09,SZSE,159116,科创债ETF工银,11780.27
2026-09-09,SZSE,159117,港股通红利低波ETF鹏华,6140.11
2026-09-09,SZSE,159118,港股通红利低波ETF华夏,6967.70
2026-09-09,SZSE,159119,800现金流ETF招商,14605.42
2026-09-09,SZSE,159120,港股通科技ETF国联安,14302.44
2026-09-09,SZSE,159121,港股通汽车ETF易方达,15248.11
2026-09-09,SZSE,159122,创业板新能源ETF富国,6916.09
2026-09-09,SZSE,159123,光伏ETF嘉实,39404.70
2026-09-09,SZSE,159125,港股通科技ETF招商,84024.58
2026-09-09,SZSE,159126,港股通50ETF南方,22761.65
2026-09-09,SZSE,159127,港股通红利ETF南方,15084.42
2026-09-09,SZSE,159128,港股科技ETF天弘,189176.08
2026-09-09,SZSE,159129,化工ETF嘉实,113740.65
2026-09-09,SZSE,159130,恒生生物科技ETF鹏华,19938.94
2026-09-09,SZSE,159131,港股通信息技术ETF华宝,213691.99
2026-09-09,SZSE,159132,恒生生物科技ETF富国,12396.35
2026-09-09,SZSE,159133,化工ETF天弘,155791.33
2026-09-09,SZSE,159135,港股通科技ETF前海开源,61846.63
2026-09-09,SZSE,159136,A50ETF广发,10941.40
2026-09-09,SZSE,159137,港股通医疗ETF华宝,16963.26
2026-09-09,SZSE,159138,工程机械ETF易方达,29176.79
2026-09-09,SZSE,159139,科创创业人工智能ETF华泰柏瑞,16810.92
2026-09-09,SZSE,159140,科创创业人工智能ETF易方达,47793.68
2026-09-09,SZSE,159141,科创创业人工智能ETF永赢,147106.07
2026-09-09,SZSE,159142,科创创业人工智能ETF景顺,115726.01
2026-09-09,SZSE,159143,港股通央企红利ETF平安,5155.44
2026-09-09,SZSE,159145,工业软件ETF广发,6958.18
2026-09-09,SZSE,159146,电力ETF华宝,69244.08
2026-09-09,SZSE,159147,电池ETF南方,225390.95
2026-09-09,SZSE,159148,石油ETF富国,24446.66
2026-09-09,SZSE,159149,创业板新能源ETF工银,5751.52
2026-09-09,SZSE,159150,深证50ETF易方达,9799.76
2026-09-09,SZSE,159151,食品ETF华夏,18105.10
2026-09-09,SZSE,159152,港股通科技ETF平安,81755.60
2026-09-09,SZSE,159153,消费电子ETF鹏华,9722.59
2026-09-09,SZSE,159155,电池ETF大成,73151.32
2026-09-09,SZSE,159156,电池ETF万家,22646.12
2026-09-09,SZSE,159157,有色金属ETF天弘,802475.87
2026-09-09,SZSE,159158,电力ETF景顺,87953.53
2026-09-09,SZSE,159159,公用事业ETF国投瑞银,11581.85
2026-09-09,SZSE,159160,电池ETF东财,26181.92
2026-09-09,SZSE,159161,工程机械ETF东财,6733.12
2026-09-09,SZSE,159162,工业有色ETF鹏华,41893.98
2026-09-09,SZSE,159163,有色ETF泰康,26680.70
2026-09-09,SZSE,159165,养殖ETF永赢,10257.12
2026-09-09,SZSE,159166,现金流ETF长城,55481.60
2026-09-09,SZSE,159167,港股通医疗ETF工银,16054.91
2026-09-09,SZSE,159168,有色ETF富国,52145.50
2026-09-09,SZSE,159169,恒生生物科技ETF广发,13087.44
2026-09-09,SZSE,159170,港股通互联网ETF永赢,38963.83
2026-09-09,SZSE,159171,工业有色ETF博时,21653.29
2026-09-09,SZSE,159172,养殖ETF汇添富,37482.92
2026-09-09,SZSE,159173,农牧ETF南方,4945.53
2026-09-09,SZSE,159175,电池ETF易方达,50327.03
2026-09-09,SZSE,159176,家电ETF华宝,2130.33
2026-09-09,SZSE,159177,工程机械ETF鹏华,4561.92
2026-09-09,SZSE,159178,消费电子ETF汇添富,9843.29
2026-09-09,SZSE,159179,港股通互联网ETF工银,10290.35
2026-09-09,SZSE,159180,软件ETF银华,3215.59
2026-09-09,SZSE,159181,石油ETF易方达,13140.53
2026-09-09,SZSE,159182,家电ETF南方,3648.56
2026-09-09,SZSE,159183,新能源车ETF招商,4938.77
2026-09-09,SZSE,159185,港股通信息技术ETF鹏华,19409.90
2026-09-09,SZSE,159186,港股通汽车ETF鹏华,8886.92
2026-09-09,SZSE,159187,创业板新能源ETF景顺,6717.62
2026-09-09,SZSE,159188,红利100ETF景顺,6660.18
2026-09-09,SZSE,159189,石油ETF华夏,10708.31
2026-09-09,SZSE,159190,创业板新能源ETF天弘,8006.92
2026-09-09,SZSE,159191,港股通科技ETF易方达,6910.48
2026-09-09,SZSE,159192,家电ETF汇添富,1798.70
2026-09-09,SZSE,159193,新能源电池ETF银华,23708.03
2026-09-09,SZSE,159195,石油ETF华安,7349.01
2026-09-09,SZSE,159196,港股通信息技术ETF易方达,22153.03
2026-09-09,SZSE,159197,石油ETF招商,4038.82
2026-09-09,SZSE,159198,港股通信息技术ETF富国,8734.43
2026-09-09,SZSE,159199,石油ETF平安,6215.49
2026-09-09,SZSE,159200,科创债ETF富国,15330.26
2026-09-09,SZSE,159201,自由现金流ETF华夏,1348427.59
2026-09-09,SZSE,159202,恒生互联网ETF万家,123340.19
2026-09-09,SZSE,159203,大盘成长ETF博时,979.19
2026-09-09,SZSE,159205,创业板ETF东财,64705.60
2026-09-09,SZSE,159206,卫星ETF永赢,940395.33
2026-09-09,SZSE,159207,高股息ETF广发,224898.33
2026-09-09,SZSE,159208,航空航天ETF万家,31746.27
2026-09-09,SZSE,159209,红利质量ETF招商,225463.50
2026-09-09,SZSE,159210,港股通汽车ETF汇添富,4334.98
2026-09-09,SZSE,159211,深证100ETF富国,2168.32
2026-09-09,SZSE,159212,深100ETF南方,8720.43
2026-09-09,SZSE,159213,机器人ETF汇添富,47823.75
2026-09-09,SZSE,159215,A500ETF平安,95558.28
2026-09-09,SZSE,159216,深证100ETF大成,1554.82
2026-09-09,SZSE,159217,港股通创新药ETF工银,582215.75
2026-09-09,SZSE,159218,卫星ETF招商,201361.63
2026-09-09,SZSE,159219,深证100ETF融通,1038.80
2026-09-09,SZSE,159220,港股通红利低波ETF华宝,49556.95
2026-09-09,SZSE,159221,现金流ETF嘉实,107601.32
2026-09-09,SZSE,159222,自由现金流ETF易方达,173037.04
2026-09-09,SZSE,159223,现金流ETF永赢,17584.47
2026-09-09,SZSE,159225,现金流ETF银华,26674.48
2026-09-09,SZSE,159226,中证A500增强ETF国泰,8709.48
2026-09-09,SZSE,159227,航空航天ETF华夏,432591.11
2026-09-09,SZSE,159228,红利低波ETF长城,10321.26
2026-09-09,SZSE,159229,自由现金流ETF广发,13855.60
2026-09-09,SZSE,159230,通用航空ETF华夏,30030.42
2026-09-09,SZSE,159231,通用航空ETF华宝,32509.18
2026-09-09,SZSE,159232,自由现金流ETF南方,210694.85
2026-09-09,SZSE,159233,自由现金流ETF平安,62062.34
2026-09-09,SZSE,159235,中证现金流ETF大成,190972.95
2026-09-09,SZSE,159236,自由现金流ETF工银,3772.21
2026-09-09,SZSE,159237,港股汽车ETF工银,4233.42
2026-09-09,SZSE,159238,沪深300增强ETF景顺,5501.61
2026-09-09,SZSE,159239,港股通汽车ETF富国,10378.07
2026-09-09,SZSE,159240,A500增强ETF天弘,1761.97
2026-09-09,SZSE,159241,航空航天ETF天弘,127807.42
2026-09-09,SZSE,159242,创业板人工智能ETF大成,41427.85
2026-09-09,SZSE,159243,创业板人工智能ETF招商,13903.02
2026-09-09,SZSE,159245,港股通消费ETF富国,7011.32
2026-09-09,SZSE,159246,创业板人工智能ETF富国,317165.56
2026-09-09,SZSE,159247,创业板ETF汇添富,53798.49
2026-09-09,SZSE,159248,人工智能ETF万家,13209.56
2026-09-09,SZSE,159249,A500增强ETF工银,10819.19
2026-09-09,SZSE,159251,港股通科技ETF万家,24378.77
2026-09-09,SZSE,159253,银行ETF博时,49370.49
2026-09-09,SZSE,159255,通用航空ETF易方达,6833.88
2026-09-09,SZSE,159256,创业板软件ETF华夏,58918.37
2026-09-09,SZSE,159257,航空ETF汇添富,14641.69
2026-09-09,SZSE,159258,机器人ETF南方,132426.56
2026-09-09,SZSE,159259,成长ETF易方达,569969.64
2026-09-09,SZSE,159260,证券ETF博时,102071.35
2026-09-09,SZSE,159261,创业板新能源ETF鹏华,4981.49
2026-09-09,SZSE,159262,港股通科技ETF广发,548522.04
2026-09-09,SZSE,159263,价值ETF易方达,699210.51
2026-09-09,SZSE,159265,港股消费ETF鹏华,17795.08
2026-09-09,SZSE,159266,港股央企红利ETF永赢,33671.00
2026-09-09,SZSE,159267,航天ETF华安,249550.61
2026-09-09,SZSE,159268,港股通消费ETF汇添富,38905.50
2026-09-09,SZSE,159269,港股通科技ETF南方,150331.17
2026-09-09,SZSE,159270,创业板200ETF南方,9076.36
2026-09-09,SZSE,159271,恒生ETF鹏华,23638.67
2026-09-09,SZSE,159272,机器人ETF富国,374416.46
2026-09-09,SZSE,159273,云计算ETF汇添富,70777.75
2026-09-09,SZSE,159275,农牧渔ETF华宝,26730.29
2026-09-09,SZSE,159276,现金流ETF汇添富,55469.66
2026-09-09,SZSE,159277,港股通红利ETF富国,3455.70
2026-09-09,SZSE,159278,机器人ETF鹏华,199854.58
2026-09-09,SZSE,159279,创业板人工智能ETF华安,15038.75
2026-09-09,SZSE,159280,港股通互联网ETF汇添富,10771.71
2026-09-09,SZSE,159281,港股央企红利ETF天弘,23923.30
2026-09-09,SZSE,159283,通用航空ETF南方,29443.79
2026-09-09,SZSE,159285,港股通消费ETF华安,24848.66
2026-09-09,SZSE,159286,港股通创新药ETF鹏华,71678.54
2026-09-09,SZSE,159287,创业板综ETF博时,10956.87
2026-09-09,SZSE,159288,创业板综ETF银华,9217.49
2026-09-09,SZSE,159289,创业板综指ETF鹏华,3890.26
2026-09-09,SZSE,159290,创业板综指增强ETF东财,4510.03
2026-09-09,SZSE,159291,创业板综增强ETF招商,1745.73
2026-09-09,SZSE,159292,创业板综增强ETF华宝,17818.95
2026-09-09,SZSE,159293,创业板综增强ETF建信,2315.93
2026-09-09,SZSE,159295,创业综指ETF西部利得,8495.82
2026-09-09,SZSE,159296,A500红利低波ETF华宝,4004.29
2026-09-09,SZSE,159297,港股通创新药ETF南方,378041.86
2026-09-09,SZSE,159298,创业板50ETF大成,16128.10
2026-09-09,SZSE,159299,金融科技ETF易方达,66047.29
2026-09-09,SZSE,159300,沪深300ETF富国,35645.80
2026-09-09,SZSE,159301,公用事业ETF华夏,12195.83
2026-09-09,SZSE,159302,港股高股息ETF银华,4829.76
2026-09-09,SZSE,159303,恒生医疗ETF大成,7299.16
2026-09-09,SZSE,159305,储能电池ETF广发,120364.03
2026-09-09,SZSE,159306,汽车零部件ETF平安,2124.46
2026-09-09,SZSE,159307,红利低波100ETF博时,681590.35
2026-09-09,SZSE,159309,油气ETF汇添富,63637.17
2026-09-09,SZSE,159310,芯片ETF天弘,50498.10
2026-09-09,SZSE,159311,数字经济ETF易方达,3738.39
2026-09-09,SZSE,159312,恒指港股通ETF广发,3222.43
2026-09-09,SZSE,159315,黄金股ETF工银,18158.96
2026-09-09,SZSE,159316,港股通创新药ETF易方达,532033.61
2026-09-09,SZSE,159318,恒指港股通ETF银华,1360.16
2026-09-09,SZSE,159320,电网设备ETF广发,170923.55
2026-09-09,SZSE,159321,黄金股ETF华安,39840.03
2026-09-09,SZSE,159322,黄金股ETF平安,11641.16
2026-09-09,SZSE,159323,港股通汽车ETF华夏,9709.73
2026-09-09,SZSE,159325,半导体ETF南方,55846.05
2026-09-09,SZSE,159326,电网设备ETF华夏,1155526.55
2026-09-09,SZSE,159327,半导体设备ETF万家,285457.40
2026-09-09,SZSE,159328,家电ETF易方达,9355.67
2026-09-09,SZSE,159329,沙特ETF南方,115518.91
2026-09-09,SZSE,159330,沪深300ETF东财,42280.10
2026-09-09,SZSE,159331,红利港股ETF国泰,14569.41
2026-09-09,SZSE,159332,央企红利ETF富国,8502.14
2026-09-09,SZSE,159333,港股央企红利ETF万家,20095.28
2026-09-09,SZSE,159335,央企科创ETF融通,6368.36
2026-09-09,SZSE,159336,央企红利ETF融通,30690.50
2026-09-09,SZSE,159337,中证500ETF东财,27971.06
2026-09-09,SSE,510010,治理ETF,13052.44
2026-09-09,SSE,510020,超大ETF,3584.8
2026-09-09,SSE,510030,价值ETF,14072.98
2026-09-09,SSE,510040,上证180E,2648
2026-09-09,SSE,510050,50ETF,684696.68
2026-09-09,SSE,510060,央企ETF,3495.92
2026-09-09,SSE,510090,ESG建信,2508.11
2026-09-09,SSE,510100,SZ50ETF,96350.68
2026-09-09,SSE,510130,中盘ETF,3108.51
2026-09-09,SSE,510140,上证指,8023.05
2026-09-09,SSE,510150,消费ETF,283717.86
2026-09-09,SSE,510160,产业升级,18205.74
2026-09-09,SSE,510170,商品ETF,32891.48
2026-09-09,SSE,510180,180ETF,441955.77
2026-09-09,SSE,510190,上证50基,2415.08
2026-09-09,SSE,510200,上证券商,14688.55
2026-09-09,SSE,510210,综指ETF,1391619.26
2026-09-09,SSE,510230,金融ETF,67080.8
2026-09-09,SSE,510270,国企ETF,1783.21
2026-09-09,SSE,510290,380ETF,5444.89
2026-09-09,SSE,510300,300ETF,2318538.77
2026-09-09,SSE,510310,HS300ETF,1138474.4
2026-09-09,SSE,510320,300中金,63706.85
2026-09-09,SSE,510330,华夏300,837204.98
2026-09-09,SSE,510350,工银300,67691.47
2026-09-09,SSE,510360,广发300,182038.12
2026-09-09,SSE,510370,兴业300,8725.81
2026-09-09,SSE,510380,国寿300,146180.24
2026-09-09,SSE,510390,平安300,13655
2026-09-09,SSE,510410,资源ETF,44025.84
2026-09-09,SSE,510500,500ETF,538016.86
2026-09-09,SSE,510510,广发500,88103.83
2026-09-09,SSE,510530,工银500,4697.94
2026-09-09,SSE,510550,方正500,2374.33
2026-09-09,SSE,510560,国寿500,5231.87
2026-09-09,SSE,510570,兴业500,4806.06
2026-09-09,SSE,510580,ZZ500ETF,116136.83
2026-09-09,SSE,510590,平安500,11358.61
2026-09-09,SSE,510600,沪50ETF,1331.51
2026-09-09,SSE,510630,消费30,55636.15
2026-09-09,SSE,510650,金融行业,1345.25
2026-09-09,SSE,510660,医药行业,5187.97
2026-09-09,SSE,510670,180指,17549.3
2026-09-09,SSE,510680,万家50,1932.47
2026-09-09,SSE,510710,上50ETF,10311.89
2026-09-09,SSE,510720,红利国泰,162776.6
2026-09-09,SSE,510760,上证ETF,295450.37
2026-09-09,SSE,510770,G60创新,2161.07
2026-09-09,SSE,510800,上证50,17357.6
2026-09-09,SSE,510810,上海国企,597839.37
2026-09-09,SSE,510850,工银上50,4789.89
2026-09-09,SSE,510880,红利ETF,555867.57
2026-09-09,SSE,510900,恒生中国,320302.19
2026-09-09,SSE,510910,上证指CS,14779.6
2026-09-09,SSE,510950,上证广发,10012.08
2026-09-09,SSE,510980,上证综合,60579.8
2026-09-09,SSE,510990,ESG180,4094.86
2026-09-09,SSE,511010,国债ETF,5257.63
2026-09-09,SSE,511020,活跃国债,3853.75
2026-09-09,SSE,511030,公司债,40339.07
2026-09-09,SSE,511060,5年地债,2184.63
2026-09-09,SSE,511070,沪公司债,30579.1
2026-09-09,SSE,511090,30年国债,29839.81
2026-09-09,SSE,511100,基准国债,10875.05
2026-09-09,SSE,511110,公司债易,34579.96
2026-09-09,SSE,511120,科创债基,12225.06
2026-09-09,SSE,511130,国债30年,20109.97
2026-09-09,SSE,511150,科债永赢,11273.09
2026-09-09,SSE,511160,国债东财,2151.09
2026-09-09,SSE,511180,上证转债,96835.97
2026-09-09,SSE,511190,信用债,16011.43
2026-09-09,SSE,511200,信用债基,25876.75
2026-09-09,SSE,511220,城投ETF,531438.14
2026-09-09,SSE,511260,十年国债,17183.65
2026-09-09,SSE,511270,10年地债,9046.75
2026-09-09,SSE,511360,短融ETF,74875.66
2026-09-09,SSE,511380,转债ETF,473108.67
2026-09-09,SSE,511520,政金债,39616.65
2026-09-09,SSE,511580,国债政金,7151.68
2026-09-09,SSE,512000,券商ETF,7286163.54
2026-09-09,SSE,512010,医药ETF,4011569.49
2026-09-09,SSE,512020,A500,111201.27
2026-09-09,SSE,512030,A50增,4324
2026-09-09,SSE,512040,国信价值,460471.59
2026-09-09,SSE,512050,A500E,1614799.22
2026-09-09,SSE,512060,A100指基,1092.8
2026-09-09,SSE,512070,证券保险,1677247.97
2026-09-09,SSE,512080,A500中金,77918.61
2026-09-09,SSE,512090,MSCI易基,32559.23
2026-09-09,SSE,512100,1000ETF,626521.76
2026-09-09,SSE,512120,医药50,77824.19
2026-09-09,SSE,512130,现金全指,1489.5
2026-09-09,SSE,512140,电力事业,13404.9
2026-09-09,SSE,512150,A50ETF,1807.34
2026-09-09,SSE,512160,MSCI基金,12177.78
2026-09-09,SSE,512170,医疗ETF,7171782.05
2026-09-09,SSE,512180,建信MSCI,4804.8
2026-09-09,SSE,512190,之江凤凰,20851.84
2026-09-09,SSE,512200,地产ETF,326509.79
2026-09-09,SSE,512220,TMTETF,21446.76
2026-09-09,SSE,512240,A50龙头,2018.6
2026-09-09,SSE,512250,A50指数E,11960.01
2026-09-09,SSE,512260,500低波,1969.77
2026-09-09,SSE,512290,生物医药,318482.07
2026-09-09,SSE,512330,信息ETF,35518.8
2026-09-09,SSE,512360,MSCI国际,2733.77
2026-09-09,SSE,512370,A500增指,29631.3
2026-09-09,SSE,512380,MSCI中国,7580.56
2026-09-09,SSE,512390,MSCI低波,968.2
2026-09-09,SSE,512400,XD有色,1445303.9
2026-09-09,SSE,512410,银行广发,3837.17
2026-09-09,SSE,512420,机械华安,7123.89
2026-09-09,SSE,512430,家电家居,3272
2026-09-09,SSE,512450,广发养殖,10036.7
2026-09-09,SSE,512460,电池主题,30782.3
2026-09-09,SSE,512480,半导体,2036600.72
2026-09-09,SSE,512500,中证500,178800.88
2026-09-09,SSE,512510,ETF500,43042.98
2026-09-09,SSE,512520,MSCIETF,4505.64
2026-09-09,SSE,512530,300红利,9450.2
2026-09-09,SSE,512550,A50基金,10990.6
2026-09-09,SSE,512560,中证军工,93312.7
2026-09-09,SSE,512570,中证证券,400180.61
2026-09-09,SSE,512580,环保ETF,53607.17
2026-09-09,SSE,512600,必选消费,168045.61
2026-09-09,SSE,512620,农业TH,135666.6
2026-09-09,SSE,512630,卫星基金,162142.6
2026-09-09,SSE,512640,金融地产,2074.09
2026-09-09,SSE,512650,长三角,3094.16
2026-09-09,SSE,512660,军工ETF,666408
2026-09-09,SSE,512670,国防ETF,210965.26
2026-09-09,SSE,512680,军工基金,306493.01
2026-09-09,SSE,512690,酒ETF,3193315.02
2026-09-09,SSE,512700,银行基金,69458.1
2026-09-09,SSE,512710,军工龙头,1117965.84
2026-09-09,SSE,512720,计算机,35345.34
2026-09-09,SSE,512730,银行FUND,5108.39
2026-09-09,SSE,512750,基本面50,4565.49
2026-09-09,SSE,512760,芯片ETF,981744.55
2026-09-09,SSE,512770,战略新兴,9676.78
2026-09-09,SSE,512800,银行ETF,1149207.99
2026-09-09,SSE,512810,国防军工,97558.35
2026-09-09,SSE,512820,银行股基,39220.19
2026-09-09,SSE,512870,杭州湾区,2241.06
2026-09-09,SSE,512880,证券ETF,5625529.15
2026-09-09,SSE,512890,红利低波,2634511.08
2026-09-09,SSE,512900,证券基金,759440.6
2026-09-09,SSE,512910,100ETF,12962.88
2026-09-09,SSE,512930,AIETF,488052.13
2026-09-09,SSE,512940,有色矿业,213970.5
2026-09-09,SSE,512950,央企改革,404355.1
2026-09-09,SSE,512960,央调ETF,385605.73
2026-09-09,SSE,512970,湾区ETF,598.76
2026-09-09,SSE,512980,传媒ETF,523642.44
2026-09-09,SSE,512990,MSCIA股,9901.54
2026-09-09,SSE,513000,225ETF,103191.14
2026-09-09,SSE,513010,港股科技,4423830.7
2026-09-09,SSE,513020,科技HK,231114.54
2026-09-09,SSE,513030,德国ETF,102377.9
2026-09-09,SSE,513040,HK互联网,677834.13
2026-09-09,SSE,513050,中概互联,3457143.27
2026-09-09,SSE,513060,恒生医疗,852789.33
2026-09-09,SSE,513070,HK消费50,133376.08
2026-09-09,SSE,513080,法国ETF,66691.6
2026-09-09,SSE,513090,香港证券,971148.8
2026-09-09,SSE,513100,纳指ETF,947111.06
2026-09-09,SSE,513110,纳指100,220743.5
2026-09-09,SSE,513120,HK创新药,1840763.54
2026-09-09,SSE,513130,恒生科技,5845834.7
2026-09-09,SSE,513140,港股金融,7836.8
2026-09-09,SSE,513150,港科技50,10055.98
2026-09-09,SSE,513160,科技30,318518.93
2026-09-09,SSE,513170,恒生央企,15757.3
2026-09-09,SSE,513180,恒指科技,6957675.95
2026-09-09,SSE,513190,H股金融,99693.6
2026-09-09,SSE,513200,港股医药,87528.21
2026-09-09,SSE,513210,恒生E,3994.2
2026-09-09,SSE,513220,互联网30,52110.94
2026-09-09,SSE,513230,H股消费,32942.27
2026-09-09,SSE,513240,港信息,10449.6
2026-09-09,SSE,513260,恒科技,480324.3
2026-09-09,SSE,513280,恒生生物,35611.45
2026-09-09,SSE,513290,纳指生物,106157.21
2026-09-09,SSE,513300,纳斯达克,535567.1
2026-09-09,SSE,513310,中韩芯片,246342.7
2026-09-09,SSE,513320,HK新经济,9101.06
2026-09-09,SSE,513330,恒生互联,7143748
2026-09-09,SSE,513350,油气ETF,84974.6
2026-09-09,SSE,513360,教育ETF,61921.39
2026-09-09,SSE,513380,科技恒生,1788078.49
2026-09-09,SSE,513390,纳指基金,215037.91
2026-09-09,SSE,513400,道琼斯,286206.2
2026-09-09,SSE,513500,标普500,1027163.86
2026-09-09,SSE,513520,日经ETF,108038.72
2026-09-09,SSE,513530,港股红利,296543.87
2026-09-09,SSE,513550,港股通50,167899.2
2026-09-09,SSE,513560,香港科技,53138.6
2026-09-09,SSE,513580,HS科技,605711.8
2026-09-09,SSE,513590,香港消费,13051.89
2026-09-09,SSE,513600,恒指ETF,60882.95
2026-09-09,SSE,513620,港医疗指,5521.6
2026-09-09,SSE,513630,香港红利,750135.9
2026-09-09,SSE,513650,标普ETF,437573.4
2026-09-09,SSE,513660,恒生通,179400.02
2026-09-09,SSE,513690,恒生股息,314847.99
2026-09-09,SSE,513700,香港医药,77684.6
2026-09-09,SSE,513720,香港互联,24885.9
2026-09-09,SSE,513730,东南亚,77935.5
2026-09-09,SSE,513750,港股非银,797783.8
2026-09-09,SSE,513770,港股互联,1433813.79
2026-09-09,SSE,513780,港股新药,185915.7
2026-09-09,SSE,513800,东证ETF,103624.44
2026-09-09,SSE,513810,港股国企,4199.2
2026-09-09,SSE,513820,港股分红,173966.9
2026-09-09,SSE,513830,红利港股,5281.1
2026-09-09,SSE,513850,美国50,127089.26
2026-09-09,SSE,513860,HKC科技,259347.06
2026-09-09,SSE,513870,纳指指数,138267.1
2026-09-09,SSE,513880,日经225,131997
2026-09-09,SSE,513890,HK科技,89212.8
2026-09-09,SSE,513900,港股100,8997.8
2026-09-09,SSE,513910,红利央企,195327.6
2026-09-09,SSE,513920,央企40,258073.1
2026-09-09,SSE,513930,香港生科,10190.8
2026-09-09,SSE,513950,恒生红利,237261.9
2026-09-09,SSE,513970,恒生消费,140504.1
2026-09-09,SSE,513980,科技港股,1643320.4
2026-09-09,SSE,513990,港股通综,4300
2026-09-09,SSE,515000,科技ETF,321257.93
2026-09-09,SSE,515010,华夏证券,207577.16
2026-09-09,SSE,515020,银行指数,37934.53
2026-09-09,SSE,515030,新汽车,149338.4
2026-09-09,SSE,515040,工业金属,5231.96
2026-09-09,SSE,515050,5GETF,1752920.54
2026-09-09,SSE,515060,华夏地产,99647.81
2026-09-09,SSE,515070,AI智能,752894.04
2026-09-09,SSE,515080,中证红利,672514.89
2026-09-09,SSE,515090,可持续,980.17
2026-09-09,SSE,515100,红利100,354094.15
2026-09-09,SSE,515110,国企方达,21529.5
2026-09-09,SSE,515120,创新药,1815699.36
2026-09-09,SSE,515130,HS300E,9746.32
2026-09-09,SSE,515150,国企富国,39870.32
2026-09-09,SSE,515160,MSCI招商,24395.51
2026-09-09,SSE,515170,食品饮料,857725.79
2026-09-09,SSE,515180,100红利,1265963.7
2026-09-09,SSE,515190,BOCI500,29346.61
2026-09-09,SSE,515200,创新100,3794.32
2026-09-09,SSE,515210,钢铁ETF,95822.61
2026-09-09,SSE,515220,煤炭ETF,820617.69
2026-09-09,SSE,515230,软件ETF,804969.09
2026-09-09,SSE,515250,智能汽车,34194.45
2026-09-09,SSE,515260,电子ETF,89656.84
2026-09-09,SSE,515290,银行,248447.29
2026-09-09,SSE,515300,红利300,276767.52
2026-09-09,SSE,515310,添富300,32161.12
2026-09-09,SSE,515320,电子50,8930.9
2026-09-09,SSE,515330,天弘300,617070.95
2026-09-09,SSE,515350,民生300,1259.92
2026-09-09,SSE,515360,方正300,3727.93
2026-09-09,SSE,515370,中证光伏,97371.3
2026-09-09,SSE,515380,泰康300,66249.98
2026-09-09,SSE,515390,HS300,191468.3
2026-09-09,SSE,515400,大数据,174763.14
2026-09-09,SSE,515450,XD红利50,1428933.5
2026-09-09,SSE,515460,质量红利,27409.1
2026-09-09,SSE,515480,红利一百,2434.07
2026-09-09,SSE,515530,泰康500,1224.27
2026-09-09,SSE,515550,国联500,2034.57
2026-09-09,SSE,515560,证券E,18988.33
2026-09-09,SSE,515580,中证科技,30203.14
2026-09-09,SSE,515590,500ETFEW,3611.37
2026-09-09,SSE,515600,央企创新,103779.74
2026-09-09,SSE,515630,保险证券,93571.77
2026-09-09,SSE,515640,家电指数,1705
2026-09-09,SSE,515650,消费50,309118.4
2026-09-09,SSE,515660,沪深300E,43359.42
2026-09-09,SSE,515680,创新央企,109826.47
2026-09-09,SSE,515700,新能车,65951.02
2026-09-09,SSE,515710,食品ETF,232159.98
2026-09-09,SSE,515720,金科富国,43761.1
2026-09-09,SSE,515730,家居家电,4089.2
2026-09-09,SSE,515750,科技50,26314.05
2026-09-09,SSE,515760,浙江国资,9488.81
2026-09-09,SSE,515770,MSCIAETF,4272.73
2026-09-09,SSE,515790,光伏ETF,598949.4
2026-09-09,SSE,515800,800ETF,379093.72
2026-09-09,SSE,515810,ZZ800ETF,26390.88
2026-09-09,SSE,515840,食品南方,3042.64
2026-09-09,SSE,515850,证券龙头,62879.1
2026-09-09,SSE,515860,科技100,10187.89
2026-09-09,SSE,515880,通信ETF,6248177.4
2026-09-09,SSE,515890,红利博时,37944.39
2026-09-09,SSE,515900,央创ETF,222364.65
2026-09-09,SSE,515910,质量ETF,22450.7
2026-09-09,SSE,515920,智能消费,6290.57
2026-09-09,SSE,515950,医药龙头,53620.06
2026-09-09,SSE,515960,医药100,24099.19
2026-09-09,SSE,515970,华夏机械,52108.8
2026-09-09,SSE,515980,人工智能,624512.9
2026-09-09,SSE,515990,添富国企,5335.02
2026-09-09,SSE,516000,数据ETF,43585.5
2026-09-09,SSE,516010,游戏ETF,230769.3
2026-09-09,SSE,516020,化工ETF,352182.62
2026-09-09,SSE,516050,科技龙头,15922.8
2026-09-09,SSE,516060,新药ETF,30323.74
2026-09-09,SSE,516070,碳中和50,29664.6
2026-09-09,SSE,516080,创新医药,538255.48
2026-09-09,SSE,516090,新能源E,168484.48
2026-09-09,SSE,516100,科技金融,113475.97
2026-09-09,SSE,516110,汽车ETF,23762.31
2026-09-09,SSE,516120,化工50,492908.2
2026-09-09,SSE,516130,消费龙头,156889
2026-09-09,SSE,516150,稀土基金,378407.7
2026-09-09,SSE,516160,新能源,153214.2
2026-09-09,SSE,516180,光伏产业,15098.7
2026-09-09,SSE,516190,文娱ETF,11181.85
2026-09-09,SSE,516200,证券行业,44860.4
2026-09-09,SSE,516210,银行股,7423.1
2026-09-09,SSE,516220,化工龙头,25917
2026-09-09,SSE,516230,光伏招商,75092.1
2026-09-09,SSE,516250,富国机械,6087.8
2026-09-09,SSE,516260,物联网50,4388.26
2026-09-09,SSE,516270,新能源50,32690.9
2026-09-09,SSE,516290,光伏基金,74719.69
2026-09-09,SSE,516300,中证1000,3701.26
2026-09-09,SSE,516310,银行指基,155785.85
2026-09-09,SSE,516320,装备ETF,9058.93
2026-09-09,SSE,516330,物联网,847.13
2026-09-09,SSE,516350,芯片50,141241.53
2026-09-09,SSE,516360,新材料,5855.18
2026-09-09,SSE,516370,全指电力,28340.8
2026-09-09,SSE,516380,智能电车,8744.93
2026-09-09,SSE,516390,电动车,18426.1
2026-09-09,SSE,516440,南方机械,12912.66
2026-09-09,SSE,516460,现金流E,42069.3
2026-09-09,SSE,516500,生物ETF,20893.72
2026-09-09,SSE,516510,云计算,150589
2026-09-09,SSE,516520,智能驾驶,78776.55
2026-09-09,SSE,516530,物流快递,1680.23
2026-09-09,SSE,516550,农业ETF,26741.44
2026-09-09,SSE,516560,养老ETF,20975.8
2026-09-09,SSE,516570,石化ETF,113535.76
2026-09-09,SSE,516580,新能源BS,14812.41
2026-09-09,SSE,516590,电动汽车,5201.5
2026-09-09,SSE,516600,消服ETF,11033.21
2026-09-09,SSE,516610,医服ETF,23197.48
2026-09-09,SSE,516620,影视ETF,25576.75
2026-09-09,SSE,516630,云计算50,45415.6
2026-09-09,SSE,516640,芯片龙头,133848.28
2026-09-09,SSE,516650,有色50,526446.48
2026-09-09,SSE,516660,新能汽车,15668.9
2026-09-09,SSE,516670,畜牧养殖,327126.63
2026-09-09,SSE,516700,数据产业,17612.2
2026-09-09,SSE,516710,新材料50,7427.2
2026-09-09,SSE,516720,ESGETF,933.78
2026-09-09,SSE,516730,证券公司,22638.08
2026-09-09,SSE,516750,建材ETF,13916.73
2026-09-09,SSE,516760,养殖ETF,27821.51
2026-09-09,SSE,516770,游戏动漫,24704.8
2026-09-09,SSE,516780,稀土ETF,238909.97
2026-09-09,SSE,516790,保健ETF,18268.22
2026-09-09,SSE,516800,智能制造,18230.8
2026-09-09,SSE,516810,农业,53547.89
2026-09-09,SSE,516820,医疗创新,461041.52
2026-09-09,SSE,516830,300ESG,8967.69
2026-09-09,SSE,516840,汽车基金,13527.7
2026-09-09,SSE,516850,新能源80,14323.7
2026-09-09,SSE,516860,金融科技,115952.2
2026-09-09,SSE,516880,光伏50,91994.41
2026-09-09,SSE,516890,新材ETF,3431.14
2026-09-09,SSE,516900,食品50,28022.9
2026-09-09,SSE,516910,物流ETF,5814.18
2026-09-09,SSE,516920,芯片基金,49446.3
2026-09-09,SSE,516930,生科ETF,10763.96
2026-09-09,SSE,516950,基建ETF,10782.1
2026-09-09,SSE,516960,机械ETF,1605.11
2026-09-09,SSE,516970,基建50,115204.25
2026-09-09,SSE,516980,证券先锋,5401.6
2026-09-09,SSE,517000,沪港深,12279.3
2026-09-09,SSE,517010,HGS500E,7814.42
2026-09-09,SSE,517030,HGS300,8404.03
2026-09-09,SSE,517050,互联网50,34960.5
2026-09-09,SSE,517080,HGS500,16916.6
2026-09-09,SSE,517090,共赢ETF,5307.5
2026-09-09,SSE,517100,AH500ETF,14360.21
2026-09-09,SSE,517110,创新药HK,131809.85
2026-09-09,SSE,517120,创新药50,55896.64
2026-09-09,SSE,517130,云计算JS,18865.4
2026-09-09,SSE,517160,长江ETF,182677.75
2026-09-09,SSE,517170,沪港深E,1613.18
2026-09-09,SSE,517180,中国国企,8749.63
2026-09-09,SSE,517200,互联网,14478.2
2026-09-09,SSE,517230,云计算MW,15254.58
2026-09-09,SSE,517300,AH300ETF,100243.45
2026-09-09,SSE,517330,长江保护,180916.9
2026-09-09,SSE,517350,龙头科技,4754.2
2026-09-09,SSE,517360,AH科技,2508.3
2026-09-09,SSE,517380,创新药AH,294832.63
2026-09-09,SSE,517390,云计算AH,12911.26
2026-09-09,SSE,517400,黄金股票,96379.2
2026-09-09,SSE,517520,黄金股,631990.4
2026-09-09,SSE,517550,消费主题,8041.74
2026-09-09,SSE,517660,物联网AH,3988.07
2026-09-09,SSE,517770,游戏传媒,18994.78
2026-09-09,SSE,517800,AI50,21353.97
2026-09-09,SSE,517850,张江ETF,3818.52
2026-09-09,SSE,517880,品牌消费,4933.71
2026-09-09,SSE,517900,银行优选,38199.35
2026-09-09,SSE,517950,交银科技,4862.32
2026-09-09,SSE,517990,医药基金,4598.79
2026-09-09,SSE,518600,上海金,84811.63
2026-09-09,SSE,518660,工银黄金,97215.27
2026-09-09,SSE,518680,金ETF,81626.95
2026-09-09,SSE,518800,黄金基金,383557.92
2026-09-09,SSE,518850,黄金9999,192127.87
2026-09-09,SSE,518860,上海金E,46845.98
2026-09-09,SSE,518880,黄金ETF,1175504.08
2026-09-09,SSE,518890,中银黄金,37705.48
2026-09-09,SSE,520500,恒生新药,189730.5
2026-09-09,SSE,520510,港股医疗,37672.8
2026-09-09,SSE,520520,HK消费,5260.6
2026-09-09,SSE,520530,港科ETF,24577.6
2026-09-09,SSE,520550,红利恒生,115302.4
2026-09-09,SSE,520560,香港30,60741.9
2026-09-09,SSE,520570,科技恒指,350887.6
2026-09-09,SSE,520580,新兴亚洲,29098.39
2026-09-09,SSE,520590,恒科,20223.5
2026-09-09,SSE,520600,汽车港股,26586.8
2026-09-09,SSE,520610,港红利指,41396.3
2026-09-09,SSE,520620,港股消费,28440.9
2026-09-09,SSE,520630,互联港股,59411
2026-09-09,SSE,520650,互联网HK,248375.5
2026-09-09,SSE,520660,港红利CS,198048.55
2026-09-09,SSE,520670,港科基金,21392.81
2026-09-09,SSE,520680,港股通车,7036.9
2026-09-09,SSE,520690,恒生港药,63145.4
2026-09-09,SSE,520700,创新药WJ,46107.6
2026-09-09,SSE,520710,信息港股,9702.9
2026-09-09,SSE,520720,香港汽车,12294.2
2026-09-09,SSE,520730,汽车WJ,11739.44
2026-09-09,SSE,520740,互联香港,4501.26
2026-09-09,SSE,520750,HK信息,13338.4
2026-09-09,SSE,520760,港股生物,12646.6
2026-09-09,SSE,520770,港股恒指,21337.38
2026-09-09,SSE,520780,港股车50,3946
2026-09-09,SSE,520790,港互联网,62507.5
2026-09-09,SSE,520810,港高股息,31836
2026-09-09,SSE,520820,恒指通,5868.2
2026-09-09,SSE,520830,沙特ETF,103261.9
2026-09-09,SSE,520840,港科技,113654.9
2026-09-09,SSE,520850,港医疗,14824.96
2026-09-09,SSE,520860,港股通科,34219.5
2026-09-09,SSE,520870,巴西ETF,51397.72
2026-09-09,SSE,520880,港创新药,436361.8
2026-09-09,SSE,520890,港红利,8000.8
2026-09-09,SSE,520900,红利香港,153117.5
2026-09-09,SSE,520910,HK互联,75644.5
2026-09-09,SSE,520920,恒生科TH,1901901.9
2026-09-09,SSE,520930,恒生生科,15873.3
2026-09-09,SSE,520940,恒指基金,2229.7
2026-09-09,SSE,520950,港股50,32542.1
2026-09-09,SSE,520960,恒指港通,5060.34
2026-09-09,SSE,520970,港股通药,125235.8
2026-09-09,SSE,520980,港科技30,314938.7
2026-09-09,SSE,520990,国新红利,340547.05
2026-09-09,SSE,526000,港股信息,17614.2
2026-09-09,SSE,526010,香港医疗,2945.8
2026-09-09,SSE,526030,港信息基,15346.5
2026-09-09,SSE,526050,香港信息,5363
2026-09-09,SSE,526060,港股技术,6087.7
2026-09-09,SSE,526070,恒生博时,5237.7
2026-09-09,SSE,530000,50ETF基,94002.94
2026-09-09,SSE,530050,SH50ETF,12781.3
2026-09-09,SSE,530060,上证综E,87319.3
2026-09-09,SSE,530080,180指基,2491.7
2026-09-09,SSE,530100,上证580,12069.6
2026-09-09,SSE,530180,上证180,5795.2
2026-09-09,SSE,530280,180ETF指,2993.4
2026-09-09,SSE,530300,180指数,3364.3
2026-09-09,SSE,530380,上证380,13470.5
2026-09-09,SSE,530530,580ETF,13446
2026-09-09,SSE,530580,180基金,5314.9
2026-09-09,SSE,530680,180E,10689.19
2026-09-09,SSE,530800,上180ETF,1820.18
2026-09-09,SSE,530880,XD上证红,3833.6
2026-09-09,SSE,551000,科创债,7790.41
2026-09-09,SSE,551030,科创债券,18404
2026-09-09,SSE,551060,科创债沪,5735.1
2026-09-09,SSE,551300,科创债摩,5099.75
2026-09-09,SSE,551500,科创债易,13647
2026-09-09,SSE,551510,科债AAA,14640.61
2026-09-09,SSE,551520,科创债汇,21546.16
2026-09-09,SSE,551550,科创AAA,18911.82
2026-09-09,SSE,551560,科创债兴,17191.88
2026-09-09,SSE,551580,科创债TK,10703.68
2026-09-09,SSE,551800,国泰科债,11608.14
2026-09-09,SSE,551900,科创债指,13942.17
2026-09-09,SSE,560010,1000基金,186262.17
2026-09-09,SSE,560020,红利添富,13056.2
2026-09-09,SSE,560030,800价值,2343.2
2026-09-09,SSE,560050,MSCIA50,217743.44
2026-09-09,SSE,560060,碳中和基,7609
2026-09-09,SSE,560070,央企分红,8186.23
2026-09-09,SSE,560080,中药ETF,227526.5
2026-09-09,SSE,560090,证券指数,230336.5
2026-09-09,SSE,560100,增强ETF,6108.03
2026-09-09,SSE,560110,ZZ1000,32290.35
2026-09-09,SSE,560120,500现金,57368.9
2026-09-09,SSE,560130,食品基金,6877.62
2026-09-09,SSE,560150,红利TK,67027.93
2026-09-09,SSE,560160,食品E,10970.6
2026-09-09,SSE,560170,央企科技,38649.55
2026-09-09,SSE,560180,ESG300,1560.3
2026-09-09,SSE,560190,公用事业,2683.4
2026-09-09,SSE,560210,景顺农牧,49952.2
2026-09-09,SSE,560220,2000基金,6071.7
2026-09-09,SSE,560230,光伏富国,8788.9
2026-09-09,SSE,560250,红利质量,12733.3
2026-09-09,SSE,560260,医疗50,171766.47
2026-09-09,SSE,560270,电力指数,16093.9
2026-09-09,SSE,560280,工程机械,144775.2
2026-09-09,SSE,560290,景顺有色,37169.4
2026-09-09,SSE,560300,电信50,2780.34
2026-09-09,SSE,560310,光伏博时,18812.2
2026-09-09,SSE,560320,食品富国,10333.2
2026-09-09,SSE,560330,300价值E,1713
2026-09-09,SSE,560350,A50指数,83753.21
2026-09-09,SSE,560360,软件指数,22434.5
2026-09-09,SSE,560370,全指红利,21608.4
2026-09-09,SSE,560380,A100,14086.1
2026-09-09,SSE,560390,电网E,201525.8
2026-09-09,SSE,560400,证券华泰,17049.3
2026-09-09,SSE,560410,电池鹏华,5978.61
2026-09-09,SSE,560420,食品Q,12578.02
2026-09-09,SSE,560450,电力TH,24206.9
2026-09-09,SSE,560460,电力平安,27653.7
2026-09-09,SSE,560470,有色E,29734
2026-09-09,SSE,560480,中证电力,13380.3
2026-09-09,SSE,560490,华泰有色,10348.2
2026-09-09,SSE,560500,500质量,29433.9
2026-09-09,SSE,560510,中证A500,252802.69
2026-09-09,SSE,560520,红利大成,5175.1
2026-09-09,SSE,560530,A500ETF,399162.37
2026-09-09,SSE,560550,碳中和,12359.74
2026-09-09,SSE,560560,碳中和TK,7119.01
2026-09-09,SSE,560570,A500低波,115654.12
2026-09-09,SSE,560580,电力指基,42500.3
2026-09-09,SSE,560590,1000鹏华,1971
2026-09-09,SSE,560610,A500指数,523698.84
2026-09-09,SSE,560620,公用WJ,2586.7
2026-09-09,SSE,560630,机器人WJ,15039.4
2026-09-09,SSE,560660,云50ETF,12593.8
2026-09-09,SSE,560670,中证银行,3997.4
2026-09-09,SSE,560680,龙头消费,33222.56
2026-09-09,SSE,560690,电信主题,2038.9
2026-09-09,SSE,560700,央红利50,45153.69
2026-09-09,SSE,560710,船舶ETF,164558
2026-09-09,SSE,560720,工银红利,9554.8
2026-09-09,SSE,560730,红利GTHT,7383.63
2026-09-09,SSE,560750,A500申万,7555.48
2026-09-09,SSE,560770,机器人ZS,164563.3
2026-09-09,SSE,560780,半导设备,1265848.8
2026-09-09,SSE,560790,软件服务,22045.59
2026-09-09,SSE,560800,数字ETF,29795.11
2026-09-09,SSE,560810,央企ESG,18011.6
2026-09-09,SSE,560820,A50新华,4092.6
2026-09-09,SSE,560830,电指数,68151.9
2026-09-09,SSE,560850,信创50,6916.4
2026-09-09,SSE,560860,工业有色,540123.3
2026-09-09,SSE,560870,中银有色,9135.19
2026-09-09,SSE,560880,家电基金,19373.2
2026-09-09,SSE,560900,创新药企,21896.91
2026-09-09,SSE,560910,中证电池,20272.1
2026-09-09,SSE,560920,招商机械,4437.33
2026-09-09,SSE,560930,电力E,20152.4
2026-09-09,SSE,560950,500增,1548.3
2026-09-09,SSE,560970,有色金属,6913.8
2026-09-09,SSE,560980,光伏龙头,34352.2
2026-09-09,SSE,560990,科技先锋,1618.71
2026-09-09,SSE,561000,300指增,4992
2026-09-09,SSE,561010,软件开发,29335.6
2026-09-09,SSE,561020,食品招商,2502.22
2026-09-09,SSE,561030,机械华泰,18355
2026-09-09,SSE,561050,稀金属E,23325
2026-09-09,SSE,561060,红利国企,4706.5
2026-09-09,SSE,561080,现金自由,2425
2026-09-09,SSE,561090,A500增,20997.4
2026-09-09,SSE,561100,电子龙头,61874.69
2026-09-09,SSE,561120,家电ETF,2815.99
2026-09-09,SSE,561130,国货ETF,8593.52
2026-09-09,SSE,561160,锂电池,231233.5
2026-09-09,SSE,561170,绿电50,51853.27
2026-09-09,SSE,561180,A100ETF,4960.96
2026-09-09,SSE,561190,双碳ETF,19431.8
2026-09-09,SSE,561200,A100基金,3347.05
2026-09-09,SSE,561220,国企数字,4755.3
2026-09-09,SSE,561230,A50,45247.78
2026-09-09,SSE,561250,稀金属PH,6575.22
2026-09-09,SSE,561260,能源ETF,2349.52
2026-09-09,SSE,561280,增强1000,8484.77
2026-09-09,SSE,561300,300增ETF,55396.5
2026-09-09,SSE,561310,消电ETF,10783.31
2026-09-09,SSE,561320,交运ETF,3436.9
2026-09-09,SSE,561330,矿业ETF,181539.21
2026-09-09,SSE,561350,国泰500,11270
2026-09-09,SSE,561360,石油ETF,136214.8
2026-09-09,SSE,561370,2000ETF,3235.6
2026-09-09,SSE,561380,电网ETF,622353.4
2026-09-09,SSE,561390,稀金属PA,8912.81
2026-09-09,SSE,561400,鑫元养殖,2751.9
2026-09-09,SSE,561410,光伏工银,20261.33
2026-09-09,SSE,561420,300现金,100823.7
2026-09-09,SSE,561430,全指质量,3272.32
2026-09-09,SSE,561450,华泰红利,7912.43
2026-09-09,SSE,561460,AITH,187852
2026-09-09,SSE,561470,畜牧TH,5493.6
2026-09-09,SSE,561490,红利财通,8263.13
2026-09-09,SSE,561500,漂亮50,5460.03
2026-09-09,SSE,561510,中医药,6520.6
2026-09-09,SSE,561530,银华银行,7053.4
2026-09-09,SSE,561550,500指增,134548.96
2026-09-09,SSE,561560,电力ETF,192262.42
2026-09-09,SSE,561570,油气基金,7314.7
2026-09-09,SSE,561580,央企红利,189737.07
2026-09-09,SSE,561590,1000增强,10149.96
2026-09-09,SSE,561600,消费电子,29654.8
2026-09-09,SSE,561620,华泰化工,3422.7
2026-09-09,SSE,561630,华泰质量,4089.8
2026-09-09,SSE,561660,通航基金,6971
2026-09-09,SSE,561680,A500红低,5516.9
2026-09-09,SSE,561690,质量300,33988.06
2026-09-09,SSE,561700,电力基金,34781.36
2026-09-09,SSE,561730,中证A股,7074.81
2026-09-09,SSE,561750,A50博时,6149.6
2026-09-09,SSE,561760,油气博时,15619.5
2026-09-09,SSE,561770,指基A100,3555
2026-09-09,SSE,561780,1000指增,1935.58
2026-09-09,SSE,561790,现代能源,5543.4
2026-09-09,SSE,561800,稀金属,20807.72
2026-09-09,SSE,561810,华泰医疗,5463.84
2026-09-09,SSE,561830,有色GTHT,18457.11
2026-09-09,SSE,561870,现金流指,8976.5
2026-09-09,SSE,561880,A100指数,8438.9
2026-09-09,SSE,561890,A股E,3611.26
2026-09-09,SSE,561900,沪深ESG,2633.44
2026-09-09,SSE,561910,电池ETF,481907.66
2026-09-09,SSE,561920,疫苗龙头,6269.2
2026-09-09,SSE,561930,招商300,18726.06
2026-09-09,SSE,561950,500增强A,7215.6
2026-09-09,SSE,561960,央企回报,5698.52
2026-09-09,SSE,561980,芯片设备,870555
2026-09-09,SSE,561990,300增强,33464.92
2026-09-09,SSE,562000,中证A100,59673.79
2026-09-09,SSE,562010,绿色能源,1829.87
2026-09-09,SSE,562030,信创基金,15197.39
2026-09-09,SSE,562050,药ETF,11146.8
2026-09-09,SSE,562060,标普红利,539279.26
2026-09-09,SSE,562070,300ETF增,55554.2
2026-09-09,SSE,562080,自由现金,57875.72
2026-09-09,SSE,562180,红低A500,9915
2026-09-09,SSE,562300,低碳ETF,5549.5
2026-09-09,SSE,562310,300成长,41657.23
2026-09-09,SSE,562320,300价值A,5529.55
2026-09-09,SSE,562330,500价值,1201.89
2026-09-09,SSE,562340,500成长,814.43
2026-09-09,SSE,562350,电力,12841.09
2026-09-09,SSE,562360,机器人YH,29247.4
2026-09-09,SSE,562380,科技引领,7412.89
2026-09-09,SSE,562390,中药,8042.9
2026-09-09,SSE,562500,机器人,1843768.73
2026-09-09,SSE,562510,旅游ETF,110809.5
2026-09-09,SSE,562520,1000成长,2656.8
2026-09-09,SSE,562530,1000价值,15114.4
2026-09-09,SSE,562550,绿电ETF,147491.93
2026-09-09,SSE,562560,信息技术,2276.55
2026-09-09,SSE,562570,信创ETF,30128.1
2026-09-09,SSE,562580,可选消费,4072.33
2026-09-09,SSE,562590,半导材料,904998.9
2026-09-09,SSE,562600,医疗器械,45693.74
2026-09-09,SSE,562660,ZZ2000,36287.4
2026-09-09,SSE,562700,汽车零件,9975
2026-09-09,SSE,562800,稀有金属,576359.5
2026-09-09,SSE,562810,上证增强,5045.1
2026-09-09,SSE,562820,集成电路,46140.8
2026-09-09,SSE,562850,央企能源,17698.15
2026-09-09,SSE,562860,疫苗ETF,33689.5
2026-09-09,SSE,562870,证券全指,58900.52
2026-09-09,SSE,562880,电池基金,89989.96
2026-09-09,SSE,562890,A50中证,27505.1
2026-09-09,SSE,562900,现代农业,23470.63
2026-09-09,SSE,562910,高端制造,29722.73
2026-09-09,SSE,562920,信息安全,8806.9
2026-09-09,SSE,562930,软件30,173443.7
2026-09-09,SSE,562950,消电50,107225.83
2026-09-09,SSE,562960,绿色电力,119239.1
2026-09-09,SSE,562970,光伏E,36844.8
2026-09-09,SSE,562990,碳中和E,37875.6
2026-09-09,SSE,563000,中国A50,152595.11
2026-09-09,SSE,563010,电信ETF,8818.93
2026-09-09,SSE,563020,低波红利,1020591
2026-09-09,SSE,563030,增强500,12716.9
2026-09-09,SSE,563050,科技央企,14520.84
2026-09-09,SSE,563060,央企50,18052.7
2026-09-09,SSE,563080,中证A50E,111458.84
2026-09-09,SSE,563090,上50增强,5484.8
2026-09-09,SSE,563150,油气资源,3439.9
2026-09-09,SSE,563180,高股息,9742
2026-09-09,SSE,563200,2000指数,5145.88
2026-09-09,SSE,563210,专精特新,11006.7
2026-09-09,SSE,563220,A500富国,637401.37
2026-09-09,SSE,563230,卫星ETF,331323.7
2026-09-09,SSE,563280,A50增强,520.66
2026-09-09,SSE,563300,中证2000,456117.4
2026-09-09,SSE,563320,通用航空,22289.2
2026-09-09,SSE,563330,A股ETF,3466.06
2026-09-09,SSE,563350,中证A50,17199.76
2026-09-09,SSE,563360,A500基金,3071898.74
2026-09-09,SSE,563380,航空航天,81895
2026-09-09,SSE,563390,现金基金,214334.4
2026-09-09,SSE,563500,A500华宝,76595.87
2026-09-09,SSE,563510,A500红利,28253.7
2026-09-09,SSE,563520,300永赢,44506.5
2026-09-09,SSE,563530,卫星E,155074.8
2026-09-09,SSE,563550,增强A500,8255.9
2026-09-09,SSE,563560,科技成长,5576.9
2026-09-09,SSE,563570,金融科,10437.4
2026-09-09,SSE,563580,现金800,24064.8
2026-09-09,SSE,563590,红利A500,6094.44
2026-09-09,SSE,563600,A500增强,6648.3
2026-09-09,SSE,563620,现金流全,5004.9
2026-09-09,SSE,563630,A500指增,3994.71
2026-09-09,SSE,563650,A500中证,14090.9
2026-09-09,SSE,563660,A500银河,6608.52
2026-09-09,SSE,563670,金科基金,18198.7
2026-09-09,SSE,563680,现金流TF,10395.9
2026-09-09,SSE,563690,红利永赢,4788.2
2026-09-09,SSE,563700,红利价值,35315
2026-09-09,SSE,563750,500添富,35223.7
2026-09-09,SSE,563760,中银现金,70391.32
2026-09-09,SSE,563770,全指现金,2730.7
2026-09-09,SSE,563780,现金指数,23702.71
2026-09-09,SSE,563790,卫星产业,118344.7
2026-09-09,SSE,563800,A500龙头,902597.81
2026-09-09,SSE,563830,现金流基,13489.6
2026-09-09,SSE,563850,食品广发,10888.17
2026-09-09,SSE,563860,A500海富,18584.43
2026-09-09,SSE,563870,航空通用,10330.39
2026-09-09,SSE,563880,A500添富,150799.64
2026-09-09,SSE,563890,红利国有,2033.6
2026-09-09,SSE,563900,现金流,45896.57
2026-09-09,SSE,563930,上指增强,2859.2
2026-09-09,SSE,563960,300质量,35251.2
2026-09-09,SSE,563980,800红利,21396.7
2026-09-09,SSE,563990,800现金,29557.3
2026-09-09,SSE,588000,科创50,5424566.82
2026-09-09,SSE,588010,科创材料,96292.58
2026-09-09,SSE,588020,科创50E,214137.3
2026-09-09,SSE,588030,科创指基,229783.81
2026-09-09,SSE,588040,科创板指,14388.9
2026-09-09,SSE,588050,科创ETF,667524.13
2026-09-09,SSE,588060,上证科创,772314
2026-09-09,SSE,588070,科创万家,3843.7
2026-09-09,SSE,588080,科创板50,2581662.81
2026-09-09,SSE,588090,科创板,306007.28
2026-09-09,SSE,588100,科创信息,23674.62
2026-09-09,SSE,588110,科创成长,100303.2
2026-09-09,SSE,588120,科100ETF,90762.2
2026-09-09,SSE,588130,科创药,47358.26
2026-09-09,SSE,588140,科200GF,21775.1
2026-09-09,SSE,588150,科创龙头,41193.26
2026-09-09,SSE,588160,科创新材,88749.6
2026-09-09,SSE,588170,科创半导,4369544.7
2026-09-09,SSE,588180,科创50基,76285.37
2026-09-09,SSE,588190,科创100,135761.83
2026-09-09,SSE,588200,科创芯片,4331968.43
2026-09-09,SSE,588210,科创100E,24575.4
2026-09-09,SSE,588220,科创100F,371519.79
2026-09-09,SSE,588230,科创200,70493.9
2026-09-09,SSE,588240,科200,11963.3
2026-09-09,SSE,588250,KC医药,27567.5
2026-09-09,SSE,588260,科创技术,4674.6
2026-09-09,SSE,588270,科创200F,29841
2026-09-09,SSE,588280,科创五零,40412.1
2026-09-09,SSE,588290,芯片科创,496919.1
2026-09-09,SSE,588300,双创ETF,152821.05
2026-09-09,SSE,588310,双创基金,3063.75
2026-09-09,SSE,588320,双创增强,8682.46
2026-09-09,SSE,588330,双创龙头,119373.78
2026-09-09,SSE,588350,双创,65454.6
2026-09-09,SSE,588360,创创ETF,22188.18
2026-09-09,SSE,588370,科创策略,7577.2
2026-09-09,SSE,588380,创50ETF,273277
2026-09-09,SSE,588390,科创创业,16493.59
2026-09-09,SSE,588400,双创50,136560.06
2026-09-09,SSE,588410,双创AI,11925
2026-09-09,SSE,588420,AI双创,33364.8
2026-09-09,SSE,588430,科创创AI,10245.8
2026-09-09,SSE,588450,科创50增,6356.87
2026-09-09,SSE,588460,科创增强,66451.4
2026-09-09,SSE,588470,双创智能,27790.7
2026-09-09,SSE,588480,AI50双创,23771.7
2026-09-09,SSE,588500,科创100Z,4464.7
2026-09-09,SSE,588510,智能双创,31517.5
2026-09-09,SSE,588520,科创增,1295.7
2026-09-09,SSE,588530,AIBOCI,22243.33
2026-09-09,SSE,588550,科创增指,6329
2026-09-09,SSE,588660,双创五零,3834.4
2026-09-09,SSE,588670,科综增强,3979.2
2026-09-09,SSE,588680,科100增,3536.1
2026-09-09,SSE,588690,科综指增,4763.6
2026-09-09,SSE,588700,科创生物,47533.62
2026-09-09,SSE,588710,科半导体,1130488.5
2026-09-09,SSE,588720,中银科创,10974.18
2026-09-09,SSE,588730,科创AI,74239.63
2026-09-09,SSE,588750,科创芯50,326222.8
2026-09-09,SSE,588760,AI科创,253353.2
2026-09-09,SSE,588770,信息科创,31159.71
2026-09-09,SSE,588780,芯片设计,104390.2
2026-09-09,SSE,588790,科创智能,345738.4
2026-09-09,SSE,588800,科创100C,167737.7
2026-09-09,SSE,588810,UC科创芯,180064.8
2026-09-09,SSE,588820,科创200E,15140
2026-09-09,SSE,588830,科创新能,60384.79
2026-09-09,SSE,588840,50科创,6123.6
2026-09-09,SSE,588850,科创机械,8277.9
2026-09-09,SSE,588860,科创医药,36088.94
2026-09-09,SSE,588870,科创50指,90555.2
2026-09-09,SSE,588880,科创指数,11436.8
2026-09-09,SSE,588890,科创芯,279243
2026-09-09,SSE,588900,科创100S,35578.3
2026-09-09,SSE,588910,科创价值,10004.91
2026-09-09,SSE,588920,KC芯片,33687.6
2026-09-09,SSE,588930,科创板AI,62732.9
2026-09-09,SSE,588940,科创富国,312884
2026-09-09,SSE,588950,景顺科创,73472.97
2026-09-09,SSE,588960,新能科创,14557.98
2026-09-09,SSE,588980,科创广发,1442
2026-09-09,SSE,588990,科芯片,20174.54
2026-09-09,SSE,589000,科创综指,105950.78
2026-09-09,SSE,589010,科创AI指,93579.3
2026-09-09,SSE,589020,KC半导体,443643.8
2026-09-09,SSE,589030,科芯设计,94007.7
2026-09-09,SSE,589050,科创E,5096.8
2026-09-09,SSE,589060,科综东财,8213.79
2026-09-09,SSE,589070,科芯TH,205929.3
2026-09-09,SSE,589080,科创综E,14806.1
2026-09-09,SSE,589090,KCAI,18943.1
2026-09-09,SSE,589100,国泰芯片,91744.25
2026-09-09,SSE,589110,科AI国泰,54341.3
2026-09-09,SSE,589120,创新药基,145862
2026-09-09,SSE,589130,科创芯易,334778
2026-09-09,SSE,589150,科创平安,85143.72
2026-09-09,SSE,589160,科芯片GF,29029.6
2026-09-09,SSE,589170,芯设计KC,14790.9
2026-09-09,SSE,589180,科创材基,13581.8
2026-09-09,SSE,589190,科创芯基,375756.2
2026-09-09,SSE,589200,科200E,2250.7
2026-09-09,SSE,589210,芯设计GF,137293.8
2026-09-09,SSE,589220,科200GT,32549.58
2026-09-09,SSE,589230,AI科创CS,25605.3
2026-09-09,SSE,589250,芯设计PY,7510.13
2026-09-09,SSE,589260,科创芯设,9115.6
2026-09-09,SSE,589270,科创100Q,2151.66
2026-09-09,SSE,589280,科综增指,15406.9
2026-09-09,SSE,589290,芯片主题,14384.89
2026-09-09,SSE,589300,科综嘉实,4158.25
2026-09-09,SSE,589310,科创人工,31349.18
2026-09-09,SSE,589320,科200JS,11405.3
2026-09-09,SSE,589330,科200DC,17090.2
2026-09-09,SSE,589350,科芯片指,24628.15
2026-09-09,SSE,589360,科创50GT,271117.4
2026-09-09,SSE,589380,AI科创指,10169.43
2026-09-09,SSE,589390,芯设计,137981.05
2026-09-09,SSE,589400,芯设计FG,30778.52
2026-09-09,SSE,589410,科创AIJS,58256.56
2026-09-09,SSE,589420,芯设计MW,36648.15
2026-09-09,SSE,589430,科芯片设,23484.99
2026-09-09,SSE,589460,科200HB,21763.09
2026-09-09,SSE,589500,科综工银,8006.4
2026-09-09,SSE,589520,AI科创板,89110.46
2026-09-09,SSE,589550,KC价值,2529.55
2026-09-09,SSE,589560,科创AITF,25635.5
2026-09-09,SSE,589580,科综价格,1435.48
2026-09-09,SSE,589600,富国科综,22153.5
2026-09-09,SSE,589630,科综国泰,34325.8
2026-09-09,SSE,589660,综指科创,26553
2026-09-09,SSE,589680,科创综Z,141994.37
2026-09-09,SSE,589700,成长科创,2829.1
2026-09-09,SSE,589720,科创新药,546582.3
2026-09-09,SSE,589770,科创全指,15356.92
2026-09-09,SSE,589780,科200FG,6921.5
2026-09-09,SSE,589800,科创综合,109198.82
2026-09-09,SSE,589820,科200F,12972.02
2026-09-09,SSE,589850,科创东财,84105.7
2026-09-09,SSE,589860,天弘科综,16222.4
2026-09-09,SSE,589880,科创综,44999.6
2026-09-09,SSE,589890,景顺科综,8498.7
2026-09-09,SSE,589900,博时科综,16890.82
2026-09-09,SSE,589950,科100FG,36387.3
2026-09-09,SSE,589960,科创新源,16931.6
2026-09-09,SSE,589980,科基100,12912.2
2026-09-09,SSE,589990,科创板综,11009
2026-09-10,SSE,510010,治理ETF,13052.44
2026-09-10,SSE,510020,超大ETF,3584.8
2026-09-10,SSE,510030,价值ETF,14022.98
2026-09-10,SSE,510040,上证180E,2648
2026-09-10,SSE,510050,50ETF,671826.68
2026-09-10,SSE,510060,央企ETF,3495.92
2026-09-10,SSE,510090,ESG建信,2508.11
2026-09-10,SSE,510100,SZ50ETF,95810.68
2026-09-10,SSE,510130,中盘ETF,3108.51
2026-09-10,SSE,510140,上证指,8023.05
2026-09-10,SSE,510150,消费ETF,283917.86
2026-09-10,SSE,510160,产业升级,18205.74
2026-09-10,SSE,510170,商品ETF,33091.48
2026-09-10,SSE,510180,180ETF,442005.77
2026-09-10,SSE,510190,上证50基,2365.08
2026-09-10,SSE,510200,上证券商,14738.55
2026-09-10,SSE,510210,综指ETF,1400319.26
2026-09-10,SSE,510230,金融ETF,65080.8
2026-09-10,SSE,510270,国企ETF,1783.21
2026-09-10,SSE,510290,380ETF,5444.89
2026-09-10,SSE,510300,300ETF,2319078.77
2026-09-10,SSE,510310,HS300ETF,1137754.4
2026-09-10,SSE,510320,300中金,63706.85
2026-09-10,SSE,510330,华夏300,836214.98
2026-09-10,SSE,510350,工银300,67691.47
2026-09-10,SSE,510360,广发300,182038.12
2026-09-10,SSE,510370,兴业300,8725.81
2026-09-10,SSE,510380,国寿300,146180.24
2026-09-10,SSE,510390,平安300,13655
2026-09-10,SSE,510410,资源ETF,44225.84
2026-09-10,SSE,510500,500ETF,544296.86
2026-09-10,SSE,510510,广发500,87503.83
2026-09-10,SSE,510530,工银500,4697.94
2026-09-10,SSE,510550,方正500,2374.33
2026-09-10,SSE,510560,国寿500,5231.87
2026-09-10,SSE,510570,兴业500,5056.06
2026-09-10,SSE,510580,ZZ500ETF,116616.83
2026-09-10,SSE,510590,平安500,11398.61
2026-09-10,SSE,510600,沪50ETF,1361.51
2026-09-10,SSE,510630,消费30,55236.15
2026-09-10,SSE,510650,金融行业,1345.25
2026-09-10,SSE,510660,医药行业,5137.97
2026-09-10,SSE,510670,180指,17549.3
2026-09-10,SSE,510680,万家50,2022.47
2026-09-10,SSE,510710,上50ETF,10341.89
2026-09-10,SSE,510720,红利国泰,162576.6
2026-09-10,SSE,510760,上证ETF,299650.37
2026-09-10,SSE,510770,G60创新,2161.07
2026-09-10,SSE,510800,上证50,17357.6
2026-09-10,SSE,510810,上海国企,598099.37
2026-09-10,SSE,510850,工银上50,4969.89
2026-09-10,SSE,510880,红利ETF,555617.57
2026-09-10,SSE,510900,恒生中国,319902.19
2026-09-10,SSE,510910,上证指CS,14479.6
2026-09-10,SSE,510950,上证广发,10462.08
2026-09-10,SSE,510980,上证综合,60879.8
2026-09-10,SSE,510990,ESG180,4094.86
2026-09-10,SSE,511010,国债ETF,5410.63
2026-09-10,SSE,511020,活跃国债,3836.75
2026-09-10,SSE,511030,公司债,40339.07
2026-09-10,SSE,511060,5年地债,2134.63
2026-09-10,SSE,511070,沪公司债,30639.1
2026-09-10,SSE,511090,30年国债,29688.81
2026-09-10,SSE,511100,基准国债,11017.05
2026-09-10,SSE,511110,公司债易,34809.96
2026-09-10,SSE,511120,科创债基,12333.06
2026-09-10,SSE,511130,国债30年,20029.97
2026-09-10,SSE,511150,科债永赢,11273.09
2026-09-10,SSE,511160,国债东财,2151.09
2026-09-10,SSE,511180,上证转债,97765.97
2026-09-10,SSE,511190,信用债,16152.43
2026-09-10,SSE,511200,信用债基,26260.75
2026-09-10,SSE,511220,城投ETF,531438.14
2026-09-10,SSE,511260,十年国债,17099.65
2026-09-10,SSE,511270,10年地债,9046.75
2026-09-10,SSE,511360,短融ETF,76295.26
2026-09-10,SSE,511380,转债ETF,471968.67
2026-09-10,SSE,511520,政金债,39815.65
2026-09-10,SSE,511580,国债政金,7168.68
2026-09-10,SSE,512000,券商ETF,7258203.54
2026-09-10,SSE,512010,医药ETF,4013169.49
2026-09-10,SSE,512020,A500,110901.27
2026-09-10,SSE,512030,A50增,4324
2026-09-10,SSE,512040,国信价值,460571.59
2026-09-10,SSE,512050,A500E,1626499.22
2026-09-10,SSE,512060,A100指基,1092.8
2026-09-10,SSE,512070,证券保险,1676047.97
2026-09-10,SSE,512080,A500中金,79418.61
2026-09-10,SSE,512090,MSCI易基,32359.23
2026-09-10,SSE,512100,1000ETF,624521.76
2026-09-10,SSE,512120,医药50,77724.19
2026-09-10,SSE,512130,现金全指,1389.5
2026-09-10,SSE,512140,电力事业,13404.9
2026-09-10,SSE,512150,A50ETF,1807.34
2026-09-10,SSE,512160,MSCI基金,12177.78
2026-09-10,SSE,512170,医疗ETF,7185282.05
2026-09-10,SSE,512180,建信MSCI,4804.8
2026-09-10,SSE,512190,之江凤凰,20851.84
2026-09-10,SSE,512200,地产ETF,326109.79
2026-09-10,SSE,512220,TMTETF,21446.76
2026-09-10,SSE,512240,A50龙头,2018.6
2026-09-10,SSE,512250,A50指数E,11960.01
2026-09-10,SSE,512260,500低波,1969.77
2026-09-10,SSE,512290,生物医药,318682.07
2026-09-10,SSE,512330,信息ETF,35518.8
2026-09-10,SSE,512360,MSCI国际,2733.77
2026-09-10,SSE,512370,A500增指,29631.3
2026-09-10,SSE,512380,MSCI中国,7580.56
2026-09-10,SSE,512390,MSCI低波,968.2
2026-09-10,SSE,512400,有色ETF,1445153.9
2026-09-10,SSE,512410,银行广发,3957.17
2026-09-10,SSE,512420,机械华安,7123.89
2026-09-10,SSE,512430,家电家居,3272
2026-09-10,SSE,512450,广发养殖,9986.7
2026-09-10,SSE,512460,电池主题,30882.3
2026-09-10,SSE,512480,半导体,2040600.72
2026-09-10,SSE,512500,中证500,180080.88
2026-09-10,SSE,512510,ETF500,43042.98
2026-09-10,SSE,512520,MSCIETF,4505.64
2026-09-10,SSE,512530,300红利,9450.2
2026-09-10,SSE,512550,A50基金,10990.6
2026-09-10,SSE,512560,中证军工,93112.7
2026-09-10,SSE,512570,中证证券,400880.61
2026-09-10,SSE,512580,环保ETF,53787.17
2026-09-10,SSE,512600,必选消费,168305.61
2026-09-10,SSE,512620,农业TH,135666.6
2026-09-10,SSE,512630,卫星基金,161942.6
2026-09-10,SSE,512640,金融地产,2074.09
2026-09-10,SSE,512650,长三角,3094.16
2026-09-10,SSE,512660,军工ETF,672108
2026-09-10,SSE,512670,国防ETF,206065.26
2026-09-10,SSE,512680,军工基金,307213.01
2026-09-10,SSE,512690,酒ETF,3205375.02
2026-09-10,SSE,512700,银行基金,69408.1
2026-09-10,SSE,512710,军工龙头,1111365.84
2026-09-10,SSE,512720,计算机,35245.34
2026-09-10,SSE,512730,银行FUND,5108.39
2026-09-10,SSE,512750,基本面50,4565.49
2026-09-10,SSE,512760,芯片ETF,982944.55
2026-09-10,SSE,512770,战略新兴,9676.78
2026-09-10,SSE,512800,银行ETF,1147287.99
2026-09-10,SSE,512810,国防军工,96158.35
2026-09-10,SSE,512820,银行股基,39670.19
2026-09-10,SSE,512870,杭州湾区,2241.06
2026-09-10,SSE,512880,证券ETF,5608729.15
2026-09-10,SSE,512890,红利低波,2624011.08
2026-09-10,SSE,512900,证券基金,759340.6
2026-09-10,SSE,512910,100ETF,12962.88
2026-09-10,SSE,512930,AIETF,490452.13
2026-09-10,SSE,512940,有色矿业,213870.5
2026-09-10,SSE,512950,央企改革,404355.1
2026-09-10,SSE,512960,央调ETF,385605.73
2026-09-10,SSE,512970,湾区ETF,598.76
2026-09-10,SSE,512980,传媒ETF,519742.44
2026-09-10,SSE,512990,MSCIA股,9901.54
2026-09-10,SSE,513000,225ETF,103891.14
2026-09-10,SSE,513010,港股科技,4425730.7
2026-09-10,SSE,513020,科技HK,231314.54
2026-09-10,SSE,513030,德国ETF,102477.9
2026-09-10,SSE,513040,HK互联网,677734.13
2026-09-10,SSE,513050,中概互联,3465843.27
2026-09-10,SSE,513060,恒生医疗,852289.33
2026-09-10,SSE,513070,HK消费50,133376.08
2026-09-10,SSE,513080,法国ETF,66791.6
2026-09-10,SSE,513090,香港证券,972548.8
2026-09-10,SSE,513100,纳指ETF,947411.06
2026-09-10,SSE,513110,纳指100,220843.5
2026-09-10,SSE,513120,HK创新药,1833263.54
2026-09-10,SSE,513130,恒生科技,5995534.7
2026-09-10,SSE,513140,港股金融,7836.8
2026-09-10,SSE,513150,港科技50,10055.98
2026-09-10,SSE,513160,科技30,318518.93
2026-09-10,SSE,513170,恒生央企,15557.3
2026-09-10,SSE,513180,恒指科技,7035375.95
2026-09-10,SSE,513190,H股金融,99993.6
2026-09-10,SSE,513200,港股医药,87128.21
2026-09-10,SSE,513210,恒生E,3994.2
2026-09-10,SSE,513220,互联网30,52510.94
2026-09-10,SSE,513230,H股消费,32942.27
2026-09-10,SSE,513240,港信息,10449.6
2026-09-10,SSE,513260,恒科技,486224.3
2026-09-10,SSE,513280,恒生生物,35411.45
2026-09-10,SSE,513290,纳指生物,106207.21
2026-09-10,SSE,513300,纳斯达克,536692.1
2026-09-10,SSE,513310,中韩芯片,246942.7
2026-09-10,SSE,513320,HK新经济,9101.06
2026-09-10,SSE,513330,恒生互联,7225748
2026-09-10,SSE,513350,油气ETF,85074.6
2026-09-10,SSE,513360,教育ETF,61921.39
2026-09-10,SSE,513380,科技恒生,1817278.49
2026-09-10,SSE,513390,纳指基金,215137.91
2026-09-10,SSE,513400,道琼斯,288206.2
2026-09-10,SSE,513500,标普500,1027263.86
2026-09-10,SSE,513520,日经ETF,108088.72
2026-09-10,SSE,513530,港股红利,302443.87
2026-09-10,SSE,513550,港股通50,167899.2
2026-09-10,SSE,513560,香港科技,53138.6
2026-09-10,SSE,513580,HS科技,605511.8
2026-09-10,SSE,513590,香港消费,13051.89
2026-09-10,SSE,513600,恒指ETF,60882.95
2026-09-10,SSE,513620,港医疗指,5521.6
2026-09-10,SSE,513630,香港红利,749535.9
2026-09-10,SSE,513650,标普ETF,437773.4
2026-09-10,SSE,513660,恒生通,179000.02
2026-09-10,SSE,513690,恒生股息,314847.99
2026-09-10,SSE,513700,香港医药,77784.6
2026-09-10,SSE,513720,香港互联,24885.9
2026-09-10,SSE,513730,东南亚,78035.5
2026-09-10,SSE,513750,港股非银,797233.8
2026-09-10,SSE,513770,港股互联,1435013.79
2026-09-10,SSE,513780,港股新药,185915.7
2026-09-10,SSE,513800,东证ETF,103624.44
2026-09-10,SSE,513810,港股国企,4199.2
2026-09-10,SSE,513820,港股分红,173966.9
2026-09-10,SSE,513830,红利港股,5281.1
2026-09-10,SSE,513850,美国50,127889.26
2026-09-10,SSE,513860,HKC科技,259147.06
2026-09-10,SSE,513870,纳指指数,138367.1
2026-09-10,SSE,513880,日经225,132097
2026-09-10,SSE,513890,HK科技,89212.8
2026-09-10,SSE,513900,港股100,8997.8
2026-09-10,SSE,513910,红利央企,195327.6
2026-09-10,SSE,513920,央企40,258073.1
2026-09-10,SSE,513930,香港生科,9790.8
2026-09-10,SSE,513950,恒生红利,236861.9
2026-09-10,SSE,513970,恒生消费,140504.1
2026-09-10,SSE,513980,科技港股,1643320.4
2026-09-10,SSE,513990,港股通综,4300
2026-09-10,SSE,515000,科技ETF,322657.93
2026-09-10,SSE,515010,华夏证券,207927.16
2026-09-10,SSE,515020,银行指数,37934.53
2026-09-10,SSE,515030,新汽车,149338.4
2026-09-10,SSE,515040,工业金属,5131.96
2026-09-10,SSE,515050,5GETF,1752920.54
2026-09-10,SSE,515060,华夏地产,100847.81
2026-09-10,SSE,515070,AI智能,753494.04
2026-09-10,SSE,515080,中证红利,673614.89
2026-09-10,SSE,515090,可持续,980.17
2026-09-10,SSE,515100,红利100,354169.15
2026-09-10,SSE,515110,国企方达,21529.5
2026-09-10,SSE,515120,创新药,1806899.36
2026-09-10,SSE,515130,HS300E,9746.32
2026-09-10,SSE,515150,国企富国,39970.32
2026-09-10,SSE,515160,MSCI招商,24395.51
2026-09-10,SSE,515170,食品饮料,858475.79
2026-09-10,SSE,515180,100红利,1263863.7
2026-09-10,SSE,515190,BOCI500,29346.61
2026-09-10,SSE,515200,创新100,3894.32
2026-09-10,SSE,515210,钢铁ETF,95722.61
2026-09-10,SSE,515220,煤炭ETF,829167.69
2026-09-10,SSE,515230,软件ETF,805469.09
2026-09-10,SSE,515250,智能汽车,34094.45
2026-09-10,SSE,515260,电子ETF,87856.84
2026-09-10,SSE,515290,银行,247187.29
2026-09-10,SSE,515300,红利300,276967.52
2026-09-10,SSE,515310,添富300,32161.12
2026-09-10,SSE,515320,电子50,8930.9
2026-09-10,SSE,515330,天弘300,617070.95
2026-09-10,SSE,515350,民生300,1259.92
2026-09-10,SSE,515360,方正300,3727.93
2026-09-10,SSE,515370,中证光伏,97371.3
2026-09-10,SSE,515380,泰康300,66249.98
2026-09-10,SSE,515390,HS300,191068.3
2026-09-10,SSE,515400,大数据,175763.14
2026-09-10,SSE,515440,NA股南方,16517.93
2026-09-10,SSE,515450,红利50,1430233.5
2026-09-10,SSE,515460,质量红利,27509.1
2026-09-10,SSE,515480,红利一百,2334.07
2026-09-10,SSE,515530,泰康500,1224.27
2026-09-10,SSE,515550,国联500,2034.57
2026-09-10,SSE,515560,证券E,18988.33
2026-09-10,SSE,515580,中证科技,30203.14
2026-09-10,SSE,515590,500ETFEW,3611.37
2026-09-10,SSE,515600,央企创新,103779.74
2026-09-10,SSE,515630,保险证券,93721.77
2026-09-10,SSE,515640,家电指数,1705
2026-09-10,SSE,515650,消费50,313718.4
2026-09-10,SSE,515660,沪深300E,43359.42
2026-09-10,SSE,515680,创新央企,109826.47
2026-09-10,SSE,515700,新能车,65951.02
2026-09-10,SSE,515710,食品ETF,232759.98
2026-09-10,SSE,515720,金科富国,43961.1
2026-09-10,SSE,515730,家居家电,4089.2
2026-09-10,SSE,515750,科技50,26414.05
2026-09-10,SSE,515760,浙江国资,9488.81
2026-09-10,SSE,515770,MSCIAETF,4272.73
2026-09-10,SSE,515790,光伏ETF,598149.4
2026-09-10,SSE,515800,800ETF,379543.72
2026-09-10,SSE,515810,ZZ800ETF,26390.88
2026-09-10,SSE,515840,食品南方,3042.64
2026-09-10,SSE,515850,证券龙头,62879.1
2026-09-10,SSE,515860,科技100,10187.89
2026-09-10,SSE,515880,通信ETF,6262177.4
2026-09-10,SSE,515890,红利博时,37944.39
2026-09-10,SSE,515900,央创ETF,222364.65
2026-09-10,SSE,515910,质量ETF,22450.7
2026-09-10,SSE,515920,智能消费,6290.57
2026-09-10,SSE,515950,医药龙头,53620.06
2026-09-10,SSE,515960,医药100,24099.19
2026-09-10,SSE,515970,华夏机械,51808.8
2026-09-10,SSE,515980,人工智能,629012.9
2026-09-10,SSE,515990,添富国企,5335.02
2026-09-10,SSE,516000,数据ETF,43685.5
2026-09-10,SSE,516010,游戏ETF,231769.3
2026-09-10,SSE,516020,化工ETF,351632.62
2026-09-10,SSE,516050,科技龙头,15922.8
2026-09-10,SSE,516060,新药ETF,30423.74
2026-09-10,SSE,516070,碳中和50,29664.6
2026-09-10,SSE,516080,创新医药,533155.48
2026-09-10,SSE,516090,新能源E,168884.48
2026-09-10,SSE,516100,科技金融,113575.97
2026-09-10,SSE,516110,汽车ETF,24062.31
2026-09-10,SSE,516120,化工50,492208.2
2026-09-10,SSE,516130,消费龙头,156889
2026-09-10,SSE,516150,稀土基金,378407.7
2026-09-10,SSE,516160,新能源,153264.2
2026-09-10,SSE,516180,光伏产业,15098.7
2026-09-10,SSE,516190,文娱ETF,11181.85
2026-09-10,SSE,516200,证券行业,44860.4
2026-09-10,SSE,516210,银行股,7363.1
2026-09-10,SSE,516220,化工龙头,25717
2026-09-10,SSE,516230,光伏招商,75092.1
2026-09-10,SSE,516250,富国机械,6087.8
2026-09-10,SSE,516260,物联网50,4388.26
2026-09-10,SSE,516270,新能源50,32840.9
2026-09-10,SSE,516290,光伏基金,74719.69
2026-09-10,SSE,516300,中证1000,3701.26
2026-09-10,SSE,516310,银行指基,154375.85
2026-09-10,SSE,516320,装备ETF,9058.93
2026-09-10,SSE,516330,物联网,727.13
2026-09-10,SSE,516350,芯片50,141441.53
2026-09-10,SSE,516360,新材料,5855.18
2026-09-10,SSE,516370,全指电力,27940.8
2026-09-10,SSE,516380,智能电车,8844.93
2026-09-10,SSE,516390,电动车,18426.1
2026-09-10,SSE,516440,南方机械,12912.66
2026-09-10,SSE,516460,现金流E,41969.3
2026-09-10,SSE,516500,生物ETF,20893.72
2026-09-10,SSE,516510,云计算,151289
2026-09-10,SSE,516520,智能驾驶,78776.55
2026-09-10,SSE,516530,物流快递,1730.23
2026-09-10,SSE,516550,农业ETF,26741.44
2026-09-10,SSE,516560,养老ETF,21275.8
2026-09-10,SSE,516570,石化ETF,113535.76
2026-09-10,SSE,516580,新能源BS,14912.41
2026-09-10,SSE,516590,电动汽车,5201.5
2026-09-10,SSE,516600,消服ETF,11033.21
2026-09-10,SSE,516610,医服ETF,23197.48
2026-09-10,SSE,516620,影视ETF,23676.75
2026-09-10,SSE,516630,云计算50,45415.6
2026-09-10,SSE,516640,芯片龙头,134448.28
2026-09-10,SSE,516650,有色50,526246.48
2026-09-10,SSE,516660,新能汽车,15668.9
2026-09-10,SSE,516670,畜牧养殖,326526.63
2026-09-10,SSE,516700,数据产业,17712.2
2026-09-10,SSE,516710,新材料50,7427.2
2026-09-10,SSE,516720,ESGETF,783.78
2026-09-10,SSE,516730,证券公司,22638.08
2026-09-10,SSE,516750,建材ETF,13916.73
2026-09-10,SSE,516760,养殖ETF,27821.51
2026-09-10,SSE,516770,游戏动漫,24004.8
2026-09-10,SSE,516780,稀土ETF,238859.97
2026-09-10,SSE,516790,保健ETF,18268.22
2026-09-10,SSE,516800,智能制造,18230.8
2026-09-10,SSE,516810,农业,54347.89
2026-09-10,SSE,516820,医疗创新,461441.52
2026-09-10,SSE,516830,300ESG,8967.69
2026-09-10,SSE,516840,汽车基金,13527.7
2026-09-10,SSE,516850,新能源80,14323.7
2026-09-10,SSE,516860,金融科技,115652.2
2026-09-10,SSE,516880,光伏50,91994.41
2026-09-10,SSE,516890,新材ETF,3531.14
2026-09-10,SSE,516900,食品50,28022.9
2026-09-10,SSE,516910,物流ETF,6164.18
2026-09-10,SSE,516920,芯片基金,49696.3
2026-09-10,SSE,516930,生科ETF,10913.96
2026-09-10,SSE,516950,基建ETF,10782.1
2026-09-10,SSE,516960,机械ETF,1605.11
2026-09-10,SSE,516970,基建50,115554.25
2026-09-10,SSE,516980,证券先锋,5401.6
2026-09-10,SSE,517000,沪港深,12279.3
2026-09-10,SSE,517010,HGS500E,7814.42
2026-09-10,SSE,517030,HGS300,8404.03
2026-09-10,SSE,517050,互联网50,34960.5
2026-09-10,SSE,517080,HGS500,16916.6
2026-09-10,SSE,517090,共赢ETF,8407.5
2026-09-10,SSE,517100,AH500ETF,14360.21
2026-09-10,SSE,517110,创新药HK,130809.85
2026-09-10,SSE,517120,创新药50,54496.64
2026-09-10,SSE,517130,云计算JS,18865.4
2026-09-10,SSE,517160,长江ETF,182677.75
2026-09-10,SSE,517170,沪港深E,1613.18
2026-09-10,SSE,517180,中国国企,8749.63
2026-09-10,SSE,517200,互联网,14478.2
2026-09-10,SSE,517230,云计算MW,15254.58
2026-09-10,SSE,517300,AH300ETF,100243.45
2026-09-10,SSE,517330,长江保护,180916.9
2026-09-10,SSE,517350,龙头科技,4754.2
2026-09-10,SSE,517360,AH科技,2508.3
2026-09-10,SSE,517380,创新药AH,292432.63
2026-09-10,SSE,517390,云计算AH,12911.26
2026-09-10,SSE,517400,黄金股票,96479.2
2026-09-10,SSE,517520,黄金股,632690.4
2026-09-10,SSE,517550,消费主题,8041.74
2026-09-10,SSE,517660,物联网AH,3988.07
2026-09-10,SSE,517770,游戏传媒,18994.78
2026-09-10,SSE,517800,AI50,21353.97
2026-09-10,SSE,517850,张江ETF,3818.52
2026-09-10,SSE,517880,品牌消费,4933.71
2026-09-10,SSE,517900,银行优选,38299.35
2026-09-10,SSE,517950,交银科技,4862.32
2026-09-10,SSE,517990,医药基金,4698.79
2026-09-10,SSE,518600,上海金,84871.63
2026-09-10,SSE,518660,工银黄金,97215.27
2026-09-10,SSE,518680,金ETF,82456.95
2026-09-10,SSE,518800,黄金基金,386617.92
2026-09-10,SSE,518850,黄金9999,192277.87
2026-09-10,SSE,518860,上海金E,46845.98
2026-09-10,SSE,518880,黄金ETF,1176104.08
2026-09-10,SSE,518890,中银黄金,37705.48
2026-09-10,SSE,520500,恒生新药,190080.5
2026-09-10,SSE,520510,港股医疗,36972.8
2026-09-10,SSE,520520,HK消费,5260.6
2026-09-10,SSE,520530,港科ETF,24977.6
2026-09-10,SSE,520550,红利恒生,115302.4
2026-09-10,SSE,520560,香港30,60741.9
2026-09-10,SSE,520570,科技恒指,353987.6
2026-09-10,SSE,520580,新兴亚洲,29098.39
2026-09-10,SSE,520590,恒科,20623.5
2026-09-10,SSE,520600,汽车港股,26536.8
2026-09-10,SSE,520610,港红利指,40796.3
2026-09-10,SSE,520620,港股消费,28440.9
2026-09-10,SSE,520630,互联港股,59411
2026-09-10,SSE,520650,互联网HK,248375.5
2026-09-10,SSE,520660,港红利CS,197348.55
2026-09-10,SSE,520670,港科基金,21492.81
2026-09-10,SSE,520680,港股通车,7236.9
2026-09-10,SSE,520690,恒生港药,63645.4
2026-09-10,SSE,520700,创新药WJ,46107.6
2026-09-10,SSE,520710,信息港股,9702.9
2026-09-10,SSE,520720,香港汽车,13194.2
2026-09-10,SSE,520730,汽车WJ,12039.44
2026-09-10,SSE,520740,互联香港,4501.26
2026-09-10,SSE,520750,HK信息,13338.4
2026-09-10,SSE,520760,港股生物,12646.6
2026-09-10,SSE,520770,港股恒指,21337.38
2026-09-10,SSE,520780,港股车50,3946
2026-09-10,SSE,520790,港互联网,62707.5
2026-09-10,SSE,520810,港高股息,31836
2026-09-10,SSE,520820,恒指通,5868.2
2026-09-10,SSE,520830,沙特ETF,103261.9
2026-09-10,SSE,520840,港科技,114904.9
2026-09-10,SSE,520850,港医疗,14824.96
2026-09-10,SSE,520860,港股通科,34219.5
2026-09-10,SSE,520870,巴西ETF,51447.72
2026-09-10,SSE,520880,港创新药,437561.8
2026-09-10,SSE,520890,港红利,7950.8
2026-09-10,SSE,520900,红利香港,153017.5
2026-09-10,SSE,520910,HK互联,75644.5
2026-09-10,SSE,520920,恒生科TH,1911201.9
2026-09-10,SSE,520930,恒生生科,15773.3
2026-09-10,SSE,520940,恒指基金,2229.7
2026-09-10,SSE,520950,港股50,33042.1
2026-09-10,SSE,520960,恒指港通,5060.34
2026-09-10,SSE,520970,港股通药,125235.8
2026-09-10,SSE,520980,港科技30,322838.7
2026-09-10,SSE,520990,国新红利,340047.05
2026-09-10,SSE,526000,港股信息,17614.2
2026-09-10,SSE,526010,香港医疗,2945.8
2026-09-10,SSE,526030,港信息基,15346.5
2026-09-10,SSE,526050,香港信息,5363
2026-09-10,SSE,526060,港股技术,5587.7
2026-09-10,SSE,526070,恒生博时,5237.7
2026-09-10,SSE,530000,50ETF基,94102.94
2026-09-10,SSE,530050,SH50ETF,12881.3
2026-09-10,SSE,530060,上证综E,87319.3
2026-09-10,SSE,530080,180指基,2491.7
2026-09-10,SSE,530100,上证580,12069.6
2026-09-10,SSE,530180,上证180,6195.2
2026-09-10,SSE,530280,180ETF指,2993.4
2026-09-10,SSE,530300,180指数,3364.3
2026-09-10,SSE,530380,上证380,13470.5
2026-09-10,SSE,530530,580ETF,13446
2026-09-10,SSE,530580,180基金,5314.9
2026-09-10,SSE,530680,180E,10689.19
2026-09-10,SSE,530800,上180ETF,1820.18
2026-09-10,SSE,530880,上证红利,3833.6
2026-09-10,SSE,551000,科创债,7790.41
2026-09-10,SSE,551030,科创债券,18404
2026-09-10,SSE,551060,科创债沪,5735.1
2026-09-10,SSE,551300,科创债摩,5099.75
2026-09-10,SSE,551500,科创债易,13842
2026-09-10,SSE,551510,科债AAA,14700.61
2026-09-10,SSE,551520,科创债汇,21576.16
2026-09-10,SSE,551550,科创AAA,18966.82
2026-09-10,SSE,551560,科创债兴,17196.88
2026-09-10,SSE,551580,科创债TK,10703.68
2026-09-10,SSE,551800,国泰科债,11608.14
2026-09-10,SSE,551900,科创债指,13942.17
2026-09-10,SSE,560010,1000基金,186062.17
2026-09-10,SSE,560020,红利添富,12956.2
2026-09-10,SSE,560030,800价值,2243.2
2026-09-10,SSE,560050,MSCIA50,215993.44
2026-09-10,SSE,560060,碳中和基,7609
2026-09-10,SSE,560070,央企分红,8186.23
2026-09-10,SSE,560080,中药ETF,228276.5
2026-09-10,SSE,560090,证券指数,230286.5
2026-09-10,SSE,560100,增强ETF,6108.03
2026-09-10,SSE,560110,ZZ1000,31690.35
2026-09-10,SSE,560120,500现金,57368.9
2026-09-10,SSE,560130,食品基金,6877.62
2026-09-10,SSE,560150,红利TK,67027.93
2026-09-10,SSE,560160,食品E,10870.6
2026-09-10,SSE,560170,央企科技,38549.55
2026-09-10,SSE,560180,ESG300,1560.3
2026-09-10,SSE,560190,公用事业,2683.4
2026-09-10,SSE,560210,景顺农牧,49452.2
2026-09-10,SSE,560220,2000基金,6071.7
2026-09-10,SSE,560230,光伏富国,8788.9
2026-09-10,SSE,560250,红利质量,12733.3
2026-09-10,SSE,560260,医疗50,171866.47
2026-09-10,SSE,560270,电力指数,15993.9
2026-09-10,SSE,560280,工程机械,144325.2
2026-09-10,SSE,560290,景顺有色,37169.4
2026-09-10,SSE,560300,电信50,2780.34
2026-09-10,SSE,560310,光伏博时,18812.2
2026-09-10,SSE,560320,食品富国,10333.2
2026-09-10,SSE,560330,300价值E,1713
2026-09-10,SSE,560350,A50指数,83553.21
2026-09-10,SSE,560360,软件指数,22334.5
2026-09-10,SSE,560370,全指红利,21608.4
2026-09-10,SSE,560380,A100,14086.1
2026-09-10,SSE,560390,电网E,202025.8
2026-09-10,SSE,560400,证券华泰,17049.3
2026-09-10,SSE,560410,电池鹏华,5978.61
2026-09-10,SSE,560420,食品Q,12578.02
2026-09-10,SSE,560450,电力TH,24206.9
2026-09-10,SSE,560460,电力平安,27553.7
2026-09-10,SSE,560470,有色E,29634
2026-09-10,SSE,560480,中证电力,13330.3
2026-09-10,SSE,560490,华泰有色,10248.2
2026-09-10,SSE,560500,500质量,29333.9
2026-09-10,SSE,560510,中证A500,253102.69
2026-09-10,SSE,560520,红利大成,5375.1
2026-09-10,SSE,560530,A500ETF,399162.37
2026-09-10,SSE,560550,碳中和,12359.74
2026-09-10,SSE,560560,碳中和TK,7119.01
2026-09-10,SSE,560570,A500低波,115854.12
2026-09-10,SSE,560580,电力指基,42300.3
2026-09-10,SSE,560590,1000鹏华,1971
2026-09-10,SSE,560610,A500指数,523698.84
2026-09-10,SSE,560620,公用WJ,2586.7
2026-09-10,SSE,560630,机器人WJ,15039.4
2026-09-10,SSE,560660,云50ETF,12593.8
2026-09-10,SSE,560670,中证银行,3947.4
2026-09-10,SSE,560680,龙头消费,33222.56
2026-09-10,SSE,560690,电信主题,2038.9
2026-09-10,SSE,560700,央红利50,45103.69
2026-09-10,SSE,560710,船舶ETF,163658
2026-09-10,SSE,560720,工银红利,9454.8
2026-09-10,SSE,560730,红利GTHT,7383.63
2026-09-10,SSE,560750,A500申万,7555.48
2026-09-10,SSE,560770,机器人ZS,165013.3
2026-09-10,SSE,560780,半导设备,1255048.8
2026-09-10,SSE,560790,软件服务,22045.59
2026-09-10,SSE,560800,数字ETF,29795.11
2026-09-10,SSE,560810,央企ESG,18011.6
2026-09-10,SSE,560820,A50新华,4092.6
2026-09-10,SSE,560830,电指数,67201.9
2026-09-10,SSE,560850,信创50,7016.4
2026-09-10,SSE,560860,工业有色,539823.3
2026-09-10,SSE,560870,中银有色,9135.19
2026-09-10,SSE,560880,家电基金,19373.2
2026-09-10,SSE,560900,创新药企,21896.91
2026-09-10,SSE,560910,中证电池,20272.1
2026-09-10,SSE,560920,招商机械,4437.33
2026-09-10,SSE,560930,电力E,20052.4
2026-09-10,SSE,560950,500增,1548.3
2026-09-10,SSE,560970,有色金属,6913.8
2026-09-10,SSE,560980,光伏龙头,34202.2
2026-09-10,SSE,560990,科技先锋,1618.71
2026-09-10,SSE,561000,300指增,4992
2026-09-10,SSE,561010,软件开发,29435.6
2026-09-10,SSE,561020,食品招商,2502.22
2026-09-10,SSE,561030,机械华泰,18255
2026-09-10,SSE,561050,稀金属E,23225
2026-09-10,SSE,561060,红利国企,4706.5
2026-09-10,SSE,561080,现金自由,2325
2026-09-10,SSE,561090,A500增,20997.4
2026-09-10,SSE,561100,电子龙头,59674.69
2026-09-10,SSE,561120,家电ETF,2815.99
2026-09-10,SSE,561130,国货ETF,8593.52
2026-09-10,SSE,561160,锂电池,229733.5
2026-09-10,SSE,561170,绿电50,51653.27
2026-09-10,SSE,561180,A100ETF,4960.96
2026-09-10,SSE,561190,双碳ETF,19431.8
2026-09-10,SSE,561200,A100基金,3347.05
2026-09-10,SSE,561220,国企数字,4905.3
2026-09-10,SSE,561230,A50,45247.78
2026-09-10,SSE,561250,稀金属PH,6475.22
2026-09-10,SSE,561260,能源ETF,2369.52
2026-09-10,SSE,561280,增强1000,8484.77
2026-09-10,SSE,561300,300增ETF,55396.5
2026-09-10,SSE,561310,消电ETF,10783.31
2026-09-10,SSE,561320,交运ETF,3436.9
2026-09-10,SSE,561330,矿业ETF,182039.21
2026-09-10,SSE,561350,国泰500,10670
2026-09-10,SSE,561360,石油ETF,136114.8
2026-09-10,SSE,561370,2000ETF,3235.6
2026-09-10,SSE,561380,电网ETF,623853.4
2026-09-10,SSE,561390,稀金属PA,8912.81
2026-09-10,SSE,561400,鑫元养殖,2651.9
2026-09-10,SSE,561410,光伏工银,20261.33
2026-09-10,SSE,561420,300现金,100723.7
2026-09-10,SSE,561430,全指质量,3272.32
2026-09-10,SSE,561450,华泰红利,7812.43
2026-09-10,SSE,561460,AITH,202852
2026-09-10,SSE,561470,畜牧TH,5793.6
2026-09-10,SSE,561490,红利财通,8263.13
2026-09-10,SSE,561500,漂亮50,5460.03
2026-09-10,SSE,561510,中医药,6520.6
2026-09-10,SSE,561530,银华银行,6153.4
2026-09-10,SSE,561550,500指增,134548.96
2026-09-10,SSE,561560,电力ETF,191912.42
2026-09-10,SSE,561570,油气基金,7314.7
2026-09-10,SSE,561580,央企红利,191737.07
2026-09-10,SSE,561590,1000增强,10149.96
2026-09-10,SSE,561600,消费电子,29654.8
2026-09-10,SSE,561620,华泰化工,3272.7
2026-09-10,SSE,561630,华泰质量,4089.8
2026-09-10,SSE,561660,通航基金,6971
2026-09-10,SSE,561680,A500红低,5516.9
2026-09-10,SSE,561690,质量300,33538.06
2026-09-10,SSE,561700,电力基金,34631.36
2026-09-10,SSE,561730,中证A股,7074.81
2026-09-10,SSE,561750,A50博时,6149.6
2026-09-10,SSE,561760,油气博时,15619.5
2026-09-10,SSE,561770,指基A100,3555
2026-09-10,SSE,561780,1000指增,1935.58
2026-09-10,SSE,561790,现代能源,5543.4
2026-09-10,SSE,561800,稀金属,20857.72
2026-09-10,SSE,561810,华泰医疗,5463.84
2026-09-10,SSE,561830,有色GTHT,18357.11
2026-09-10,SSE,561870,现金流指,8876.5
2026-09-10,SSE,561880,A100指数,8438.9
2026-09-10,SSE,561890,A股E,3611.26
2026-09-10,SSE,561900,沪深ESG,2633.44
2026-09-10,SSE,561910,电池ETF,482707.66
2026-09-10,SSE,561920,疫苗龙头,5869.2
2026-09-10,SSE,561930,招商300,18726.06
2026-09-10,SSE,561950,500增强A,7215.6
2026-09-10,SSE,561960,央企回报,5718.52
2026-09-10,SSE,561980,芯片设备,869555
2026-09-10,SSE,561990,300增强,33464.92
2026-09-10,SSE,562000,中证A100,59673.79
2026-09-10,SSE,562010,绿色能源,1829.87
2026-09-10,SSE,562030,信创基金,15397.39
2026-09-10,SSE,562050,药ETF,11246.8
2026-09-10,SSE,562060,标普红利,536479.26
2026-09-10,SSE,562070,300ETF增,55554.2
2026-09-10,SSE,562080,自由现金,57875.72
2026-09-10,SSE,562180,红低A500,9815
2026-09-10,SSE,562300,低碳ETF,7949.5
2026-09-10,SSE,562310,300成长,41857.23
2026-09-10,SSE,562320,300价值A,5529.55
2026-09-10,SSE,562330,500价值,1201.89
2026-09-10,SSE,562340,500成长,814.43
2026-09-10,SSE,562350,电力,12841.09
2026-09-10,SSE,562360,机器人YH,29547.4
2026-09-10,SSE,562380,科技引领,7362.89
2026-09-10,SSE,562390,中药,8142.9
2026-09-10,SSE,562500,机器人,1846018.73
2026-09-10,SSE,562510,旅游ETF,110959.5
2026-09-10,SSE,562520,1000成长,2656.8
2026-09-10,SSE,562530,1000价值,15014.4
2026-09-10,SSE,562550,绿电ETF,147541.93
2026-09-10,SSE,562560,信息技术,2276.55
2026-09-10,SSE,562570,信创ETF,30328.1
2026-09-10,SSE,562580,可选消费,4072.33
2026-09-10,SSE,562590,半导材料,900198.9
2026-09-10,SSE,562600,医疗器械,45793.74
2026-09-10,SSE,562660,ZZ2000,36487.4
2026-09-10,SSE,562700,汽车零件,9975
2026-09-10,SSE,562800,稀有金属,577214.5
2026-09-10,SSE,562810,上证增强,5045.1
2026-09-10,SSE,562820,集成电路,46140.8
2026-09-10,SSE,562850,央企能源,17698.15
2026-09-10,SSE,562860,疫苗ETF,33489.5
2026-09-10,SSE,562870,证券全指,58950.52
2026-09-10,SSE,562880,电池基金,89539.96
2026-09-10,SSE,562890,A50中证,27355.1
2026-09-10,SSE,562900,现代农业,22570.63
2026-09-10,SSE,562910,高端制造,29722.73
2026-09-10,SSE,562920,信息安全,8806.9
2026-09-10,SSE,562930,软件30,174743.7
2026-09-10,SSE,562950,消电50,105925.83
2026-09-10,SSE,562960,绿色电力,118739.1
2026-09-10,SSE,562970,光伏E,36844.8
2026-09-10,SSE,562990,碳中和E,37875.6
2026-09-10,SSE,563000,中国A50,152595.11
2026-09-10,SSE,563010,电信ETF,8818.93
2026-09-10,SSE,563020,低波红利,1013991
2026-09-10,SSE,563030,增强500,12716.9
2026-09-10,SSE,563050,科技央企,14520.84
2026-09-10,SSE,563060,央企50,18052.7
2026-09-10,SSE,563080,中证A50E,112458.84
2026-09-10,SSE,563090,上50增强,5484.8
2026-09-10,SSE,563150,油气资源,3439.9
2026-09-10,SSE,563180,高股息,9642
2026-09-10,SSE,563200,2000指数,5145.88
2026-09-10,SSE,563210,专精特新,11206.7
2026-09-10,SSE,563220,A500富国,633501.37
2026-09-10,SSE,563230,卫星ETF,327723.7
2026-09-10,SSE,563280,A50增强,520.66
2026-09-10,SSE,563300,中证2000,450117.4
2026-09-10,SSE,563320,通用航空,22289.2
2026-09-10,SSE,563330,A股ETF,3466.06
2026-09-10,SSE,563350,中证A50,16999.76
2026-09-10,SSE,563360,A500基金,3077598.74
2026-09-10,SSE,563380,航空航天,81795
2026-09-10,SSE,563390,现金基金,214334.4
2026-09-10,SSE,563500,A500华宝,75995.87
2026-09-10,SSE,563510,A500红利,28253.7
2026-09-10,SSE,563520,300永赢,44206.5
2026-09-10,SSE,563530,卫星E,154774.8
2026-09-10,SSE,563550,增强A500,8255.9
2026-09-10,SSE,563560,科技成长,5576.9
2026-09-10,SSE,563570,金融科,10437.4
2026-09-10,SSE,563580,现金800,23964.8
2026-09-10,SSE,563590,红利A500,6094.44
2026-09-10,SSE,563600,A500增强,6648.3
2026-09-10,SSE,563620,现金流全,5004.9
2026-09-10,SSE,563630,A500指增,3994.71
2026-09-10,SSE,563650,A500中证,14090.9
2026-09-10,SSE,563660,A500银河,6608.52
2026-09-10,SSE,563670,金科基金,18198.7
2026-09-10,SSE,563680,现金流TF,10395.9
2026-09-10,SSE,563690,红利永赢,4988.2
2026-09-10,SSE,563700,红利价值,35115
2026-09-10,SSE,563750,500添富,35223.7
2026-09-10,SSE,563760,中银现金,69991.32
2026-09-10,SSE,563770,全指现金,2730.7
2026-09-10,SSE,563780,现金指数,23502.71
2026-09-10,SSE,563790,卫星产业,117544.7
2026-09-10,SSE,563800,A500龙头,902597.81
2026-09-10,SSE,563830,现金流基,13489.6
2026-09-10,SSE,563850,食品广发,10648.17
2026-09-10,SSE,563860,A500海富,19184.43
2026-09-10,SSE,563870,航空通用,10330.39
2026-09-10,SSE,563880,A500添富,149899.64
2026-09-10,SSE,563890,红利国有,1983.6
2026-09-10,SSE,563900,现金流,45996.57
2026-09-10,SSE,563930,上指增强,2559.2
2026-09-10,SSE,563960,300质量,35251.2
2026-09-10,SSE,563980,800红利,21696.7
2026-09-10,SSE,563990,800现金,29457.3
2026-09-10,SSE,588000,科创50,5475866.82
2026-09-10,SSE,588010,科创材料,96292.58
2026-09-10,SSE,588020,科创50E,218937.3
2026-09-10,SSE,588030,科创指基,229783.81
2026-09-10,SSE,588040,科创板指,14588.9
2026-09-10,SSE,588050,科创ETF,671724.13
2026-09-10,SSE,588060,上证科创,785514
2026-09-10,SSE,588070,科创万家,3843.7
2026-09-10,SSE,588080,科创板50,2592162.81
2026-09-10,SSE,588090,科创板,309607.28
2026-09-10,SSE,588100,科创信息,23674.62
2026-09-10,SSE,588110,科创成长,100903.2
2026-09-10,SSE,588120,科100ETF,90762.2
2026-09-10,SSE,588130,科创药,47508.26
2026-09-10,SSE,588140,科200GF,21775.1
2026-09-10,SSE,588150,科创龙头,41193.26
2026-09-10,SSE,588160,科创新材,90249.6
2026-09-10,SSE,588170,科创半导,4348544.7
2026-09-10,SSE,588180,科创50基,76635.37
2026-09-10,SSE,588190,科创100,136061.83
2026-09-10,SSE,588200,科创芯片,4332418.43
2026-09-10,SSE,588210,科创100E,24575.4
2026-09-10,SSE,588220,科创100F,370119.79
2026-09-10,SSE,588230,科创200,69893.9
2026-09-10,SSE,588240,科200,11963.3
2026-09-10,SSE,588250,KC医药,28367.5
2026-09-10,SSE,588260,科创技术,4674.6
2026-09-10,SSE,588270,科创200F,29841
2026-09-10,SSE,588280,科创五零,40812.1
2026-09-10,SSE,588290,芯片科创,496919.1
2026-09-10,SSE,588300,双创ETF,153121.05
2026-09-10,SSE,588310,双创基金,3063.75
2026-09-10,SSE,588320,双创增强,8682.46
2026-09-10,SSE,588330,双创龙头,119973.78
2026-09-10,SSE,588350,双创,65454.6
2026-09-10,SSE,588360,创创ETF,22468.18
2026-09-10,SSE,588370,科创策略,7577.2
2026-09-10,SSE,588380,创50ETF,273277
2026-09-10,SSE,588390,科创创业,16493.59
2026-09-10,SSE,588400,双创50,136860.06
2026-09-10,SSE,588410,双创AI,12125
2026-09-10,SSE,588420,AI双创,33364.8
2026-09-10,SSE,588430,科创创AI,10245.8
2026-09-10,SSE,588450,科创50增,6356.87
2026-09-10,SSE,588460,科创增强,67051.4
2026-09-10,SSE,588470,双创智能,27790.7
2026-09-10,SSE,588480,AI50双创,23971.7
2026-09-10,SSE,588500,科创100Z,4464.7
2026-09-10,SSE,588510,智能双创,31517.5
2026-09-10,SSE,588520,科创增,1295.7
2026-09-10,SSE,588530,AIBOCI,22243.33
2026-09-10,SSE,588550,科创增指,6329
2026-09-10,SSE,588660,双创五零,3834.4
2026-09-10,SSE,588670,科综增强,3979.2
2026-09-10,SSE,588680,科100增,3536.1
2026-09-10,SSE,588690,科综指增,4763.6
2026-09-10,SSE,588700,科创生物,47283.62
2026-09-10,SSE,588710,科半导体,1125688.5
2026-09-10,SSE,588720,中银科创,10974.18
2026-09-10,SSE,588730,科创AI,74639.63
2026-09-10,SSE,588750,科创芯50,326222.8
2026-09-10,SSE,588760,AI科创,257253.2
2026-09-10,SSE,588770,信息科创,31159.71
2026-09-10,SSE,588780,芯片设计,106390.2
2026-09-10,SSE,588790,科创智能,347838.4
2026-09-10,SSE,588800,科创100C,169737.7
2026-09-10,SSE,588810,科创板芯,178264.8
2026-09-10,SSE,588820,科创200E,15140
2026-09-10,SSE,588830,科创新能,59884.79
2026-09-10,SSE,588840,50科创,6123.6
2026-09-10,SSE,588850,科创机械,8277.9
2026-09-10,SSE,588860,科创医药,36488.94
2026-09-10,SSE,588870,科创50指,92055.2
2026-09-10,SSE,588880,科创指数,11436.8
2026-09-10,SSE,588890,科创芯,279543
2026-09-10,SSE,588900,科创100S,35578.3
2026-09-10,SSE,588910,科创价值,10004.91
2026-09-10,SSE,588920,KC芯片,33687.6
2026-09-10,SSE,588930,科创板AI,63732.9
2026-09-10,SSE,588940,科创富国,313484
2026-09-10,SSE,588950,景顺科创,74072.97
2026-09-10,SSE,588960,新能科创,14657.98
2026-09-10,SSE,588980,科创广发,1442
2026-09-10,SSE,588990,科芯片,20174.54
2026-09-10,SSE,589000,科创综指,106350.78
2026-09-10,SSE,589010,科创AI指,93579.3
2026-09-10,SSE,589020,KC半导体,443643.8
2026-09-10,SSE,589030,科芯设计,94307.7
2026-09-10,SSE,589050,科创E,5096.8
2026-09-10,SSE,589060,科综东财,8213.79
2026-09-10,SSE,589070,科芯TH,207729.3
2026-09-10,SSE,589080,科创综E,14806.1
2026-09-10,SSE,589090,KCAI,19193.1
2026-09-10,SSE,589100,国泰芯片,91744.25
2026-09-10,SSE,589110,科AI国泰,54641.3
2026-09-10,SSE,589120,创新药基,143462
2026-09-10,SSE,589130,科创芯易,335678
2026-09-10,SSE,589150,科创平安,85343.72
2026-09-10,SSE,589160,科芯片GF,29029.6
2026-09-10,SSE,589170,芯设计KC,15090.9
2026-09-10,SSE,589180,科创材基,13581.8
2026-09-10,SSE,589190,科创芯基,375156.2
2026-09-10,SSE,589200,科200E,2250.7
2026-09-10,SSE,589210,芯设计GF,136893.8
2026-09-10,SSE,589220,科200GT,32549.58
2026-09-10,SSE,589230,AI科创CS,26105.3
2026-09-10,SSE,589250,芯设计PY,7510.13
2026-09-10,SSE,589260,科创芯设,9415.6
2026-09-10,SSE,589270,科创100Q,2151.66
2026-09-10,SSE,589280,科综增指,14906.9
2026-09-10,SSE,589290,芯片主题,14384.89
2026-09-10,SSE,589300,科综嘉实,4158.25
2026-09-10,SSE,589310,科创人工,31349.18
2026-09-10,SSE,589320,科200JS,11405.3
2026-09-10,SSE,589330,科200DC,17090.2
2026-09-10,SSE,589350,科芯片指,24628.15
2026-09-10,SSE,589360,科创50GT,271717.4
2026-09-10,SSE,589380,AI科创指,10369.43
2026-09-10,SSE,589390,芯设计,137981.05
2026-09-10,SSE,589400,芯设计FG,30778.52
2026-09-10,SSE,589410,科创AIJS,57856.56
2026-09-10,SSE,589420,芯设计MW,36648.15
2026-09-10,SSE,589430,科芯片设,23284.99
2026-09-10,SSE,589460,科200HB,21763.09
2026-09-10,SSE,589500,科综工银,8006.4
2026-09-10,SSE,589520,AI科创板,90910.46
2026-09-10,SSE,589550,KC价值,2529.55
2026-09-10,SSE,589560,科创AITF,25935.5
2026-09-10,SSE,589580,科综价格,1435.48
2026-09-10,SSE,589600,富国科综,22153.5
2026-09-10,SSE,589630,科综国泰,34325.8
2026-09-10,SSE,589660,综指科创,26553
2026-09-10,SSE,589680,科创综Z,141994.37
2026-09-10,SSE,589700,成长科创,2829.1
2026-09-10,SSE,589720,科创新药,543282.3
2026-09-10,SSE,589770,科创全指,15356.92
2026-09-10,SSE,589780,科200FG,6921.5
2026-09-10,SSE,589800,科创综合,109598.82
2026-09-10,SSE,589820,科200F,12972.02
2026-09-10,SSE,589850,科创东财,85605.7
2026-09-10,SSE,589860,天弘科综,16222.4
2026-09-10,SSE,589880,科创综,44999.6
2026-09-10,SSE,589890,景顺科综,8498.7
2026-09-10,SSE,589900,博时科综,16890.82
2026-09-10,SSE,589950,科100FG,36387.3
2026-09-10,SSE,589960,科创新源,17131.6
2026-09-10,SSE,589980,科基100,12912.2
2026-09-10,SSE,589990,科创板综,11409
2026-09-10,SZSE,158000,港股通金融ETF鹏华,8792.58
2026-09-10,SZSE,158001,价值ETF嘉实,11839.26
2026-09-10,SZSE,158003,港股通医疗ETF嘉实,8565.43
2026-09-10,SZSE,158005,工程机械ETF博时,12506.13
2026-09-10,SZSE,158006,化工ETF博时,4204.60
2026-09-10,SZSE,158008,新能源电池ETF华夏,24741.31
2026-09-10,SZSE,158009,航空航天ETF南方,3137.38
2026-09-10,SZSE,158010,医疗ETF嘉实,25821.33
2026-09-10,SZSE,158011,创业板软件ETF国泰,6134.26
2026-09-10,SZSE,158012,云计算ETF南方,27632.55
2026-09-10,SZSE,158013,航空航天ETF易方达,6534.52
2026-09-10,SZSE,158017,化工ETF易方达,6959.45
2026-09-10,SZSE,158019,电池ETF永赢,27728.19
2026-09-10,SZSE,158023,红利低波ETF万家,33008.07
2026-09-10,SZSE,158027,工业互联网ETF易方达,20014.30
2026-09-10,SZSE,159001,货币ETF易方达,3270.66
2026-09-10,SZSE,159003,招商快线ETF,199.19
2026-09-10,SZSE,159005,快钱ETF汇添富,116.23
2026-09-10,SZSE,159007,养殖ETF华泰柏瑞,18460.32
2026-09-10,SZSE,159008,证券ETF景顺,11828.45
2026-09-10,SZSE,159009,创业板新能源ETF易方达,15939.27
2026-09-10,SZSE,159010,港股通科技ETF博时,20459.76
2026-09-10,SZSE,159011,养殖ETF华安,2350.51
2026-09-10,SZSE,159012,科创创业50ETF鹏华,13488.11
2026-09-10,SZSE,159013,工业互联网ETF大成,4157.88
2026-09-10,SZSE,159015,恒生港股通科技ETF国联,11035.29
2026-09-10,SZSE,159016,证券ETF广发,33604.01
2026-09-10,SZSE,159017,石油ETF工银,15025.68
2026-09-10,SZSE,159018,石油ETF广发,2790.42
2026-09-10,SZSE,159019,石油ETF华宝,4432.77
2026-09-10,SZSE,159020,养殖ETF易方达,11256.70
2026-09-10,SZSE,159021,大盘价值ETF华夏,6890.77
2026-09-10,SZSE,159022,科创创业人工智能ETF富国,17463.09
2026-09-10,SZSE,159023,养殖ETF万家,3677.79
2026-09-10,SZSE,159026,石油ETF南方,4351.34
2026-09-10,SZSE,159027,畜牧养殖ETF大成,10747.22
2026-09-10,SZSE,159028,港股汽车ETF天弘,13344.90
2026-09-10,SZSE,159029,有色ETF广发,29512.77
2026-09-10,SZSE,159030,粮食ETF华夏,43646.81
2026-09-10,SZSE,159031,粮食ETF博时,53102.86
2026-09-10,SZSE,159032,工业有色ETF易方达,25684.50
2026-09-10,SZSE,159033,粮食ETF国泰,11432.34
2026-09-10,SZSE,159035,软件ETF天弘,62985.97
2026-09-10,SZSE,159036,软件开发ETF华宝,28174.01
2026-09-10,SZSE,159037,价值ETF鹏华,6024.98
2026-09-10,SZSE,159038,粮食ETF易方达,16302.69
2026-09-10,SZSE,159039,机器人ETF华安,111946.14
2026-09-10,SZSE,159040,港股通互联网ETF鹏华,3248.10
2026-09-10,SZSE,159041,农业ETF鹏华,4147.18
2026-09-10,SZSE,159042,价值ETF汇添富,8580.11
2026-09-10,SZSE,159043,食品ETF华安,6277.06
2026-09-10,SZSE,159045,稀有金属ETF大成,17233.02
2026-09-10,SZSE,159046,绿电ETF天弘,61297.68
2026-09-10,SZSE,159048,机器人ETF大成,19380.38
2026-09-10,SZSE,159049,有色ETF工银,3507.33
2026-09-10,SZSE,159050,机器人ETF广发,65370.36
2026-09-10,SZSE,159051,医疗器械ETF易方达,8411.78
2026-09-10,SZSE,159052,新能源电池ETF嘉实,19992.60
2026-09-10,SZSE,159053,稀有金属ETF华夏,16469.81
2026-09-10,SZSE,159055,稀有金属ETF富国,12429.39
2026-09-10,SZSE,159056,医疗器械ETF富国,5893.43
2026-09-10,SZSE,159057,医疗器械ETF鹏华,2671.53
2026-09-10,SZSE,159058,证券ETF大成,7733.12
2026-09-10,SZSE,159059,电力ETF大成,5283.00
2026-09-10,SZSE,159060,粮食ETF浦银,1948.34
2026-09-10,SZSE,159061,绿色电力ETF南方,20964.02
2026-09-10,SZSE,159062,稀有金属ETF南方,11920.12
2026-09-10,SZSE,159063,粮食ETF南方,5898.66
2026-09-10,SZSE,159065,工程机械ETF景顺,10735.08
2026-09-10,SZSE,159066,A股ETF建信,20473.30
2026-09-10,SZSE,159067,绿色电力ETF鹏华,1690.87
2026-09-10,SZSE,159068,软件ETF华夏,5933.65
2026-09-10,SZSE,159069,创业板新能源ETF华泰柏瑞,4077.04
2026-09-10,SZSE,159070,工程机械ETF嘉实,10136.68
2026-09-10,SZSE,159071,新能源电池ETF华宝,12191.17
2026-09-10,SZSE,159072,粮食ETF景顺,5028.51
2026-09-10,SZSE,159073,粮食ETF汇添富,7017.38
2026-09-10,SZSE,159075,工业互联网ETF华夏,17519.71
2026-09-10,SZSE,159076,创业板新能源ETF华宝,24637.30
2026-09-10,SZSE,159077,电池ETF鑫元,3224.25
2026-09-10,SZSE,159078,A股ETF富国,16726.24
2026-09-10,SZSE,159079,价值ETF兴全,7280.68
2026-09-10,SZSE,159082,化工ETF华夏,7353.12
2026-09-10,SZSE,159083,红利低波100ETF嘉实,13137.04
2026-09-10,SZSE,159085,价值ETF永赢,2653.54
2026-09-10,SZSE,159086,金融科技ETF广发,2939.98
2026-09-10,SZSE,159087,化工ETF万家,2999.21
2026-09-10,SZSE,159091,港股通金融ETF易方达,2437.41
2026-09-10,SZSE,159093,化工ETF汇添富,2768.14
2026-09-10,SZSE,159095,云计算ETF银华,21746.81
2026-09-10,SZSE,159096,价值ETF华夏,14563.13
2026-09-10,SZSE,159098,价值ETF招商,8689.15
2026-09-10,SZSE,159099,云计算ETF华宝,10361.05
2026-09-10,SZSE,159100,巴西ETF华夏,47054.69
2026-09-10,SZSE,159101,港股通科技ETF华夏,287431.14
2026-09-10,SZSE,159102,港股通生物科技ETF华安,64662.20
2026-09-10,SZSE,159103,金融科技ETF汇添富,31240.67
2026-09-10,SZSE,159105,恒生生物科技ETF易方达,18027.29
2026-09-10,SZSE,159106,民企300ETF前海开源,3957.94
2026-09-10,SZSE,159107,创业板软件ETF富国,75982.30
2026-09-10,SZSE,159108,工业软件ETF博时,11773.85
2026-09-10,SZSE,159109,恒生50ETF景顺,56116.38
2026-09-10,SZSE,159110,科创债ETF万家,2282.70
2026-09-10,SZSE,159111,科创债ETF天弘,14427.66
2026-09-10,SZSE,159112,科创债ETF银华,23093.78
2026-09-10,SZSE,159113,科创债ETF大成,9602.62
2026-09-10,SZSE,159115,科创债ETF华安,5280.34
2026-09-10,SZSE,159116,科创债ETF工银,11780.27
2026-09-10,SZSE,159117,港股通红利低波ETF鹏华,6140.11
2026-09-10,SZSE,159118,港股通红利低波ETF华夏,6967.70
2026-09-10,SZSE,159119,800现金流ETF招商,14605.42
2026-09-10,SZSE,159120,港股通科技ETF国联安,17002.44
2026-09-10,SZSE,159121,港股通汽车ETF易方达,15248.11
2026-09-10,SZSE,159122,创业板新能源ETF富国,6916.09
2026-09-10,SZSE,159123,光伏ETF嘉实,39404.70
2026-09-10,SZSE,159125,港股通科技ETF招商,84024.58
2026-09-10,SZSE,159126,港股通50ETF南方,22761.65
2026-09-10,SZSE,159127,港股通红利ETF南方,15134.42
2026-09-10,SZSE,159128,港股科技ETF天弘,189176.08
2026-09-10,SZSE,159129,化工ETF嘉实,113640.65
2026-09-10,SZSE,159130,恒生生物科技ETF鹏华,19938.94
2026-09-10,SZSE,159131,港股通信息技术ETF华宝,213491.99
2026-09-10,SZSE,159132,恒生生物科技ETF富国,12196.35
2026-09-10,SZSE,159133,化工ETF天弘,155541.33
2026-09-10,SZSE,159135,港股通科技ETF前海开源,61846.63
2026-09-10,SZSE,159136,A50ETF广发,10941.40
2026-09-10,SZSE,159137,港股通医疗ETF华宝,16963.26
2026-09-10,SZSE,159138,工程机械ETF易方达,29176.79
2026-09-10,SZSE,159139,科创创业人工智能ETF华泰柏瑞,17010.92
2026-09-10,SZSE,159140,科创创业人工智能ETF易方达,48393.68
2026-09-10,SZSE,159141,科创创业人工智能ETF永赢,147906.07
2026-09-10,SZSE,159142,科创创业人工智能ETF景顺,115926.01
2026-09-10,SZSE,159143,港股通央企红利ETF平安,5155.44
2026-09-10,SZSE,159145,工业软件ETF广发,6958.18
2026-09-10,SZSE,159146,电力ETF华宝,69044.08
2026-09-10,SZSE,159147,电池ETF南方,225390.95
2026-09-10,SZSE,159148,石油ETF富国,24246.66
2026-09-10,SZSE,159149,创业板新能源ETF工银,5751.52
2026-09-10,SZSE,159150,深证50ETF易方达,9799.76
2026-09-10,SZSE,159151,食品ETF华夏,18105.10
2026-09-10,SZSE,159152,港股通科技ETF平安,81755.60
2026-09-10,SZSE,159153,消费电子ETF鹏华,9722.59
2026-09-10,SZSE,159155,电池ETF大成,73451.32
2026-09-10,SZSE,159156,电池ETF万家,22846.12
2026-09-10,SZSE,159157,有色金属ETF天弘,802175.87
2026-09-10,SZSE,159158,电力ETF景顺,87853.53
2026-09-10,SZSE,159159,公用事业ETF国投瑞银,11581.85
2026-09-10,SZSE,159160,电池ETF东财,26381.92
2026-09-10,SZSE,159161,工程机械ETF东财,6733.12
2026-09-10,SZSE,159162,工业有色ETF鹏华,41693.98
2026-09-10,SZSE,159163,有色ETF泰康,26380.70
2026-09-10,SZSE,159165,养殖ETF永赢,10257.12
2026-09-10,SZSE,159166,现金流ETF长城,55381.60
2026-09-10,SZSE,159167,港股通医疗ETF工银,15854.91
2026-09-10,SZSE,159168,有色ETF富国,52345.50
2026-09-10,SZSE,159169,恒生生物科技ETF广发,13087.44
2026-09-10,SZSE,159170,港股通互联网ETF永赢,38963.83
2026-09-10,SZSE,159171,工业有色ETF博时,21653.29
2026-09-10,SZSE,159172,养殖ETF汇添富,37582.92
2026-09-10,SZSE,159173,农牧ETF南方,4745.53
2026-09-10,SZSE,159175,电池ETF易方达,50227.03
2026-09-10,SZSE,159176,家电ETF华宝,2130.33
2026-09-10,SZSE,159177,工程机械ETF鹏华,4561.92
2026-09-10,SZSE,159178,消费电子ETF汇添富,9843.29
2026-09-10,SZSE,159179,港股通互联网ETF工银,10290.35
2026-09-10,SZSE,159180,软件ETF银华,3215.59
2026-09-10,SZSE,159181,石油ETF易方达,13040.53
2026-09-10,SZSE,159182,家电ETF南方,3648.56
2026-09-10,SZSE,159183,新能源车ETF招商,5038.77
2026-09-10,SZSE,159185,港股通信息技术ETF鹏华,19409.90
2026-09-10,SZSE,159186,港股通汽车ETF鹏华,8886.92
2026-09-10,SZSE,159187,创业板新能源ETF景顺,6717.62
2026-09-10,SZSE,159188,红利100ETF景顺,6660.18
2026-09-10,SZSE,159189,石油ETF华夏,10708.31
2026-09-10,SZSE,159190,创业板新能源ETF天弘,8006.92
2026-09-10,SZSE,159191,港股通科技ETF易方达,6910.48
2026-09-10,SZSE,159192,家电ETF汇添富,1798.70
2026-09-10,SZSE,159193,新能源电池ETF银华,24108.03
2026-09-10,SZSE,159195,石油ETF华安,7349.01
2026-09-10,SZSE,159196,港股通信息技术ETF易方达,22153.03
2026-09-10,SZSE,159197,石油ETF招商,4038.82
2026-09-10,SZSE,159198,港股通信息技术ETF富国,8734.43
2026-09-10,SZSE,159199,石油ETF平安,6215.49
2026-09-10,SZSE,159200,科创债ETF富国,15330.26
2026-09-10,SZSE,159201,自由现金流ETF华夏,1356527.59
2026-09-10,SZSE,159202,恒生互联网ETF万家,123340.19
2026-09-10,SZSE,159203,大盘成长ETF博时,979.19
2026-09-10,SZSE,159205,创业板ETF东财,64105.60
2026-09-10,SZSE,159206,卫星ETF永赢,936695.33
2026-09-10,SZSE,159207,高股息ETF广发,224698.33
2026-09-10,SZSE,159208,航空航天ETF万家,31646.27
2026-09-10,SZSE,159209,红利质量ETF招商,227263.50
2026-09-10,SZSE,159210,港股通汽车ETF汇添富,4734.98
2026-09-10,SZSE,159211,深证100ETF富国,2168.32
2026-09-10,SZSE,159212,深100ETF南方,8720.43
2026-09-10,SZSE,159213,机器人ETF汇添富,47973.75
2026-09-10,SZSE,159215,A500ETF平安,95558.28
2026-09-10,SZSE,159216,深证100ETF大成,1404.82
2026-09-10,SZSE,159217,港股通创新药ETF工银,573415.75
2026-09-10,SZSE,159218,卫星ETF招商,200161.63
2026-09-10,SZSE,159219,深证100ETF融通,1038.80
2026-09-10,SZSE,159220,港股通红利低波ETF华宝,49356.95
2026-09-10,SZSE,159221,现金流ETF嘉实,107401.32
2026-09-10,SZSE,159222,自由现金流ETF易方达,174237.04
2026-09-10,SZSE,159223,现金流ETF永赢,17584.47
2026-09-10,SZSE,159225,现金流ETF银华,26374.48
2026-09-10,SZSE,159226,中证A500增强ETF国泰,8709.48
2026-09-10,SZSE,159227,航空航天ETF华夏,432791.11
2026-09-10,SZSE,159228,红利低波ETF长城,10321.26
2026-09-10,SZSE,159229,自由现金流ETF广发,13805.60
2026-09-10,SZSE,159230,通用航空ETF华夏,30030.42
2026-09-10,SZSE,159231,通用航空ETF华宝,32409.18
2026-09-10,SZSE,159232,自由现金流ETF南方,210094.85
2026-09-10,SZSE,159233,自由现金流ETF平安,62062.34
2026-09-10,SZSE,159235,中证现金流ETF大成,190772.95
2026-09-10,SZSE,159236,自由现金流ETF工银,3772.21
2026-09-10,SZSE,159237,港股汽车ETF工银,4233.42
2026-09-10,SZSE,159238,沪深300增强ETF景顺,5501.61
2026-09-10,SZSE,159239,港股通汽车ETF富国,10678.07
2026-09-10,SZSE,159240,A500增强ETF天弘,1761.97
2026-09-10,SZSE,159241,航空航天ETF天弘,127707.42
2026-09-10,SZSE,159242,创业板人工智能ETF大成,41227.85
2026-09-10,SZSE,159243,创业板人工智能ETF招商,14003.02
2026-09-10,SZSE,159245,港股通消费ETF富国,7211.32
2026-09-10,SZSE,159246,创业板人工智能ETF富国,317165.56
2026-09-10,SZSE,159247,创业板ETF汇添富,53398.49
2026-09-10,SZSE,159248,人工智能ETF万家,13409.56
2026-09-10,SZSE,159249,A500增强ETF工银,10819.19
2026-09-10,SZSE,159251,港股通科技ETF万家,24378.77
2026-09-10,SZSE,159253,银行ETF博时,49130.49
2026-09-10,SZSE,159255,通用航空ETF易方达,6833.88
2026-09-10,SZSE,159256,创业板软件ETF华夏,59318.37
2026-09-10,SZSE,159257,航空ETF汇添富,14641.69
2026-09-10,SZSE,159258,机器人ETF南方,132426.56
2026-09-10,SZSE,159259,成长ETF易方达,594369.64
2026-09-10,SZSE,159260,证券ETF博时,101921.35
2026-09-10,SZSE,159261,创业板新能源ETF鹏华,4981.49
2026-09-10,SZSE,159262,港股通科技ETF广发,552072.04
2026-09-10,SZSE,159263,价值ETF易方达,723710.51
2026-09-10,SZSE,159265,港股消费ETF鹏华,17795.08
2026-09-10,SZSE,159266,港股央企红利ETF永赢,33671.00
2026-09-10,SZSE,159267,航天ETF华安,247950.61
2026-09-10,SZSE,159268,港股通消费ETF汇添富,38905.50
2026-09-10,SZSE,159269,港股通科技ETF南方,150131.17
2026-09-10,SZSE,159270,创业板200ETF南方,9076.36
2026-09-10,SZSE,159271,恒生ETF鹏华,23538.67
2026-09-10,SZSE,159272,机器人ETF富国,376616.46
2026-09-10,SZSE,159273,云计算ETF汇添富,70777.75
2026-09-10,SZSE,159275,农牧渔ETF华宝,26930.29
2026-09-10,SZSE,159276,现金流ETF汇添富,55469.66
2026-09-10,SZSE,159277,港股通红利ETF富国,3355.70
2026-09-10,SZSE,159278,机器人ETF鹏华,200554.58
2026-09-10,SZSE,159279,创业板人工智能ETF华安,15238.75
2026-09-10,SZSE,159280,港股通互联网ETF汇添富,10771.71
2026-09-10,SZSE,159281,港股央企红利ETF天弘,23923.30
2026-09-10,SZSE,159283,通用航空ETF南方,29243.79
2026-09-10,SZSE,159285,港股通消费ETF华安,24748.66
2026-09-10,SZSE,159286,港股通创新药ETF鹏华,71678.54
2026-09-10,SZSE,159287,创业板综ETF博时,10956.87
2026-09-10,SZSE,159288,创业板综ETF银华,9217.49
2026-09-10,SZSE,159289,创业板综指ETF鹏华,3890.26
2026-09-10,SZSE,159290,创业板综指增强ETF东财,4510.03
2026-09-10,SZSE,159291,创业板综增强ETF招商,1745.73
2026-09-10,SZSE,159292,创业板综增强ETF华宝,17818.95
2026-09-10,SZSE,159293,创业板综增强ETF建信,2315.93
2026-09-10,SZSE,159295,创业综指ETF西部利得,8495.82
2026-09-10,SZSE,159296,A500红利低波ETF华宝,3904.29
2026-09-10,SZSE,159297,港股通创新药ETF南方,378041.86
2026-09-10,SZSE,159298,创业板50ETF大成,16128.10
2026-09-10,SZSE,159299,金融科技ETF易方达,66047.29
2026-09-10,SZSE,159300,沪深300ETF富国,35195.80
2026-09-10,SZSE,159301,公用事业ETF华夏,11795.83
2026-09-10,SZSE,159302,港股高股息ETF银华,4829.76
2026-09-10,SZSE,159303,恒生医疗ETF大成,7299.16
2026-09-10,SZSE,159305,储能电池ETF广发,120864.03
2026-09-10,SZSE,159306,汽车零部件ETF平安,2124.46
2026-09-10,SZSE,159307,红利低波100ETF博时,670090.35
2026-09-10,SZSE,159309,油气ETF汇添富,67637.17
2026-09-10,SZSE,159310,芯片ETF天弘,50598.10
2026-09-10,SZSE,159311,数字经济ETF易方达,3738.39
2026-09-10,SZSE,159312,恒指港股通ETF广发,3222.43
2026-09-10,SZSE,159315,黄金股ETF工银,18158.96
2026-09-10,SZSE,159316,港股通创新药ETF易方达,532033.61
2026-09-10,SZSE,159318,恒指港股通ETF银华,1360.16
2026-09-10,SZSE,159320,电网设备ETF广发,172723.55
2026-09-10,SZSE,159321,黄金股ETF华安,39690.03
2026-09-10,SZSE,159322,黄金股ETF平安,11541.16
2026-09-10,SZSE,159323,港股通汽车ETF华夏,9709.73
2026-09-10,SZSE,159325,半导体ETF南方,56446.05
2026-09-10,SZSE,159326,电网设备ETF华夏,1154326.55
2026-09-10,SZSE,159327,半导体设备ETF万家,284557.40
2026-09-10,SZSE,159328,家电ETF易方达,9355.67
2026-09-10,SZSE,159329,沙特ETF南方,115518.91
2026-09-10,SZSE,159330,沪深300ETF东财,42280.10
2026-09-10,SZSE,159331,红利港股ETF国泰,14569.41
2026-09-10,SZSE,159332,央企红利ETF富国,8502.14
2026-09-10,SZSE,159333,港股央企红利ETF万家,20095.28
2026-09-10,SZSE,159335,央企科创ETF融通,6408.36
2026-09-10,SZSE,159336,央企红利ETF融通,30790.50
2026-09-10,SZSE,159337,中证500ETF东财,27971.06
2026-09-11,SZSE,158000,港股通金融ETF鹏华,8492.58
2026-09-11,SZSE,158001,价值ETF嘉实,11839.26
2026-09-11,SZSE,158003,港股通医疗ETF嘉实,8065.43
2026-09-11,SZSE,158005,工程机械ETF博时,12106.13
2026-09-11,SZSE,158006,化工ETF博时,4304.60
2026-09-11,SZSE,158008,新能源电池ETF华夏,24941.31
2026-09-11,SZSE,158009,航空航天ETF南方,3137.38
2026-09-11,SZSE,158010,医疗ETF嘉实,25721.33
2026-09-11,SZSE,158011,创业板软件ETF国泰,5984.26
2026-09-11,SZSE,158012,云计算ETF南方,27782.55
2026-09-11,SZSE,158013,航空航天ETF易方达,6034.52
2026-09-11,SZSE,158017,化工ETF易方达,6959.45
2026-09-11,SZSE,158019,电池ETF永赢,27528.19
2026-09-11,SZSE,158023,红利低波ETF万家,35508.07
2026-09-11,SZSE,158027,工业互联网ETF易方达,20014.30
2026-09-11,SZSE,158028,稀有金属ETF招商,21368.77
2026-09-11,SZSE,159001,货币ETF易方达,3806.02
2026-09-11,SZSE,159003,招商快线ETF,206.49
2026-09-11,SZSE,159005,快钱ETF汇添富,142.90
2026-09-11,SZSE,159007,养殖ETF华泰柏瑞,18460.32
2026-09-11,SZSE,159008,证券ETF景顺,12578.45
2026-09-11,SZSE,159009,创业板新能源ETF易方达,15939.27
2026-09-11,SZSE,159010,港股通科技ETF博时,20459.76
2026-09-11,SZSE,159011,养殖ETF华安,2350.51
2026-09-11,SZSE,159012,科创创业50ETF鹏华,13788.11
2026-09-11,SZSE,159013,工业互联网ETF大成,4257.88
2026-09-11,SZSE,159015,恒生港股通科技ETF国联,11035.29
2026-09-11,SZSE,159016,证券ETF广发,35104.01
2026-09-11,SZSE,159017,石油ETF工银,15025.68
2026-09-11,SZSE,159018,石油ETF广发,2790.42
2026-09-11,SZSE,159019,石油ETF华宝,4432.77
2026-09-11,SZSE,159020,养殖ETF易方达,11256.70
2026-09-11,SZSE,159021,大盘价值ETF华夏,6890.77
2026-09-11,SZSE,159022,科创创业人工智能ETF富国,17463.09
2026-09-11,SZSE,159023,养殖ETF万家,3677.79
2026-09-11,SZSE,159026,石油ETF南方,4351.34
2026-09-11,SZSE,159027,畜牧养殖ETF大成,10747.22
2026-09-11,SZSE,159028,港股汽车ETF天弘,13344.90
2026-09-11,SZSE,159029,有色ETF广发,30412.77
2026-09-11,SZSE,159030,粮食ETF华夏,43996.81
2026-09-11,SZSE,159031,粮食ETF博时,55202.86
2026-09-11,SZSE,159032,工业有色ETF易方达,26684.50
2026-09-11,SZSE,159033,粮食ETF国泰,11332.34
2026-09-11,SZSE,159035,软件ETF天弘,63785.97
2026-09-11,SZSE,159036,软件开发ETF华宝,28474.01
2026-09-11,SZSE,159037,价值ETF鹏华,6024.98
2026-09-11,SZSE,159038,粮食ETF易方达,16402.69
2026-09-11,SZSE,159039,机器人ETF华安,112846.14
2026-09-11,SZSE,159040,港股通互联网ETF鹏华,3248.10
2026-09-11,SZSE,159041,农业ETF鹏华,3947.18
2026-09-11,SZSE,159042,价值ETF汇添富,8580.11
2026-09-11,SZSE,159043,食品ETF华安,6277.06
2026-09-11,SZSE,159045,稀有金属ETF大成,17533.02
2026-09-11,SZSE,159046,绿电ETF天弘,63447.68
2026-09-11,SZSE,159048,机器人ETF大成,19480.38
2026-09-11,SZSE,159049,有色ETF工银,3607.33
2026-09-11,SZSE,159050,机器人ETF广发,65770.36
2026-09-11,SZSE,159051,医疗器械ETF易方达,8411.78
2026-09-11,SZSE,159052,新能源电池ETF嘉实,20192.60
2026-09-11,SZSE,159053,稀有金属ETF华夏,16769.81
2026-09-11,SZSE,159055,稀有金属ETF富国,12829.39
2026-09-11,SZSE,159056,医疗器械ETF富国,5893.43
2026-09-11,SZSE,159057,医疗器械ETF鹏华,2671.53
2026-09-11,SZSE,159058,证券ETF大成,7833.12
2026-09-11,SZSE,159059,电力ETF大成,5183.00
2026-09-11,SZSE,159060,粮食ETF浦银,1948.34
2026-09-11,SZSE,159061,绿色电力ETF南方,20924.02
2026-09-11,SZSE,159062,稀有金属ETF南方,11970.12
2026-09-11,SZSE,159063,粮食ETF南方,6048.66
2026-09-11,SZSE,159065,工程机械ETF景顺,10735.08
2026-09-11,SZSE,159066,A股ETF建信,20473.30
2026-09-11,SZSE,159067,绿色电力ETF鹏华,1690.87
2026-09-11,SZSE,159068,软件ETF华夏,6033.65
2026-09-11,SZSE,159069,创业板新能源ETF华泰柏瑞,4077.04
2026-09-11,SZSE,159070,工程机械ETF嘉实,10136.68
2026-09-11,SZSE,159071,新能源电池ETF华宝,12291.17
2026-09-11,SZSE,159072,粮食ETF景顺,5128.51
2026-09-11,SZSE,159073,粮食ETF汇添富,6817.38
2026-09-11,SZSE,159075,工业互联网ETF华夏,17419.71
2026-09-11,SZSE,159076,创业板新能源ETF华宝,24637.30
2026-09-11,SZSE,159077,电池ETF鑫元,3324.25
2026-09-11,SZSE,159078,A股ETF富国,16726.24
2026-09-11,SZSE,159079,价值ETF兴全,7180.68
2026-09-11,SZSE,159082,化工ETF华夏,7553.12
2026-09-11,SZSE,159083,红利低波100ETF嘉实,13137.04
2026-09-11,SZSE,159085,价值ETF永赢,2653.54
2026-09-11,SZSE,159086,金融科技ETF广发,2939.98
2026-09-11,SZSE,159087,化工ETF万家,2999.21
2026-09-11,SZSE,159091,港股通金融ETF易方达,2437.41
2026-09-11,SZSE,159093,化工ETF汇添富,2768.14
2026-09-11,SZSE,159095,云计算ETF银华,21746.81
2026-09-11,SZSE,159096,价值ETF华夏,14163.13
2026-09-11,SZSE,159098,价值ETF招商,8589.15
2026-09-11,SZSE,159099,云计算ETF华宝,10461.05
2026-09-11,SZSE,159100,巴西ETF华夏,47254.69
2026-09-11,SZSE,159101,港股通科技ETF华夏,287431.14
2026-09-11,SZSE,159102,港股通生物科技ETF华安,64462.20
2026-09-11,SZSE,159103,金融科技ETF汇添富,32340.67
2026-09-11,SZSE,159105,恒生生物科技ETF易方达,18027.29
2026-09-11,SZSE,159106,民企300ETF前海开源,4157.94
2026-09-11,SZSE,159107,创业板软件ETF富国,76982.30
2026-09-11,SZSE,159108,工业软件ETF博时,11773.85
2026-09-11,SZSE,159109,恒生50ETF景顺,56116.38
2026-09-11,SZSE,159110,科创债ETF万家,2282.70
2026-09-11,SZSE,159111,科创债ETF天弘,14427.66
2026-09-11,SZSE,159112,科创债ETF银华,23238.78
2026-09-11,SZSE,159113,科创债ETF大成,9602.62
2026-09-11,SZSE,159115,科创债ETF华安,5280.34
2026-09-11,SZSE,159116,科创债ETF工银,11780.27
2026-09-11,SZSE,159117,港股通红利低波ETF鹏华,6140.11
2026-09-11,SZSE,159118,港股通红利低波ETF华夏,6867.70
2026-09-11,SZSE,159119,800现金流ETF招商,14805.42
2026-09-11,SZSE,159120,港股通科技ETF国联安,19902.44
2026-09-11,SZSE,159121,港股通汽车ETF易方达,15248.11
2026-09-11,SZSE,159122,创业板新能源ETF富国,6916.09
2026-09-11,SZSE,159123,光伏ETF嘉实,39404.70
2026-09-11,SZSE,159125,港股通科技ETF招商,84024.58
2026-09-11,SZSE,159126,港股通50ETF南方,22761.65
2026-09-11,SZSE,159127,港股通红利ETF南方,15134.42
2026-09-11,SZSE,159128,港股科技ETF天弘,189376.08
2026-09-11,SZSE,159129,化工ETF嘉实,113340.65
2026-09-11,SZSE,159130,恒生生物科技ETF鹏华,19838.94
2026-09-11,SZSE,159131,港股通信息技术ETF华宝,213391.99
2026-09-11,SZSE,159132,恒生生物科技ETF富国,12196.35
2026-09-11,SZSE,159133,化工ETF天弘,155691.33
2026-09-11,SZSE,159135,港股通科技ETF前海开源,61846.63
2026-09-11,SZSE,159136,A50ETF广发,10941.40
2026-09-11,SZSE,159137,港股通医疗ETF华宝,16963.26
2026-09-11,SZSE,159138,工程机械ETF易方达,29226.79
2026-09-11,SZSE,159139,科创创业人工智能ETF华泰柏瑞,17010.92
2026-09-11,SZSE,159140,科创创业人工智能ETF易方达,48793.68
2026-09-11,SZSE,159141,科创创业人工智能ETF永赢,148706.07
2026-09-11,SZSE,159142,科创创业人工智能ETF景顺,117126.01
2026-09-11,SZSE,159143,港股通央企红利ETF平安,5055.44
2026-09-11,SZSE,159145,工业软件ETF广发,7258.18
2026-09-11,SZSE,159146,电力ETF华宝,68944.08
2026-09-11,SZSE,159147,电池ETF南方,225540.95
2026-09-11,SZSE,159148,石油ETF富国,23446.66
2026-09-11,SZSE,159149,创业板新能源ETF工银,5851.52
2026-09-11,SZSE,159150,深证50ETF易方达,9699.76
2026-09-11,SZSE,159151,食品ETF华夏,18225.10
2026-09-11,SZSE,159152,港股通科技ETF平安,81855.60
2026-09-11,SZSE,159153,消费电子ETF鹏华,9572.59
2026-09-11,SZSE,159155,电池ETF大成,73751.32
2026-09-11,SZSE,159156,电池ETF万家,22946.12
2026-09-11,SZSE,159157,有色金属ETF天弘,806575.87
2026-09-11,SZSE,159158,电力ETF景顺,87703.53
2026-09-11,SZSE,159159,公用事业ETF国投瑞银,11581.85
2026-09-11,SZSE,159160,电池ETF东财,27381.92
2026-09-11,SZSE,159161,工程机械ETF东财,6733.12
2026-09-11,SZSE,159162,工业有色ETF鹏华,42393.98
2026-09-11,SZSE,159163,有色ETF泰康,26780.70
2026-09-11,SZSE,159165,养殖ETF永赢,10257.12
2026-09-11,SZSE,159166,现金流ETF长城,55281.60
2026-09-11,SZSE,159167,港股通医疗ETF工银,15654.91
2026-09-11,SZSE,159168,有色ETF富国,51845.50
2026-09-11,SZSE,159169,恒生生物科技ETF广发,13087.44
2026-09-11,SZSE,159170,港股通互联网ETF永赢,38963.83
2026-09-11,SZSE,159171,工业有色ETF博时,21853.29
2026-09-11,SZSE,159172,养殖ETF汇添富,37882.92
2026-09-11,SZSE,159173,农牧ETF南方,4745.53
2026-09-11,SZSE,159175,电池ETF易方达,50927.03
2026-09-11,SZSE,159176,家电ETF华宝,2130.33
2026-09-11,SZSE,159177,工程机械ETF鹏华,4561.92
2026-09-11,SZSE,159178,消费电子ETF汇添富,9843.29
2026-09-11,SZSE,159179,港股通互联网ETF工银,10290.35
2026-09-11,SZSE,159180,软件ETF银华,3415.59
2026-09-11,SZSE,159181,石油ETF易方达,12940.53
2026-09-11,SZSE,159182,家电ETF南方,3648.56
2026-09-11,SZSE,159183,新能源车ETF招商,5038.77
2026-09-11,SZSE,159185,港股通信息技术ETF鹏华,19409.90
2026-09-11,SZSE,159186,港股通汽车ETF鹏华,8886.92
2026-09-11,SZSE,159187,创业板新能源ETF景顺,6717.62
2026-09-11,SZSE,159188,红利100ETF景顺,6560.18
2026-09-11,SZSE,159189,石油ETF华夏,10708.31
2026-09-11,SZSE,159190,创业板新能源ETF天弘,7806.92
2026-09-11,SZSE,159191,港股通科技ETF易方达,6910.48
2026-09-11,SZSE,159192,家电ETF汇添富,1798.70
2026-09-11,SZSE,159193,新能源电池ETF银华,25108.03
2026-09-11,SZSE,159195,石油ETF华安,7349.01
2026-09-11,SZSE,159196,港股通信息技术ETF易方达,22153.03
2026-09-11,SZSE,159197,石油ETF招商,4038.82
2026-09-11,SZSE,159198,港股通信息技术ETF富国,8834.43
2026-09-11,SZSE,159199,石油ETF平安,6215.49
2026-09-11,SZSE,159200,科创债ETF富国,15330.26
2026-09-11,SZSE,159201,自由现金流ETF华夏,1359627.59
2026-09-11,SZSE,159202,恒生互联网ETF万家,123340.19
2026-09-11,SZSE,159203,大盘成长ETF博时,979.19
2026-09-11,SZSE,159205,创业板ETF东财,65305.60
2026-09-11,SZSE,159206,卫星ETF永赢,933295.33
2026-09-11,SZSE,159207,高股息ETF广发,226298.33
2026-09-11,SZSE,159208,航空航天ETF万家,31446.27
2026-09-11,SZSE,159209,红利质量ETF招商,230163.50
2026-09-11,SZSE,159210,港股通汽车ETF汇添富,4894.98
2026-09-11,SZSE,159211,深证100ETF富国,2168.32
2026-09-11,SZSE,159212,深100ETF南方,9320.43
2026-09-11,SZSE,159213,机器人ETF汇添富,48423.75
2026-09-11,SZSE,159215,A500ETF平安,95858.28
2026-09-11,SZSE,159216,深证100ETF大成,1254.82
2026-09-11,SZSE,159217,港股通创新药ETF工银,571715.75
2026-09-11,SZSE,159218,卫星ETF招商,199361.63
2026-09-11,SZSE,159219,深证100ETF融通,1038.80
2026-09-11,SZSE,159220,港股通红利低波ETF华宝,48156.95
2026-09-11,SZSE,159221,现金流ETF嘉实,107001.32
2026-09-11,SZSE,159222,自由现金流ETF易方达,173637.04
2026-09-11,SZSE,159223,现金流ETF永赢,17584.47
2026-09-11,SZSE,159225,现金流ETF银华,26374.48
2026-09-11,SZSE,159226,中证A500增强ETF国泰,8709.48
2026-09-11,SZSE,159227,航空航天ETF华夏,435091.11
2026-09-11,SZSE,159228,红利低波ETF长城,10321.26
2026-09-11,SZSE,159229,自由现金流ETF广发,13805.60
2026-09-11,SZSE,159230,通用航空ETF华夏,29930.42
2026-09-11,SZSE,159231,通用航空ETF华宝,32409.18
2026-09-11,SZSE,159232,自由现金流ETF南方,206894.85
2026-09-11,SZSE,159233,自由现金流ETF平安,62262.34
2026-09-11,SZSE,159235,中证现金流ETF大成,190672.95
2026-09-11,SZSE,159236,自由现金流ETF工银,3772.21
2026-09-11,SZSE,159237,港股汽车ETF工银,4233.42
2026-09-11,SZSE,159238,沪深300增强ETF景顺,5601.61
2026-09-11,SZSE,159239,港股通汽车ETF富国,10878.07
2026-09-11,SZSE,159240,A500增强ETF天弘,1761.97
2026-09-11,SZSE,159241,航空航天ETF天弘,127407.42
2026-09-11,SZSE,159242,创业板人工智能ETF大成,41327.85
2026-09-11,SZSE,159243,创业板人工智能ETF招商,13803.02
2026-09-11,SZSE,159245,港股通消费ETF富国,7211.32
2026-09-11,SZSE,159246,创业板人工智能ETF富国,318765.56
2026-09-11,SZSE,159247,创业板ETF汇添富,55598.49
2026-09-11,SZSE,159248,人工智能ETF万家,13509.56
2026-09-11,SZSE,159249,A500增强ETF工银,11119.19
2026-09-11,SZSE,159251,港股通科技ETF万家,24378.77
2026-09-11,SZSE,159253,银行ETF博时,48980.49
2026-09-11,SZSE,159255,通用航空ETF易方达,6733.88
2026-09-11,SZSE,159256,创业板软件ETF华夏,59818.37
2026-09-11,SZSE,159257,航空ETF汇添富,14641.69
2026-09-11,SZSE,159258,机器人ETF南方,132876.56
2026-09-11,SZSE,159259,成长ETF易方达,612969.64
2026-09-11,SZSE,159260,证券ETF博时,102871.35
2026-09-11,SZSE,159261,创业板新能源ETF鹏华,4981.49
2026-09-11,SZSE,159262,港股通科技ETF广发,554622.04
2026-09-11,SZSE,159263,价值ETF易方达,726610.51
2026-09-11,SZSE,159265,港股消费ETF鹏华,17795.08
2026-09-11,SZSE,159266,港股央企红利ETF永赢,33671.00
2026-09-11,SZSE,159267,航天ETF华安,248350.61
2026-09-11,SZSE,159268,港股通消费ETF汇添富,38905.50
2026-09-11,SZSE,159269,港股通科技ETF南方,150131.17
2026-09-11,SZSE,159270,创业板200ETF南方,9076.36
2026-09-11,SZSE,159271,恒生ETF鹏华,23538.67
2026-09-11,SZSE,159272,机器人ETF富国,380816.46
2026-09-11,SZSE,159273,云计算ETF汇添富,70777.75
2026-09-11,SZSE,159275,农牧渔ETF华宝,26830.29
2026-09-11,SZSE,159276,现金流ETF汇添富,55469.66
2026-09-11,SZSE,159277,港股通红利ETF富国,3255.70
2026-09-11,SZSE,159278,机器人ETF鹏华,204154.58
2026-09-11,SZSE,159279,创业板人工智能ETF华安,15038.75
2026-09-11,SZSE,159280,港股通互联网ETF汇添富,10771.71
2026-09-11,SZSE,159281,港股央企红利ETF天弘,23923.30
2026-09-11,SZSE,159283,通用航空ETF南方,28943.79
2026-09-11,SZSE,159285,港股通消费ETF华安,24748.66
2026-09-11,SZSE,159286,港股通创新药ETF鹏华,71678.54
2026-09-11,SZSE,159287,创业板综ETF博时,10956.87
2026-09-11,SZSE,159288,创业板综ETF银华,9217.49
2026-09-11,SZSE,159289,创业板综指ETF鹏华,3890.26
2026-09-11,SZSE,159290,创业板综指增强ETF东财,4510.03
2026-09-11,SZSE,159291,创业板综增强ETF招商,1745.73
2026-09-11,SZSE,159292,创业板综增强ETF华宝,17818.95
2026-09-11,SZSE,159293,创业板综增强ETF建信,2315.93
2026-09-11,SZSE,159295,创业综指ETF西部利得,8495.82
2026-09-11,SZSE,159296,A500红利低波ETF华宝,3804.29
2026-09-11,SZSE,159297,港股通创新药ETF南方,377841.86
2026-09-11,SZSE,159298,创业板50ETF大成,16228.10
2026-09-11,SZSE,159299,金融科技ETF易方达,66347.29
2026-09-11,SZSE,159300,沪深300ETF富国,35015.80
2026-09-11,SZSE,159301,公用事业ETF华夏,11795.83
2026-09-11,SZSE,159302,港股高股息ETF银华,4829.76
2026-09-11,SZSE,159303,恒生医疗ETF大成,7299.16
2026-09-11,SZSE,159305,储能电池ETF广发,121764.03
2026-09-11,SZSE,159306,汽车零部件ETF平安,2124.46
2026-09-11,SZSE,159307,红利低波100ETF博时,670090.35
2026-09-11,SZSE,159309,油气ETF汇添富,62637.17
2026-09-11,SZSE,159310,芯片ETF天弘,50698.10
2026-09-11,SZSE,159311,数字经济ETF易方达,3738.39
2026-09-11,SZSE,159312,恒指港股通ETF广发,3222.43
2026-09-11,SZSE,159315,黄金股ETF工银,18208.96
2026-09-11,SZSE,159316,港股通创新药ETF易方达,532033.61
2026-09-11,SZSE,159318,恒指港股通ETF银华,1360.16
2026-09-11,SZSE,159320,电网设备ETF广发,172723.55
2026-09-11,SZSE,159321,黄金股ETF华安,40490.03
2026-09-11,SZSE,159322,黄金股ETF平安,11641.16
2026-09-11,SZSE,159323,港股通汽车ETF华夏,10409.73
2026-09-11,SZSE,159325,半导体ETF南方,113292.10
2026-09-11,SZSE,159326,电网设备ETF华夏,1151626.55
2026-09-11,SZSE,159327,半导体设备ETF万家,287257.40
2026-09-11,SZSE,159328,家电ETF易方达,9355.67
2026-09-11,SZSE,159329,沙特ETF南方,115518.91
2026-09-11,SZSE,159330,沪深300ETF东财,43180.10
2026-09-11,SZSE,159331,红利港股ETF国泰,14569.41
2026-09-11,SZSE,159332,央企红利ETF富国,8502.14
2026-09-11,SZSE,159333,港股央企红利ETF万家,19895.28
2026-09-11,SZSE,159335,央企科创ETF融通,6408.36
2026-09-11,SZSE,159336,央企红利ETF融通,31190.50
2026-09-11,SSE,510010,治理ETF,13052.44
2026-09-11,SSE,510020,超大ETF,3584.8
2026-09-11,SSE,510030,价值ETF,13972.98
2026-09-11,SSE,510040,上证180E,2648
2026-09-11,SSE,510050,50ETF,703146.68
2026-09-11,SSE,510060,央企ETF,3495.92
2026-09-11,SSE,510090,ESG建信,2508.11
2026-09-11,SSE,510100,SZ50ETF,96440.68
2026-09-11,SSE,510130,中盘ETF,3108.51
2026-09-11,SSE,510140,上证指,8623.05
2026-09-11,SSE,510150,消费ETF,283117.86
2026-09-11,SSE,510160,产业升级,18205.74
2026-09-11,SSE,510170,商品ETF,33491.48
2026-09-11,SSE,510180,180ETF,442255.77
2026-09-11,SSE,510190,上证50基,2365.08
2026-09-11,SSE,510200,上证券商,14788.55
2026-09-11,SSE,510210,综指ETF,1492719.26
2026-09-11,SSE,510230,金融ETF,66180.8
2026-09-11,SSE,510270,国企ETF,1683.21
2026-09-11,SSE,510290,380ETF,5444.89
2026-09-11,SSE,510300,300ETF,2339868.77
2026-09-11,SSE,510310,HS300ETF,1134784.4
2026-09-11,SSE,510320,300中金,63706.85
2026-09-11,SSE,510330,华夏300,834054.98
2026-09-11,SSE,510350,工银300,67601.47
2026-09-11,SSE,510360,广发300,182638.12
2026-09-11,SSE,510370,兴业300,8725.81
2026-09-11,SSE,510380,国寿300,146180.24
2026-09-11,SSE,510390,平安300,13655
2026-09-11,SSE,510410,资源ETF,44225.84
2026-09-11,SSE,510500,500ETF,523216.86
2026-09-11,SSE,510510,广发500,86703.83
2026-09-11,SSE,510530,工银500,4697.94
2026-09-11,SSE,510550,方正500,2374.33
2026-09-11,SSE,510560,国寿500,5231.87
2026-09-11,SSE,510570,兴业500,5056.06
2026-09-11,SSE,510580,ZZ500ETF,113976.83
2026-09-11,SSE,510590,平安500,11398.61
2026-09-11,SSE,510600,沪50ETF,1361.51
2026-09-11,SSE,510630,消费30,54636.15
2026-09-11,SSE,510650,金融行业,1345.25
2026-09-11,SSE,510660,医药行业,5137.97
2026-09-11,SSE,510670,180指,17799.3
2026-09-11,SSE,510680,万家50,2022.47
2026-09-11,SSE,510710,上50ETF,10341.89
2026-09-11,SSE,510720,红利国泰,165876.6
2026-09-11,SSE,510760,上证ETF,312550.37
2026-09-11,SSE,510770,G60创新,2311.07
2026-09-11,SSE,510800,上证50,17757.6
2026-09-11,SSE,510810,上海国企,597969.37
2026-09-11,SSE,510850,工银上50,4969.89
2026-09-11,SSE,510880,红利ETF,560017.57
2026-09-11,SSE,510900,恒生中国,319702.19
2026-09-11,SSE,510910,上证指CS,19279.6
2026-09-11,SSE,510950,上证广发,11002.08
2026-09-11,SSE,510980,上证综合,69879.8
2026-09-11,SSE,510990,ESG180,4094.86
2026-09-11,SSE,511010,国债ETF,5403.63
2026-09-11,SSE,511020,活跃国债,3816.75
2026-09-11,SSE,511030,公司债,40339.07
2026-09-11,SSE,511060,5年地债,2134.63
2026-09-11,SSE,511070,沪公司债,30649.1
2026-09-11,SSE,511090,30年国债,29674.81
2026-09-11,SSE,511100,基准国债,11145.05
2026-09-11,SSE,511110,公司债易,35059.96
2026-09-11,SSE,511120,科创债基,12458.06
2026-09-11,SSE,511130,国债30年,20284.97
2026-09-11,SSE,511150,科债永赢,11273.09
2026-09-11,SSE,511160,国债东财,2151.09
2026-09-11,SSE,511180,上证转债,98355.97
2026-09-11,SSE,511190,信用债,16162.43
2026-09-11,SSE,511200,信用债基,26892.75
2026-09-11,SSE,511220,城投ETF,531738.14
2026-09-11,SSE,511260,十年国债,17111.65
2026-09-11,SSE,511270,10年地债,9046.75
2026-09-11,SSE,511360,短融ETF,79444.46
2026-09-11,SSE,511380,转债ETF,473618.67
2026-09-11,SSE,511520,政金债,39877.65
2026-09-11,SSE,511580,国债政金,7272.28
2026-09-11,SSE,512000,券商ETF,7304523.54
2026-09-11,SSE,512010,医药ETF,4021869.49
2026-09-11,SSE,512020,A500,110601.27
2026-09-11,SSE,512030,A50增,4324
2026-09-11,SSE,512040,国信价值,461771.59
2026-09-11,SSE,512050,A500E,1619599.22
2026-09-11,SSE,512060,A100指基,1092.8
2026-09-11,SSE,512070,证券保险,1669947.97
2026-09-11,SSE,512080,A500中金,78518.61
2026-09-11,SSE,512090,MSCI易基,32359.23
2026-09-11,SSE,512100,1000ETF,608721.76
2026-09-11,SSE,512120,医药50,77524.19
2026-09-11,SSE,512130,现金全指,1389.5
2026-09-11,SSE,512140,电力事业,13404.9
2026-09-11,SSE,512150,A50ETF,1807.34
2026-09-11,SSE,512160,MSCI基金,12177.78
2026-09-11,SSE,512170,医疗ETF,7203082.05
2026-09-11,SSE,512180,建信MSCI,4804.8
2026-09-11,SSE,512190,之江凤凰,20851.84
2026-09-11,SSE,512200,地产ETF,322809.79
2026-09-11,SSE,512220,TMTETF,21446.76
2026-09-11,SSE,512240,A50龙头,2168.6
2026-09-11,SSE,512250,A50指数E,11960.01
2026-09-11,SSE,512260,500低波,2049.77
2026-09-11,SSE,512290,生物医药,321782.07
2026-09-11,SSE,512330,信息ETF,35518.8
2026-09-11,SSE,512360,MSCI国际,2733.77
2026-09-11,SSE,512370,A500增指,29631.3
2026-09-11,SSE,512380,MSCI中国,7580.56
2026-09-11,SSE,512390,MSCI低波,968.2
2026-09-11,SSE,512400,有色ETF,1457503.9
2026-09-11,SSE,512410,银行广发,4257.17
2026-09-11,SSE,512420,机械华安,7023.89
2026-09-11,SSE,512430,家电家居,3672
2026-09-11,SSE,512450,广发养殖,9886.7
2026-09-11,SSE,512460,电池主题,31682.3
2026-09-11,SSE,512480,半导体,2054600.72
2026-09-11,SSE,512500,中证500,175840.88
2026-09-11,SSE,512510,ETF500,43042.98
2026-09-11,SSE,512520,MSCIETF,4505.64
2026-09-11,SSE,512530,300红利,9350.2
2026-09-11,SSE,512550,A50基金,10990.6
2026-09-11,SSE,512560,中证军工,92612.7
2026-09-11,SSE,512570,中证证券,404280.61
2026-09-11,SSE,512580,环保ETF,53847.17
2026-09-11,SSE,512600,必选消费,168695.61
2026-09-11,SSE,512620,农业TH,135466.6
2026-09-11,SSE,512630,卫星基金,161042.6
2026-09-11,SSE,512640,金融地产,2074.09
2026-09-11,SSE,512650,长三角,3094.16
2026-09-11,SSE,512660,军工ETF,672808
2026-09-11,SSE,512670,国防ETF,202865.26
2026-09-11,SSE,512680,军工基金,308093.01
2026-09-11,SSE,512690,酒ETF,3212215.02
2026-09-11,SSE,512700,银行基金,68658.1
2026-09-11,SSE,512710,军工龙头,1109865.84
2026-09-11,SSE,512720,计算机,35445.34
2026-09-11,SSE,512730,银行FUND,5108.39
2026-09-11,SSE,512750,基本面50,4565.49
2026-09-11,SSE,512760,芯片ETF,1014544.55
2026-09-11,SSE,512770,战略新兴,9826.78
2026-09-11,SSE,512800,银行ETF,1143267.99
2026-09-11,SSE,512810,国防军工,95758.35
2026-09-11,SSE,512820,银行股基,40540.19
2026-09-11,SSE,512870,杭州湾区,2241.06
2026-09-11,SSE,512880,证券ETF,5668229.15
2026-09-11,SSE,512890,红利低波,2629711.08
2026-09-11,SSE,512900,证券基金,744690.6
2026-09-11,SSE,512910,100ETF,12962.88
2026-09-11,SSE,512930,AIETF,491252.13
2026-09-11,SSE,512940,有色矿业,215070.5
2026-09-11,SSE,512950,央企改革,404355.1
2026-09-11,SSE,512960,央调ETF,385425.73
2026-09-11,SSE,512970,湾区ETF,598.76
2026-09-11,SSE,512980,传媒ETF,511042.44
2026-09-11,SSE,512990,MSCIA股,9901.54
2026-09-11,SSE,513000,225ETF,104591.14
2026-09-11,SSE,513010,港股科技,4436330.7
2026-09-11,SSE,513020,科技HK,231414.54
2026-09-11,SSE,513030,德国ETF,102577.9
2026-09-11,SSE,513040,HK互联网,677734.13
2026-09-11,SSE,513050,中概互联,3467343.27
2026-09-11,SSE,513060,恒生医疗,852289.33
2026-09-11,SSE,513070,HK消费50,133376.08
2026-09-11,SSE,513080,法国ETF,66891.6
2026-09-11,SSE,513090,香港证券,972198.8
2026-09-11,SSE,513100,纳指ETF,947711.06
2026-09-11,SSE,513110,纳指100,220943.5
2026-09-11,SSE,513120,HK创新药,1831163.54
2026-09-11,SSE,513130,恒生科技,6027834.7
2026-09-11,SSE,513140,港股金融,7836.8
2026-09-11,SSE,513150,港科技50,10055.98
2026-09-11,SSE,513160,科技30,318218.93
2026-09-11,SSE,513170,恒生央企,15557.3
2026-09-11,SSE,513180,恒指科技,7146475.95
2026-09-11,SSE,513190,H股金融,99993.6
2026-09-11,SSE,513200,港股医药,86728.21
2026-09-11,SSE,513210,恒生E,3994.2
2026-09-11,SSE,513220,互联网30,52510.94
2026-09-11,SSE,513230,H股消费,32942.27
2026-09-11,SSE,513240,港信息,10449.6
2026-09-11,SSE,513260,恒科技,491924.3
2026-09-11,SSE,513280,恒生生物,35311.45
2026-09-11,SSE,513290,纳指生物,106257.21
2026-09-11,SSE,513300,纳斯达克,537817.1
2026-09-11,SSE,513310,中韩芯片,247542.7
2026-09-11,SSE,513320,HK新经济,9101.06
2026-09-11,SSE,513330,恒生互联,7375748
2026-09-11,SSE,513350,油气ETF,85174.6
2026-09-11,SSE,513360,教育ETF,61921.39
2026-09-11,SSE,513380,科技恒生,1817578.49
2026-09-11,SSE,513390,纳指基金,215237.91
2026-09-11,SSE,513400,道琼斯,290206.2
2026-09-11,SSE,513500,标普500,1027363.86
2026-09-11,SSE,513520,日经ETF,108138.72
2026-09-11,SSE,513530,港股红利,312493.87
2026-09-11,SSE,513550,港股通50,167399.2
2026-09-11,SSE,513560,香港科技,53138.6
2026-09-11,SSE,513580,HS科技,605411.8
2026-09-11,SSE,513590,香港消费,13051.89
2026-09-11,SSE,513600,恒指ETF,60882.95
2026-09-11,SSE,513620,港医疗指,5521.6
2026-09-11,SSE,513630,香港红利,749135.9
2026-09-11,SSE,513650,标普ETF,437973.4
2026-09-11,SSE,513660,恒生通,179000.02
2026-09-11,SSE,513690,恒生股息,314847.99
2026-09-11,SSE,513700,香港医药,77784.6
2026-09-11,SSE,513720,香港互联,25085.9
2026-09-11,SSE,513730,东南亚,78135.5
2026-09-11,SSE,513750,港股非银,795383.8
2026-09-11,SSE,513770,港股互联,1432313.79
2026-09-11,SSE,513780,港股新药,185915.7
2026-09-11,SSE,513800,东证ETF,103624.44
2026-09-11,SSE,513810,港股国企,4399.2
2026-09-11,SSE,513820,港股分红,173166.9
2026-09-11,SSE,513830,红利港股,5231.1
2026-09-11,SSE,513850,美国50,128689.26
2026-09-11,SSE,513860,HKC科技,259147.06
2026-09-11,SSE,513870,纳指指数,138467.1
2026-09-11,SSE,513880,日经225,132197
2026-09-11,SSE,513890,HK科技,89212.8
2026-09-11,SSE,513900,港股100,8997.8
2026-09-11,SSE,513910,红利央企,195327.6
2026-09-11,SSE,513920,央企40,257323.1
2026-09-11,SSE,513930,香港生科,9390.8
2026-09-11,SSE,513950,恒生红利,236611.9
2026-09-11,SSE,513970,恒生消费,140504.1
2026-09-11,SSE,513980,科技港股,1643320.4
2026-09-11,SSE,513990,港股通综,4300
2026-09-11,SSE,515000,科技ETF,322857.93
2026-09-11,SSE,515010,华夏证券,209577.16
2026-09-11,SSE,515020,银行指数,38334.53
2026-09-11,SSE,515030,新汽车,149338.4
2026-09-11,SSE,515040,工业金属,5531.96
2026-09-11,SSE,515050,5GETF,1773520.54
2026-09-11,SSE,515060,华夏地产,101947.81
2026-09-11,SSE,515070,AI智能,755494.04
2026-09-11,SSE,515080,中证红利,686114.89
2026-09-11,SSE,515090,可持续,880.17
2026-09-11,SSE,515100,红利100,354694.15
2026-09-11,SSE,515110,国企方达,21429.5
2026-09-11,SSE,515120,创新药,1793199.36
2026-09-11,SSE,515130,HS300E,9746.32
2026-09-11,SSE,515150,国企富国,39970.32
2026-09-11,SSE,515160,MSCI招商,24395.51
2026-09-11,SSE,515170,食品饮料,858925.79
2026-09-11,SSE,515180,100红利,1270263.7
2026-09-11,SSE,515190,BOCI500,29546.61
2026-09-11,SSE,515200,创新100,3894.32
2026-09-11,SSE,515210,钢铁ETF,95722.61
2026-09-11,SSE,515220,煤炭ETF,828967.69
2026-09-11,SSE,515230,软件ETF,809369.09
2026-09-11,SSE,515250,智能汽车,34094.45
2026-09-11,SSE,515260,电子ETF,87056.84
2026-09-11,SSE,515290,银行,246497.29
2026-09-11,SSE,515300,红利300,275467.52
2026-09-11,SSE,515310,添富300,32511.12
2026-09-11,SSE,515320,电子50,8930.9
2026-09-11,SSE,515330,天弘300,617070.95
2026-09-11,SSE,515350,民生300,1169.92
2026-09-11,SSE,515360,方正300,3727.93
2026-09-11,SSE,515370,中证光伏,97571.3
2026-09-11,SSE,515380,泰康300,66159.98
2026-09-11,SSE,515390,HS300,191868.3
2026-09-11,SSE,515400,大数据,175663.14
2026-09-11,SSE,515440,A股南方,15717.93
2026-09-11,SSE,515450,红利50,1432533.5
2026-09-11,SSE,515460,质量红利,27509.1
2026-09-11,SSE,515480,红利一百,2334.07
2026-09-11,SSE,515530,泰康500,1384.27
2026-09-11,SSE,515550,国联500,2034.57
2026-09-11,SSE,515560,证券E,19188.33
2026-09-11,SSE,515580,中证科技,30203.14
2026-09-11,SSE,515590,500ETFEW,3411.37
2026-09-11,SSE,515600,央企创新,103679.74
2026-09-11,SSE,515630,保险证券,94421.77
2026-09-11,SSE,515640,家电指数,1705
2026-09-11,SSE,515650,消费50,314118.4
2026-09-11,SSE,515660,沪深300E,43359.42
2026-09-11,SSE,515680,创新央企,109826.47
2026-09-11,SSE,515700,新能车,66051.02
2026-09-11,SSE,515710,食品ETF,233359.98
2026-09-11,SSE,515720,金科富国,44761.1
2026-09-11,SSE,515730,家居家电,4089.2
2026-09-11,SSE,515750,科技50,26714.05
2026-09-11,SSE,515760,浙江国资,9488.81
2026-09-11,SSE,515770,MSCIAETF,4272.73
2026-09-11,SSE,515790,光伏ETF,595749.4
2026-09-11,SSE,515800,800ETF,380443.72
2026-09-11,SSE,515810,ZZ800ETF,26990.88
2026-09-11,SSE,515840,食品南方,3042.64
2026-09-11,SSE,515850,证券龙头,65629.1
2026-09-11,SSE,515860,科技100,10187.89
2026-09-11,SSE,515880,通信ETF,6403577.4
2026-09-11,SSE,515890,红利博时,38044.39
2026-09-11,SSE,515900,央创ETF,222304.65
2026-09-11,SSE,515910,质量ETF,22450.7
2026-09-11,SSE,515920,智能消费,6290.57
2026-09-11,SSE,515950,医药龙头,53720.06
2026-09-11,SSE,515960,医药100,24099.19
2026-09-11,SSE,515970,华夏机械,51308.8
2026-09-11,SSE,515980,人工智能,633512.9
2026-09-11,SSE,515990,添富国企,5235.02
2026-09-11,SSE,516000,数据ETF,43885.5
2026-09-11,SSE,516010,游戏ETF,231269.3
2026-09-11,SSE,516020,化工ETF,351932.62
2026-09-11,SSE,516050,科技龙头,16022.8
2026-09-11,SSE,516060,新药ETF,30723.74
2026-09-11,SSE,516070,碳中和50,29764.6
2026-09-11,SSE,516080,创新医药,524955.48
2026-09-11,SSE,516090,新能源E,169684.48
2026-09-11,SSE,516100,科技金融,114375.97
2026-09-11,SSE,516110,汽车ETF,23962.31
2026-09-11,SSE,516120,化工50,491508.2
2026-09-11,SSE,516130,消费龙头,156789
2026-09-11,SSE,516150,稀土基金,377957.7
2026-09-11,SSE,516160,新能源,153414.2
2026-09-11,SSE,516180,光伏产业,15198.7
2026-09-11,SSE,516190,文娱ETF,11081.85
2026-09-11,SSE,516200,证券行业,45160.4
2026-09-11,SSE,516210,银行股,7033.1
2026-09-11,SSE,516220,化工龙头,25717
2026-09-11,SSE,516230,光伏招商,75092.1
2026-09-11,SSE,516250,富国机械,6087.8
2026-09-11,SSE,516260,物联网50,4588.26
2026-09-11,SSE,516270,新能源50,32990.9
2026-09-11,SSE,516290,光伏基金,74919.69
2026-09-11,SSE,516300,中证1000,3901.26
2026-09-11,SSE,516310,银行指基,154825.85
2026-09-11,SSE,516320,装备ETF,9058.93
2026-09-11,SSE,516330,物联网,727.13
2026-09-11,SSE,516350,芯片50,141641.53
2026-09-11,SSE,516360,新材料,5855.18
2026-09-11,SSE,516370,全指电力,27740.8
2026-09-11,SSE,516380,智能电车,8744.93
2026-09-11,SSE,516390,电动车,18876.1
2026-09-11,SSE,516440,南方机械,13062.66
2026-09-11,SSE,516460,现金流E,41969.3
2026-09-11,SSE,516500,生物ETF,21093.72
2026-09-11,SSE,516510,云计算,152089
2026-09-11,SSE,516520,智能驾驶,78576.55
2026-09-11,SSE,516530,物流快递,1730.23
2026-09-11,SSE,516550,农业ETF,26841.44
2026-09-11,SSE,516560,养老ETF,21475.8
2026-09-11,SSE,516570,石化ETF,113735.76
2026-09-11,SSE,516580,新能源BS,15012.41
2026-09-11,SSE,516590,电动汽车,5201.5
2026-09-11,SSE,516600,消服ETF,11033.21
2026-09-11,SSE,516610,医服ETF,23297.48
2026-09-11,SSE,516620,影视ETF,22326.75
2026-09-11,SSE,516630,云计算50,45515.6
2026-09-11,SSE,516640,芯片龙头,135448.28
2026-09-11,SSE,516650,有色50,528646.48
2026-09-11,SSE,516660,新能汽车,15668.9
2026-09-11,SSE,516670,畜牧养殖,327526.63
2026-09-11,SSE,516700,数据产业,17912.2
2026-09-11,SSE,516710,新材料50,7427.2
2026-09-11,SSE,516720,ESGETF,783.78
2026-09-11,SSE,516730,证券公司,22738.08
2026-09-11,SSE,516750,建材ETF,13916.73
2026-09-11,SSE,516760,养殖ETF,28121.51
2026-09-11,SSE,516770,游戏动漫,24004.8
2026-09-11,SSE,516780,稀土ETF,234109.97
2026-09-11,SSE,516790,保健ETF,18528.22
2026-09-11,SSE,516800,智能制造,18230.8
2026-09-11,SSE,516810,农业,54147.89
2026-09-11,SSE,516820,医疗创新,462341.52
2026-09-11,SSE,516830,300ESG,9217.69
2026-09-11,SSE,516840,汽车基金,13527.7
2026-09-11,SSE,516850,新能源80,14523.7
2026-09-11,SSE,516860,金融科技,116652.2
2026-09-11,SSE,516880,光伏50,92194.41
2026-09-11,SSE,516890,新材ETF,3531.14
2026-09-11,SSE,516900,食品50,28022.9
2026-09-11,SSE,516910,物流ETF,6514.18
2026-09-11,SSE,516920,芯片基金,49946.3
2026-09-11,SSE,516930,生科ETF,10913.96
2026-09-11,SSE,516950,基建ETF,10782.1
2026-09-11,SSE,516960,机械ETF,1605.11
2026-09-11,SSE,516970,基建50,115154.25
2026-09-11,SSE,516980,证券先锋,5401.6
2026-09-11,SSE,517000,沪港深,12279.3
2026-09-11,SSE,517010,HGS500E,7814.42
2026-09-11,SSE,517030,HGS300,8404.03
2026-09-11,SSE,517050,互联网50,34960.5
2026-09-11,SSE,517080,HGS500,16916.6
2026-09-11,SSE,517090,共赢ETF,8407.5
2026-09-11,SSE,517100,AH500ETF,14360.21
2026-09-11,SSE,517110,创新药HK,129309.85
2026-09-11,SSE,517120,创新药50,54096.64
2026-09-11,SSE,517130,云计算JS,18865.4
2026-09-11,SSE,517160,长江ETF,182677.75
2026-09-11,SSE,517170,沪港深E,1613.18
2026-09-11,SSE,517180,中国国企,8549.63
2026-09-11,SSE,517200,互联网,14478.2
2026-09-11,SSE,517230,云计算MW,15254.58
2026-09-11,SSE,517300,AH300ETF,100243.45
2026-09-11,SSE,517330,长江保护,180916.9
2026-09-11,SSE,517350,龙头科技,4754.2
2026-09-11,SSE,517360,AH科技,2508.3
2026-09-11,SSE,517380,创新药AH,291232.63
2026-09-11,SSE,517390,云计算AH,12911.26
2026-09-11,SSE,517400,黄金股票,99079.2
2026-09-11,SSE,517520,黄金股,646090.4
2026-09-11,SSE,517550,消费主题,8041.74
2026-09-11,SSE,517660,物联网AH,3988.07
2026-09-11,SSE,517770,游戏传媒,18994.78
2026-09-11,SSE,517800,AI50,21553.97
2026-09-11,SSE,517850,张江ETF,3818.52
2026-09-11,SSE,517880,品牌消费,4933.71
2026-09-11,SSE,517900,银行优选,39099.35
2026-09-11,SSE,517950,交银科技,4862.32
2026-09-11,SSE,517990,医药基金,4598.79
2026-09-11,SSE,518600,上海金,85501.63
2026-09-11,SSE,518660,工银黄金,97215.27
2026-09-11,SSE,518680,金ETF,85816.95
2026-09-11,SSE,518800,黄金基金,389347.92
2026-09-11,SSE,518850,黄金9999,192877.87
2026-09-11,SSE,518860,上海金E,46935.98
2026-09-11,SSE,518880,黄金ETF,1178964.08
2026-09-11,SSE,518890,中银黄金,37615.48
2026-09-11,SSE,520500,恒生新药,190080.5
2026-09-11,SSE,520510,港股医疗,36272.8
2026-09-11,SSE,520520,HK消费,5210.6
2026-09-11,SSE,520530,港科ETF,24977.6
2026-09-11,SSE,520550,红利恒生,115452.4
2026-09-11,SSE,520560,香港30,60741.9
2026-09-11,SSE,520570,科技恒指,357287.6
2026-09-11,SSE,520580,新兴亚洲,29298.39
2026-09-11,SSE,520590,恒科,21523.5
2026-09-11,SSE,520600,汽车港股,26536.8
2026-09-11,SSE,520610,港红利指,40796.3
2026-09-11,SSE,520620,港股消费,28440.9
2026-09-11,SSE,520630,互联港股,59411
2026-09-11,SSE,520650,互联网HK,248375.5
2026-09-11,SSE,520660,港红利CS,196948.55
2026-09-11,SSE,520670,港科基金,21992.81
2026-09-11,SSE,520680,港股通车,7336.9
2026-09-11,SSE,520690,恒生港药,63645.4
2026-09-11,SSE,520700,创新药WJ,46107.6
2026-09-11,SSE,520710,信息港股,9702.9
2026-09-11,SSE,520720,香港汽车,13594.2
2026-09-11,SSE,520730,汽车WJ,12039.44
2026-09-11,SSE,520740,互联香港,4501.26
2026-09-11,SSE,520750,HK信息,13338.4
2026-09-11,SSE,520760,港股生物,13046.6
2026-09-11,SSE,520770,港股恒指,21337.38
2026-09-11,SSE,520780,港股车50,3946
2026-09-11,SSE,520790,港互联网,62507.5
2026-09-11,SSE,520810,XD港高股,31836
2026-09-11,SSE,520820,恒指通,5868.2
2026-09-11,SSE,520830,沙特ETF,103261.9
2026-09-11,SSE,520840,港科技,115254.9
2026-09-11,SSE,520850,港医疗,14824.96
2026-09-11,SSE,520860,港股通科,34419.5
2026-09-11,SSE,520870,巴西ETF,51497.72
2026-09-11,SSE,520880,港创新药,437161.8
2026-09-11,SSE,520890,港红利,7900.8
2026-09-11,SSE,520900,红利香港,153017.5
2026-09-11,SSE,520910,HK互联,75644.5
2026-09-11,SSE,520920,恒生科TH,1911201.9
2026-09-11,SSE,520930,恒生生科,15573.3
2026-09-11,SSE,520940,恒指基金,2229.7
2026-09-11,SSE,520950,港股50,33842.1
2026-09-11,SSE,520960,恒指港通,5060.34
2026-09-11,SSE,520970,港股通药,125235.8
2026-09-11,SSE,520980,港科技30,322338.7
2026-09-11,SSE,520990,国新红利,338947.05
2026-09-11,SSE,526000,港股信息,17614.2
2026-09-11,SSE,526010,香港医疗,2945.8
2026-09-11,SSE,526030,港信息基,15446.5
2026-09-11,SSE,526050,香港信息,5363
2026-09-11,SSE,526060,港股技术,5087.7
2026-09-11,SSE,526070,恒生博时,5237.7
2026-09-11,SSE,530000,50ETF基,94002.94
2026-09-11,SSE,530050,SH50ETF,12881.3
2026-09-11,SSE,530060,上证综E,94219.3
2026-09-11,SSE,530080,180指基,2491.7
2026-09-11,SSE,530100,上证580,12069.6
2026-09-11,SSE,530180,上证180,6195.2
2026-09-11,SSE,530280,180ETF指,2993.4
2026-09-11,SSE,530300,180指数,3364.3
2026-09-11,SSE,530380,上证380,13470.5
2026-09-11,SSE,530530,580ETF,13446
2026-09-11,SSE,530580,180基金,5714.9
2026-09-11,SSE,530680,180E,10489.19
2026-09-11,SSE,530800,上180ETF,1820.18
2026-09-11,SSE,530880,上证红利,3833.6
2026-09-11,SSE,551000,科创债,7790.41
2026-09-11,SSE,551030,科创债券,18404
2026-09-11,SSE,551060,科创债沪,5735.1
2026-09-11,SSE,551300,科创债摩,5209.75
2026-09-11,SSE,551500,科创债易,14027
2026-09-11,SSE,551510,科债AAA,14799.61
2026-09-11,SSE,551520,科创债汇,21576.16
2026-09-11,SSE,551550,科创AAA,18986.82
2026-09-11,SSE,551560,科创债兴,17210.88
2026-09-11,SSE,551580,科创债TK,10703.68
2026-09-11,SSE,551800,国泰科债,11608.14
2026-09-11,SSE,551900,科创债指,13942.17
2026-09-11,SSE,560010,1000基金,186862.17
2026-09-11,SSE,560020,红利添富,13056.2
2026-09-11,SSE,560030,800价值,2143.2
2026-09-11,SSE,560050,MSCIA50,216493.44
2026-09-11,SSE,560060,碳中和基,7509
2026-09-11,SSE,560070,央企分红,8186.23
2026-09-11,SSE,560080,中药ETF,228376.5
2026-09-11,SSE,560090,证券指数,232386.5
2026-09-11,SSE,560100,增强ETF,5958.03
2026-09-11,SSE,560110,ZZ1000,33190.35
2026-09-11,SSE,560120,500现金,57468.9
2026-09-11,SSE,560130,食品基金,6877.62
2026-09-11,SSE,560150,红利TK,67027.93
2026-09-11,SSE,560160,食品E,10870.6
2026-09-11,SSE,560170,央企科技,38249.55
2026-09-11,SSE,560180,ESG300,1560.3
2026-09-11,SSE,560190,公用事业,2683.4
2026-09-11,SSE,560210,景顺农牧,49152.2
2026-09-11,SSE,560220,2000基金,6071.7
2026-09-11,SSE,560230,光伏富国,8788.9
2026-09-11,SSE,560250,红利质量,12733.3
2026-09-11,SSE,560260,医疗50,171866.47
2026-09-11,SSE,560270,电力指数,15893.9
2026-09-11,SSE,560280,工程机械,141975.2
2026-09-11,SSE,560290,景顺有色,37569.4
2026-09-11,SSE,560300,电信50,2780.34
2026-09-11,SSE,560310,光伏博时,18612.2
2026-09-11,SSE,560320,食品富国,10333.2
2026-09-11,SSE,560330,300价值E,1713
2026-09-11,SSE,560350,A50指数,83153.21
2026-09-11,SSE,560360,软件指数,22834.5
2026-09-11,SSE,560370,全指红利,21608.4
2026-09-11,SSE,560380,A100,14086.1
2026-09-11,SSE,560390,电网E,202425.8
2026-09-11,SSE,560400,证券华泰,17449.3
2026-09-11,SSE,560410,电池鹏华,5978.61
2026-09-11,SSE,560420,食品Q,12578.02
2026-09-11,SSE,560450,电力TH,24156.9
2026-09-11,SSE,560460,电力平安,27353.7
2026-09-11,SSE,560470,有色E,29934
2026-09-11,SSE,560480,中证电力,13130.3
2026-09-11,SSE,560490,华泰有色,10648.2
2026-09-11,SSE,560500,500质量,29333.9
2026-09-11,SSE,560510,中证A500,254302.69
2026-09-11,SSE,560520,红利大成,5375.1
2026-09-11,SSE,560530,A500ETF,399162.37
2026-09-11,SSE,560550,碳中和,12359.74
2026-09-11,SSE,560560,碳中和TK,7119.01
2026-09-11,SSE,560570,A500低波,115854.12
2026-09-11,SSE,560580,电力指基,42000.3
2026-09-11,SSE,560590,1000鹏华,2271
2026-09-11,SSE,560610,A500指数,525198.84
2026-09-11,SSE,560620,公用WJ,2586.7
2026-09-11,SSE,560630,机器人WJ,15139.4
2026-09-11,SSE,560660,云50ETF,12593.8
2026-09-11,SSE,560670,中证银行,3947.4
2026-09-11,SSE,560680,龙头消费,33222.56
2026-09-11,SSE,560690,电信主题,2038.9
2026-09-11,SSE,560700,央红利50,45303.69
2026-09-11,SSE,560710,船舶ETF,164258
2026-09-11,SSE,560720,工银红利,9454.8
2026-09-11,SSE,560730,红利GTHT,7383.63
2026-09-11,SSE,560750,A500申万,7555.48
2026-09-11,SSE,560770,机器人ZS,165763.3
2026-09-11,SSE,560780,半导设备,1257148.8
2026-09-11,SSE,560790,软件服务,22045.59
2026-09-11,SSE,560800,数字ETF,30195.11
2026-09-11,SSE,560810,央企ESG,18011.6
2026-09-11,SSE,560820,A50新华,4092.6
2026-09-11,SSE,560830,电指数,66951.9
2026-09-11,SSE,560850,信创50,7016.4
2026-09-11,SSE,560860,工业有色,549823.3
2026-09-11,SSE,560870,中银有色,9135.19
2026-09-11,SSE,560880,家电基金,18773.2
2026-09-11,SSE,560900,创新药企,21696.91
2026-09-11,SSE,560910,中证电池,20372.1
2026-09-11,SSE,560920,招商机械,4637.33
2026-09-11,SSE,560930,电力E,19852.4
2026-09-11,SSE,560950,500增,1548.3
2026-09-11,SSE,560970,有色金属,6913.8
2026-09-11,SSE,560980,光伏龙头,34052.2
2026-09-11,SSE,560990,科技先锋,1618.71
2026-09-11,SSE,561000,300指增,4992
2026-09-11,SSE,561010,软件开发,29535.6
2026-09-11,SSE,561020,食品招商,2602.22
2026-09-11,SSE,561030,机械华泰,18255
2026-09-11,SSE,561050,稀金属E,23325
2026-09-11,SSE,561060,红利国企,4656.5
2026-09-11,SSE,561080,现金自由,2425
2026-09-11,SSE,561090,A500增,20997.4
2026-09-11,SSE,561100,电子龙头,59674.69
2026-09-11,SSE,561120,家电ETF,2815.99
2026-09-11,SSE,561130,国货ETF,8593.52
2026-09-11,SSE,561160,锂电池,229733.5
2026-09-11,SSE,561170,绿电50,51353.27
2026-09-11,SSE,561180,A100ETF,4960.96
2026-09-11,SSE,561190,双碳ETF,19331.8
2026-09-11,SSE,561200,A100基金,3147.05
2026-09-11,SSE,561220,国企数字,4755.3
2026-09-11,SSE,561230,A50,45447.78
2026-09-11,SSE,561250,稀金属PH,6375.22
2026-09-11,SSE,561260,能源ETF,2389.52
2026-09-11,SSE,561280,增强1000,8184.77
2026-09-11,SSE,561300,300增ETF,55396.5
2026-09-11,SSE,561310,消电ETF,10783.31
2026-09-11,SSE,561320,交运ETF,3436.9
2026-09-11,SSE,561330,矿业ETF,183239.21
2026-09-11,SSE,561350,国泰500,10370
2026-09-11,SSE,561360,石油ETF,136514.8
2026-09-11,SSE,561370,2000ETF,3235.6
2026-09-11,SSE,561380,电网ETF,621603.4
2026-09-11,SSE,561390,稀金属PA,8912.81
2026-09-11,SSE,561400,鑫元养殖,2651.9
2026-09-11,SSE,561410,光伏工银,20261.33
2026-09-11,SSE,561420,300现金,100723.7
2026-09-11,SSE,561430,全指质量,3272.32
2026-09-11,SSE,561450,华泰红利,7662.43
2026-09-11,SSE,561460,AITH,219602
2026-09-11,SSE,561470,畜牧TH,6393.6
2026-09-11,SSE,561490,红利财通,8563.13
2026-09-11,SSE,561500,漂亮50,5460.03
2026-09-11,SSE,561510,中医药,6520.6
2026-09-11,SSE,561530,银华银行,6213.4
2026-09-11,SSE,561550,500指增,135898.96
2026-09-11,SSE,561560,电力ETF,190312.42
2026-09-11,SSE,561570,油气基金,7314.7
2026-09-11,SSE,561580,央企红利,194737.07
2026-09-11,SSE,561590,1000增强,10149.96
2026-09-11,SSE,561600,消费电子,30054.8
2026-09-11,SSE,561620,华泰化工,3122.7
2026-09-11,SSE,561630,华泰质量,4089.8
2026-09-11,SSE,561660,通航基金,6971
2026-09-11,SSE,561680,A500红低,5516.9
2026-09-11,SSE,561690,质量300,32488.06
2026-09-11,SSE,561700,电力基金,35081.36
2026-09-11,SSE,561730,中证A股,7074.81
2026-09-11,SSE,561750,A50博时,6149.6
2026-09-11,SSE,561760,油气博时,15619.5
2026-09-11,SSE,561770,指基A100,3555
2026-09-11,SSE,561780,1000指增,1735.58
2026-09-11,SSE,561790,现代能源,5543.4
2026-09-11,SSE,561800,稀金属,21007.72
2026-09-11,SSE,561810,华泰医疗,5363.84
2026-09-11,SSE,561830,有色GTHT,18457.11
2026-09-11,SSE,561870,现金流指,8876.5
2026-09-11,SSE,561880,A100指数,8438.9
2026-09-11,SSE,561890,A股E,3611.26
2026-09-11,SSE,561900,沪深ESG,2933.44
2026-09-11,SSE,561910,电池ETF,481707.66
2026-09-11,SSE,561920,疫苗龙头,5869.2
2026-09-11,SSE,561930,招商300,18726.06
2026-09-11,SSE,561950,500增强A,7215.6
2026-09-11,SSE,561960,央企回报,5738.52
2026-09-11,SSE,561980,芯片设备,872555
2026-09-11,SSE,561990,300增强,33764.92
2026-09-11,SSE,562000,中证A100,59673.79
2026-09-11,SSE,562010,绿色能源,1829.87
2026-09-11,SSE,562030,信创基金,15697.39
2026-09-11,SSE,562050,药ETF,11546.8
2026-09-11,SSE,562060,标普红利,536779.26
2026-09-11,SSE,562070,300ETF增,55554.2
2026-09-11,SSE,562080,自由现金,58275.72
2026-09-11,SSE,562180,红低A500,9715
2026-09-11,SSE,562300,低碳ETF,6349.5
2026-09-11,SSE,562310,300成长,41857.23
2026-09-11,SSE,562320,300价值A,5229.55
2026-09-11,SSE,562330,500价值,1201.89
2026-09-11,SSE,562340,500成长,814.43
2026-09-11,SSE,562350,电力,12741.09
2026-09-11,SSE,562360,机器人YH,29747.4
2026-09-11,SSE,562380,科技引领,7312.89
2026-09-11,SSE,562390,中药,8142.9
2026-09-11,SSE,562500,机器人,1856518.73
2026-09-11,SSE,562510,旅游ETF,111409.5
2026-09-11,SSE,562520,1000成长,2656.8
2026-09-11,SSE,562530,1000价值,14814.4
2026-09-11,SSE,562550,绿电ETF,147141.93
2026-09-11,SSE,562560,信息技术,2276.55
2026-09-11,SSE,562570,信创ETF,30728.1
2026-09-11,SSE,562580,可选消费,4072.33
2026-09-11,SSE,562590,半导材料,902898.9
2026-09-11,SSE,562600,医疗器械,45593.74
2026-09-11,SSE,562660,ZZ2000,36487.4
2026-09-11,SSE,562700,汽车零件,9975
2026-09-11,SSE,562800,稀有金属,581219.5
2026-09-11,SSE,562810,上证增强,4795.1
2026-09-11,SSE,562820,集成电路,46140.8
2026-09-11,SSE,562850,央企能源,17698.15
2026-09-11,SSE,562860,疫苗ETF,33289.5
2026-09-11,SSE,562870,证券全指,59100.52
2026-09-11,SSE,562880,电池基金,89389.96
2026-09-11,SSE,562890,A50中证,27205.1
2026-09-11,SSE,562900,现代农业,22570.63
2026-09-11,SSE,562910,高端制造,29722.73
2026-09-11,SSE,562920,信息安全,8906.9
2026-09-11,SSE,562930,软件30,176043.7
2026-09-11,SSE,562950,消电50,104325.83
2026-09-11,SSE,562960,绿色电力,117989.1
2026-09-11,SSE,562970,光伏E,36844.8
2026-09-11,SSE,562990,碳中和E,37875.6
2026-09-11,SSE,563000,中国A50,152595.11
2026-09-11,SSE,563010,电信ETF,8818.93
2026-09-11,SSE,563020,XD低波红,1018691
2026-09-11,SSE,563030,增强500,12716.9
2026-09-11,SSE,563050,科技央企,14520.84
2026-09-11,SSE,563060,央企50,18052.7
2026-09-11,SSE,563080,中证A50E,112258.84
2026-09-11,SSE,563090,上50增强,5484.8
2026-09-11,SSE,563150,油气资源,3439.9
2026-09-11,SSE,563180,高股息,10242
2026-09-11,SSE,563200,2000指数,5145.88
2026-09-11,SSE,563210,专精特新,11206.7
2026-09-11,SSE,563220,A500富国,632301.37
2026-09-11,SSE,563230,卫星ETF,328323.7
2026-09-11,SSE,563280,A50增强,520.66
2026-09-11,SSE,563300,中证2000,400867.4
2026-09-11,SSE,563320,通用航空,22289.2
2026-09-11,SSE,563330,A股ETF,3726.06
2026-09-11,SSE,563350,中证A50,17399.76
2026-09-11,SSE,563360,A500基金,3079698.74
2026-09-11,SSE,563380,航空航天,80895
2026-09-11,SSE,563390,现金基金,214034.4
2026-09-11,SSE,563500,A500华宝,76595.87
2026-09-11,SSE,563510,A500红利,28253.7
2026-09-11,SSE,563520,300永赢,44206.5
2026-09-11,SSE,563530,卫星E,154174.8
2026-09-11,SSE,563550,增强A500,8555.9
2026-09-11,SSE,563560,科技成长,5676.9
2026-09-11,SSE,563570,金融科,10537.4
2026-09-11,SSE,563580,现金800,23964.8
2026-09-11,SSE,563590,红利A500,6094.44
2026-09-11,SSE,563600,A500增强,6648.3
2026-09-11,SSE,563620,现金流全,5104.9
2026-09-11,SSE,563630,A500指增,3994.71
2026-09-11,SSE,563650,A500中证,14090.9
2026-09-11,SSE,563660,A500银河,6608.52
2026-09-11,SSE,563670,金科基金,18498.7
2026-09-11,SSE,563680,现金流TF,10395.9
2026-09-11,SSE,563690,红利永赢,5288.2
2026-09-11,SSE,563700,红利价值,35115
2026-09-11,SSE,563750,500添富,34723.7
2026-09-11,SSE,563760,中银现金,70191.32
2026-09-11,SSE,563770,全指现金,2730.7
2026-09-11,SSE,563780,现金指数,23502.71
2026-09-11,SSE,563790,卫星产业,117444.7
2026-09-11,SSE,563800,A500龙头,900497.81
2026-09-11,SSE,563830,现金流基,13489.6
2026-09-11,SSE,563850,食品广发,10648.17
2026-09-11,SSE,563860,A500海富,19784.43
2026-09-11,SSE,563870,航空通用,10330.39
2026-09-11,SSE,563880,A500添富,148699.64
2026-09-11,SSE,563890,红利国有,1983.6
2026-09-11,SSE,563900,现金流,46396.57
2026-09-11,SSE,563930,上指增强,2559.2
2026-09-11,SSE,563960,300质量,35251.2
2026-09-11,SSE,563980,800红利,21696.7
2026-09-11,SSE,563990,800现金,29457.3
2026-09-11,SSE,588000,科创50,5607266.82
2026-09-11,SSE,588010,科创材料,101292.58
2026-09-11,SSE,588020,科创50E,223137.3
2026-09-11,SSE,588030,科创指基,230083.81
2026-09-11,SSE,588040,科创板指,14988.9
2026-09-11,SSE,588050,科创ETF,681924.13
2026-09-11,SSE,588060,上证科创,813114
2026-09-11,SSE,588070,科创万家,4043.7
2026-09-11,SSE,588080,科创板50,2651262.81
2026-09-11,SSE,588090,科创板,319507.28
2026-09-11,SSE,588100,科创信息,23674.62
2026-09-11,SSE,588110,科创成长,101503.2
2026-09-11,SSE,588120,科100ETF,90762.2
2026-09-11,SSE,588130,科创药,48408.26
2026-09-11,SSE,588140,科200GF,21775.1
2026-09-11,SSE,588150,科创龙头,40493.26
2026-09-11,SSE,588160,科创新材,90849.6
2026-09-11,SSE,588170,科创半导,4356944.7
2026-09-11,SSE,588180,科创50基,79785.37
2026-09-11,SSE,588190,科创100,136961.83
2026-09-11,SSE,588200,科创芯片,4337818.43
2026-09-11,SSE,588210,科创100E,24825.4
2026-09-11,SSE,588220,科创100F,371869.79
2026-09-11,SSE,588230,科创200,68693.9
2026-09-11,SSE,588240,科200,11963.3
2026-09-11,SSE,588250,KC医药,28567.5
2026-09-11,SSE,588260,科创技术,4674.6
2026-09-11,SSE,588270,科创200F,29541
2026-09-11,SSE,588280,科创五零,42012.1
2026-09-11,SSE,588290,芯片科创,494219.1
2026-09-11,SSE,588300,双创ETF,153721.05
2026-09-11,SSE,588310,双创基金,3183.75
2026-09-11,SSE,588320,双创增强,8682.46
2026-09-11,SSE,588330,双创龙头,120373.78
2026-09-11,SSE,588350,双创,65654.6
2026-09-11,SSE,588360,创创ETF,22468.18
2026-09-11,SSE,588370,科创策略,7577.2
2026-09-11,SSE,588380,创50ETF,280177
2026-09-11,SSE,588390,科创创业,16193.59
2026-09-11,SSE,588400,双创50,137160.06
2026-09-11,SSE,588410,双创AI,11525
2026-09-11,SSE,588420,AI双创,33564.8
2026-09-11,SSE,588430,科创创AI,10045.8
2026-09-11,SSE,588450,科创50增,6356.87
2026-09-11,SSE,588460,科创增强,67501.4
2026-09-11,SSE,588470,双创智能,28090.7
2026-09-11,SSE,588480,AI50双创,24371.7
2026-09-11,SSE,588500,科创100Z,4464.7
2026-09-11,SSE,588510,智能双创,31917.5
2026-09-11,SSE,588520,科创增,1295.7
2026-09-11,SSE,588530,AIBOCI,22243.33
2026-09-11,SSE,588550,科创增指,6329
2026-09-11,SSE,588660,双创五零,3834.4
2026-09-11,SSE,588670,科综增强,3979.2
2026-09-11,SSE,588680,科100增,3536.1
2026-09-11,SSE,588690,科综指增,4763.6
2026-09-11,SSE,588700,科创生物,47533.62
2026-09-11,SSE,588710,科半导体,1134088.5
2026-09-11,SSE,588720,中银科创,10974.18
2026-09-11,SSE,588730,科创AI,75239.63
2026-09-11,SSE,588750,科创芯50,326522.8
2026-09-11,SSE,588760,AI科创,259953.2
2026-09-11,SSE,588770,信息科创,31459.71
2026-09-11,SSE,588780,芯片设计,106790.2
2026-09-11,SSE,588790,科创智能,350238.4
2026-09-11,SSE,588800,科创100C,167737.7
2026-09-11,SSE,588810,科创板芯,178264.8
2026-09-11,SSE,588820,科创200E,15440
2026-09-11,SSE,588830,科创新能,61784.79
2026-09-11,SSE,588840,50科创,6423.6
2026-09-11,SSE,588850,科创机械,8277.9
2026-09-11,SSE,588860,科创医药,36888.94
2026-09-11,SSE,588870,科创50指,96255.2
2026-09-11,SSE,588880,科创指数,11436.8
2026-09-11,SSE,588890,科创芯,278943
2026-09-11,SSE,588900,科创100S,36178.3
2026-09-11,SSE,588910,科创价值,10004.91
2026-09-11,SSE,588920,KC芯片,33187.6
2026-09-11,SSE,588930,科创板AI,64332.9
2026-09-11,SSE,588940,科创富国,320084
2026-09-11,SSE,588950,景顺科创,76472.97
2026-09-11,SSE,588960,新能科创,14657.98
2026-09-11,SSE,588980,科创广发,1442
2026-09-11,SSE,588990,科芯片,19974.54
2026-09-11,SSE,589000,科创综指,107150.78
2026-09-11,SSE,589010,科创AI指,94179.3
2026-09-11,SSE,589020,KC半导体,445643.8
2026-09-11,SSE,589030,科芯设计,93407.7
2026-09-11,SSE,589050,科创E,5096.8
2026-09-11,SSE,589060,科综东财,8213.79
2026-09-11,SSE,589070,科芯TH,203929.3
2026-09-11,SSE,589080,科创综E,14806.1
2026-09-11,SSE,589090,KCAI,19943.1
2026-09-11,SSE,589100,国泰芯片,92944.25
2026-09-11,SSE,589110,科AI国泰,54641.3
2026-09-11,SSE,589120,创新药基,143462
2026-09-11,SSE,589130,科创芯易,337778
2026-09-11,SSE,589150,科创平安,85743.72
2026-09-11,SSE,589160,科芯片GF,29029.6
2026-09-11,SSE,589170,芯设计KC,15690.9
2026-09-11,SSE,589180,科创材基,13581.8
2026-09-11,SSE,589190,科创芯基,373956.2
2026-09-11,SSE,589200,科200E,2550.7
2026-09-11,SSE,589210,芯设计GF,136493.8
2026-09-11,SSE,589220,科200GT,33149.58
2026-09-11,SSE,589230,AI科创CS,26605.3
2026-09-11,SSE,589250,芯设计PY,7510.13
2026-09-11,SSE,589260,科创芯设,10915.6
2026-09-11,SSE,589270,科创100Q,2151.66
2026-09-11,SSE,589280,科综增指,14906.9
2026-09-11,SSE,589290,芯片主题,14384.89
2026-09-11,SSE,589300,科综嘉实,4158.25
2026-09-11,SSE,589310,科创人工,31349.18
2026-09-11,SSE,589320,科200JS,11705.3
2026-09-11,SSE,589330,科200DC,17090.2
2026-09-11,SSE,589350,科芯片指,25028.15
2026-09-11,SSE,589360,科创50GT,273517.4
2026-09-11,SSE,589380,AI科创指,10369.43
2026-09-11,SSE,589390,芯设计,137181.05
2026-09-11,SSE,589400,芯设计FG,30778.52
2026-09-11,SSE,589410,科创AIJS,57256.56
2026-09-11,SSE,589420,芯设计MW,37048.15
2026-09-11,SSE,589430,科芯片设,23284.99
2026-09-11,SSE,589460,科200HB,21763.09
2026-09-11,SSE,589500,科综工银,8006.4
2026-09-11,SSE,589520,AI科创板,94210.46
2026-09-11,SSE,589550,KC价值,2529.55
2026-09-11,SSE,589560,科创AITF,26835.5
2026-09-11,SSE,589580,科综价格,1435.48
2026-09-11,SSE,589600,富国科综,22153.5
2026-09-11,SSE,589630,科综国泰,34325.8
2026-09-11,SSE,589660,综指科创,26553
2026-09-11,SSE,589680,科创综Z,143994.37
2026-09-11,SSE,589700,成长科创,3029.1
2026-09-11,SSE,589720,科创新药,540782.3
2026-09-11,SSE,589770,科创全指,15356.92
2026-09-11,SSE,589780,科200FG,6921.5
2026-09-11,SSE,589800,科创综合,110798.82
2026-09-11,SSE,589820,科200F,12972.02
2026-09-11,SSE,589850,科创东财,91005.7
2026-09-11,SSE,589860,天弘科综,16222.4
2026-09-11,SSE,589880,科创综,44999.6
2026-09-11,SSE,589890,景顺科综,8498.7
2026-09-11,SSE,589900,博时科综,16890.82
2026-09-11,SSE,589950,科100FG,36387.3
2026-09-11,SSE,589960,科创新源,17431.6
2026-09-11,SSE,589980,科基100,13212.2
2026-09-11,SSE,589990,科创板综,11009
2026-09-14,SSE,510010,治理ETF,13052.44
2026-09-14,SSE,510020,超大ETF,3584.8
2026-09-14,SSE,510030,价值ETF,13972.98
2026-09-14,SSE,510040,上证180E,2648
2026-09-14,SSE,510050,50ETF,704676.68
2026-09-14,SSE,510060,央企ETF,3495.92
2026-09-14,SSE,510090,ESG建信,2458.11
2026-09-14,SSE,510100,SZ50ETF,96800.68
2026-09-14,SSE,510130,中盘ETF,3108.51
2026-09-14,SSE,510140,上证指,8623.05
2026-09-14,SSE,510150,消费ETF,282917.86
2026-09-14,SSE,510160,产业升级,18205.74
2026-09-14,SSE,510170,商品ETF,33491.48
2026-09-14,SSE,510180,180ETF,442055.77
2026-09-14,SSE,510190,上证50基,2365.08
2026-09-14,SSE,510200,上证券商,14838.55
2026-09-14,SSE,510210,综指ETF,1498719.26
2026-09-14,SSE,510230,金融ETF,65980.8
2026-09-14,SSE,510270,国企ETF,1683.21
2026-09-14,SSE,510290,380ETF,5444.89
2026-09-14,SSE,510300,300ETF,2340318.77
2026-09-14,SSE,510310,HS300ETF,1137394.4
2026-09-14,SSE,510320,300中金,63706.85
2026-09-14,SSE,510330,华夏300,835134.98
2026-09-14,SSE,510350,工银300,67691.47
2026-09-14,SSE,510360,广发300,182638.12
2026-09-14,SSE,510370,兴业300,8725.81
2026-09-14,SSE,510380,国寿300,147980.24
2026-09-14,SSE,510390,平安300,13655
2026-09-14,SSE,510410,资源ETF,44125.84
2026-09-14,SSE,510500,500ETF,529536.86
2026-09-14,SSE,510510,广发500,86903.83
2026-09-14,SSE,510530,工银500,4697.94
2026-09-14,SSE,510550,方正500,2374.33
2026-09-14,SSE,510560,国寿500,5231.87
2026-09-14,SSE,510570,兴业500,5056.06
2026-09-14,SSE,510580,ZZ500ETF,114376.83
2026-09-14,SSE,510590,平安500,11398.61
2026-09-14,SSE,510600,沪50ETF,1271.51
2026-09-14,SSE,510630,消费30,54636.15
2026-09-14,SSE,510650,金融行业,1295.25
2026-09-14,SSE,510660,医药行业,5137.97
2026-09-14,SSE,510670,180指,17799.3
2026-09-14,SSE,510680,万家50,1932.47
2026-09-14,SSE,510710,上50ETF,10371.89
2026-09-14,SSE,510720,红利国泰,170076.6
2026-09-14,SSE,510760,上证ETF,323050.37
2026-09-14,SSE,510770,G60创新,2311.07
2026-09-14,SSE,510800,上证50,17457.6
2026-09-14,SSE,510810,上海国企,597839.37
2026-09-14,SSE,510850,工银上50,4969.89
2026-09-14,SSE,510880,红利ETF,563367.57
2026-09-14,SSE,510900,恒生中国,319702.19
2026-09-14,SSE,510910,上证指CS,19279.6
2026-09-14,SSE,510950,上证广发,10912.08
2026-09-14,SSE,510980,上证综合,68679.8
2026-09-14,SSE,510990,ESG180,3894.86
2026-09-14,SSE,511010,国债ETF,5334.63
2026-09-14,SSE,511020,活跃国债,3809.75
2026-09-14,SSE,511030,公司债,40339.07
2026-09-14,SSE,511060,5年地债,2134.63
2026-09-14,SSE,511070,沪公司债,30849.1
2026-09-14,SSE,511090,30年国债,29618.81
2026-09-14,SSE,511100,基准国债,11146.05
2026-09-14,SSE,511110,公司债易,35509.96
2026-09-14,SSE,511120,科创债基,12568.06
2026-09-14,SSE,511130,国债30年,20514.97
2026-09-14,SSE,511150,科债永赢,11273.09
2026-09-14,SSE,511160,国债东财,2140.09
2026-09-14,SSE,511180,上证转债,99115.97
2026-09-14,SSE,511190,信用债,16162.43
2026-09-14,SSE,511200,信用债基,27063.75
2026-09-14,SSE,511220,城投ETF,532118.14
2026-09-14,SSE,511260,十年国债,17371.65
2026-09-14,SSE,511270,10年地债,9277.75
2026-09-14,SSE,511360,短融ETF,78158.46
2026-09-14,SSE,511380,转债ETF,473338.67
2026-09-14,SSE,511520,政金债,39934.65
2026-09-14,SSE,511580,国债政金,7271.28
2026-09-14,SSE,512000,券商ETF,7307703.54
2026-09-14,SSE,512010,医药ETF,3999769.49
2026-09-14,SSE,512020,A500,110301.27
2026-09-14,SSE,512030,A50增,4324
2026-09-14,SSE,512040,国信价值,461771.59
2026-09-14,SSE,512050,A500E,1615399.22
2026-09-14,SSE,512060,A100指基,1092.8
2026-09-14,SSE,512070,证券保险,1658247.97
2026-09-14,SSE,512080,A500中金,78518.61
2026-09-14,SSE,512090,MSCI易基,32559.23
2026-09-14,SSE,512100,1000ETF,588521.76
2026-09-14,SSE,512120,医药50,77324.19
2026-09-14,SSE,512130,现金全指,1289.5
2026-09-14,SSE,512140,电力事业,13404.9
2026-09-14,SSE,512150,A50ETF,1807.34
2026-09-14,SSE,512160,MSCI基金,12177.78
2026-09-14,SSE,512170,医疗ETF,7188882.05
2026-09-14,SSE,512180,建信MSCI,4804.8
2026-09-14,SSE,512190,之江凤凰,20781.84
2026-09-14,SSE,512200,地产ETF,326109.79
2026-09-14,SSE,512220,TMTETF,21596.76
2026-09-14,SSE,512240,A50龙头,2168.6
2026-09-14,SSE,512250,A50指数E,11960.01
2026-09-14,SSE,512260,500低波,2049.77
2026-09-14,SSE,512290,生物医药,318982.07
2026-09-14,SSE,512330,信息ETF,35518.8
2026-09-14,SSE,512360,MSCI国际,2733.77
2026-09-14,SSE,512370,A500增指,30231.3
2026-09-14,SSE,512380,MSCI中国,7280.56
2026-09-14,SSE,512390,MSCI低波,968.2
2026-09-14,SSE,512400,有色ETF,1448003.9
2026-09-14,SSE,512410,银行广发,4287.17
2026-09-14,SSE,512420,机械华安,7023.89
2026-09-14,SSE,512430,家电家居,3872
2026-09-14,SSE,512450,广发养殖,9886.7
2026-09-14,SSE,512460,电池主题,31682.3
2026-09-14,SSE,512480,半导体,2051000.72
2026-09-14,SSE,512500,中证500,175360.88
2026-09-14,SSE,512510,ETF500,43192.98
2026-09-14,SSE,512520,MSCIETF,4505.64
2026-09-14,SSE,512530,300红利,9350.2
2026-09-14,SSE,512550,A50基金,10990.6
2026-09-14,SSE,512560,中证军工,92812.7
2026-09-14,SSE,512570,中证证券,405780.61
2026-09-14,SSE,512580,环保ETF,53847.17
2026-09-14,SSE,512600,必选消费,168695.61
2026-09-14,SSE,512620,农业TH,135066.6
2026-09-14,SSE,512630,卫星基金,160742.6
2026-09-14,SSE,512640,金融地产,2074.09
2026-09-14,SSE,512650,长三角,3094.16
2026-09-14,SSE,512660,军工ETF,674708
2026-09-14,SSE,512670,国防ETF,204465.26
2026-09-14,SSE,512680,军工基金,308093.01
2026-09-14,SSE,512690,酒ETF,3221035.02
2026-09-14,SSE,512700,银行基金,69258.1
2026-09-14,SSE,512710,军工龙头,1110965.84
2026-09-14,SSE,512720,计算机,35345.34
2026-09-14,SSE,512730,银行FUND,5108.39
2026-09-14,SSE,512740,N车零件,21089.84
2026-09-14,SSE,512750,基本面50,4565.49
2026-09-14,SSE,512760,芯片ETF,1018144.55
2026-09-14,SSE,512770,战略新兴,9826.78
2026-09-14,SSE,512800,银行ETF,1164267.99
2026-09-14,SSE,512810,国防军工,95758.35
2026-09-14,SSE,512820,银行股基,43690.19
2026-09-14,SSE,512870,杭州湾区,2241.06
2026-09-14,SSE,512880,证券ETF,5670929.15
2026-09-14,SSE,512890,红利低波,2625111.08
2026-09-14,SSE,512900,证券基金,741790.6
2026-09-14,SSE,512910,100ETF,12962.88
2026-09-14,SSE,512930,AIETF,494052.13
2026-09-14,SSE,512940,有色矿业,214970.5
2026-09-14,SSE,512950,央企改革,404355.1
2026-09-14,SSE,512960,央调ETF,385425.73
2026-09-14,SSE,512970,湾区ETF,598.76
2026-09-14,SSE,512980,传媒ETF,508942.44
2026-09-14,SSE,512990,MSCIA股,9901.54
2026-09-14,SSE,513000,225ETF,105291.14
2026-09-14,SSE,513010,港股科技,4438930.7
2026-09-14,SSE,513020,科技HK,231514.54
2026-09-14,SSE,513030,德国ETF,102677.9
2026-09-14,SSE,513040,HK互联网,677034.13
2026-09-14,SSE,513050,中概互联,3467343.27
2026-09-14,SSE,513060,恒生医疗,845539.33
2026-09-14,SSE,513070,HK消费50,133376.08
2026-09-14,SSE,513080,法国ETF,66991.6
2026-09-14,SSE,513090,香港证券,972148.8
2026-09-14,SSE,513100,纳指ETF,948211.06
2026-09-14,SSE,513110,纳指100,221043.5
2026-09-14,SSE,513120,HK创新药,1797763.54
2026-09-14,SSE,513130,恒生科技,6027834.7
2026-09-14,SSE,513140,港股金融,7836.8
2026-09-14,SSE,513150,港科技50,10055.98
2026-09-14,SSE,513160,科技30,315518.93
2026-09-14,SSE,513170,恒生央企,15557.3
2026-09-14,SSE,513180,恒指科技,7100575.95
2026-09-14,SSE,513190,H股金融,103493.6
2026-09-14,SSE,513200,港股医药,86228.21
2026-09-14,SSE,513210,恒生E,3994.2
2026-09-14,SSE,513220,互联网30,52710.94
2026-09-14,SSE,513230,H股消费,32942.27
2026-09-14,SSE,513240,港信息,10449.6
2026-09-14,SSE,513260,恒科技,493224.3
2026-09-14,SSE,513280,恒生生物,35311.45
2026-09-14,SSE,513290,纳指生物,106357.21
2026-09-14,SSE,513300,纳斯达克,538942.1
2026-09-14,SSE,513310,中韩芯片,248142.7
2026-09-14,SSE,513320,HK新经济,9101.06
2026-09-14,SSE,513330,恒生互联,7303148
2026-09-14,SSE,513350,油气ETF,85274.6
2026-09-14,SSE,513360,教育ETF,61921.39
2026-09-14,SSE,513380,科技恒生,1817678.49
2026-09-14,SSE,513390,纳指基金,215337.91
2026-09-14,SSE,513400,道琼斯,292206.2
2026-09-14,SSE,513500,标普500,1027463.86
2026-09-14,SSE,513520,日经ETF,108188.72
2026-09-14,SSE,513530,XD港股红,314793.87
2026-09-14,SSE,513550,港股通50,166899.2
2026-09-14,SSE,513560,香港科技,53138.6
2026-09-14,SSE,513580,HS科技,605411.8
2026-09-14,SSE,513590,香港消费,13051.89
2026-09-14,SSE,513600,恒指ETF,60882.95
2026-09-14,SSE,513620,港医疗指,5521.6
2026-09-14,SSE,513630,香港红利,747935.9
2026-09-14,SSE,513650,标普ETF,438173.4
2026-09-14,SSE,513660,恒生通,179000.02
2026-09-14,SSE,513690,港红利股,314697.99
2026-09-14,SSE,513700,香港医药,77784.6
2026-09-14,SSE,513720,香港互联,25085.9
2026-09-14,SSE,513730,东南亚,78235.5
2026-09-14,SSE,513750,港股非银,793333.8
2026-09-14,SSE,513770,港股互联,1428913.79
2026-09-14,SSE,513780,港股新药,183915.7
2026-09-14,SSE,513800,东证ETF,103624.44
2026-09-14,SSE,513810,港股国企,4399.2
2026-09-14,SSE,513820,港股分红,172116.9
2026-09-14,SSE,513830,红利港股,5231.1
2026-09-14,SSE,513850,美国50,129489.26
2026-09-14,SSE,513860,HKC科技,259147.06
2026-09-14,SSE,513870,纳指指数,138567.1
2026-09-14,SSE,513880,日经225,132297
2026-09-14,SSE,513890,HK科技,89212.8
2026-09-14,SSE,513900,港股100,8997.8
2026-09-14,SSE,513910,红利央企,195027.6
2026-09-14,SSE,513920,央企40,257273.1
2026-09-14,SSE,513930,香港生科,8640.8
2026-09-14,SSE,513950,恒生红利,236511.9
2026-09-14,SSE,513970,恒生消费,140504.1
2026-09-14,SSE,513980,科技港股,1643220.4
2026-09-14,SSE,513990,港股通综,4300
2026-09-14,SSE,515000,科技ETF,323457.93
2026-09-14,SSE,515010,华夏证券,210327.16
2026-09-14,SSE,515020,银行指数,38834.53
2026-09-14,SSE,515030,新汽车,149138.4
2026-09-14,SSE,515040,工业金属,5531.96
2026-09-14,SSE,515050,5GETF,1770320.54
2026-09-14,SSE,515060,华夏地产,103547.81
2026-09-14,SSE,515070,AI智能,756094.04
2026-09-14,SSE,515080,中证红利,692514.89
2026-09-14,SSE,515090,可持续,980.17
2026-09-14,SSE,515100,红利100,356794.15
2026-09-14,SSE,515110,国企方达,21329.5
2026-09-14,SSE,515120,创新药,1758599.36
2026-09-14,SSE,515130,HS300E,9746.32
2026-09-14,SSE,515150,国企富国,39970.32
2026-09-14,SSE,515160,MSCI招商,24395.51
2026-09-14,SSE,515170,食品饮料,859825.79
2026-09-14,SSE,515180,100红利,1271963.7
2026-09-14,SSE,515190,BOCI500,29546.61
2026-09-14,SSE,515200,创新100,3894.32
2026-09-14,SSE,515210,钢铁ETF,95872.61
2026-09-14,SSE,515220,煤炭ETF,817717.69
2026-09-14,SSE,515230,软件ETF,808269.09
2026-09-14,SSE,515250,智能汽车,34094.45
2026-09-14,SSE,515260,电子ETF,86456.84
2026-09-14,SSE,515290,银行,246617.29
2026-09-14,SSE,515300,红利300,274767.52
2026-09-14,SSE,515310,添富300,33211.12
2026-09-14,SSE,515320,电子50,8930.9
2026-09-14,SSE,515330,天弘300,617070.95
2026-09-14,SSE,515350,民生300,1169.92
2026-09-14,SSE,515360,方正300,3727.93
2026-09-14,SSE,515370,中证光伏,97771.3
2026-09-14,SSE,515380,泰康300,66159.98
2026-09-14,SSE,515390,HS300,192668.3
2026-09-14,SSE,515400,大数据,176863.14
2026-09-14,SSE,515440,A股南方,15117.93
2026-09-14,SSE,515450,红利50,1429883.5
2026-09-14,SSE,515460,质量红利,27509.1
2026-09-14,SSE,515480,红利一百,2334.07
2026-09-14,SSE,515530,泰康500,1384.27
2026-09-14,SSE,515550,国联500,2034.57
2026-09-14,SSE,515560,证券E,19088.33
2026-09-14,SSE,515580,中证科技,30203.14
2026-09-14,SSE,515590,500ETFEW,3411.37
2026-09-14,SSE,515600,央企创新,103679.74
2026-09-14,SSE,515630,保险证券,94271.77
2026-09-14,SSE,515640,家电指数,1705
2026-09-14,SSE,515650,消费50,311718.4
2026-09-14,SSE,515660,沪深300E,43359.42
2026-09-14,SSE,515680,创新央企,109826.47
2026-09-14,SSE,515700,新能车,66051.02
2026-09-14,SSE,515710,食品ETF,233509.98
2026-09-14,SSE,515720,金科富国,44861.1
2026-09-14,SSE,515730,家居家电,4089.2
2026-09-14,SSE,515750,科技50,26714.05
2026-09-14,SSE,515760,浙江国资,9488.81
2026-09-14,SSE,515770,MSCIAETF,4272.73
2026-09-14,SSE,515790,光伏ETF,596549.4
2026-09-14,SSE,515800,800ETF,381343.72
2026-09-14,SSE,515810,ZZ800ETF,26690.88
2026-09-14,SSE,515840,食品南方,3042.64
2026-09-14,SSE,515850,证券龙头,65629.1
2026-09-14,SSE,515860,科技100,10287.89
2026-09-14,SSE,515880,通信ETF,6416577.4
2026-09-14,SSE,515890,红利博时,38144.39
2026-09-14,SSE,515900,央创ETF,222244.65
2026-09-14,SSE,515910,质量ETF,22450.7
2026-09-14,SSE,515920,智能消费,6290.57
2026-09-14,SSE,515950,医药龙头,53720.06
2026-09-14,SSE,515960,医药100,23999.19
2026-09-14,SSE,515970,华夏机械,51008.8
2026-09-14,SSE,515980,人工智能,635612.9
2026-09-14,SSE,515990,添富国企,5235.02
2026-09-14,SSE,516000,数据ETF,44585.5
2026-09-14,SSE,516010,游戏ETF,231869.3
2026-09-14,SSE,516020,化工ETF,352682.62
2026-09-14,SSE,516050,科技龙头,16622.8
2026-09-14,SSE,516060,新药ETF,30623.74
2026-09-14,SSE,516070,碳中和50,29864.6
2026-09-14,SSE,516080,创新医药,515755.48
2026-09-14,SSE,516090,新能源E,169884.48
2026-09-14,SSE,516100,科技金融,115075.97
2026-09-14,SSE,516110,汽车ETF,24262.31
2026-09-14,SSE,516120,化工50,491158.2
2026-09-14,SSE,516130,消费龙头,156889
2026-09-14,SSE,516150,稀土基金,378757.7
2026-09-14,SSE,516160,新能源,153764.2
2026-09-14,SSE,516180,光伏产业,15198.7
2026-09-14,SSE,516190,文娱ETF,11081.85
2026-09-14,SSE,516200,证券行业,45160.4
2026-09-14,SSE,516210,银行股,7033.1
2026-09-14,SSE,516220,化工龙头,25617
2026-09-14,SSE,516230,光伏招商,75092.1
2026-09-14,SSE,516250,富国机械,6087.8
2026-09-14,SSE,516260,物联网50,4588.26
2026-09-14,SSE,516270,新能源50,32990.9
2026-09-14,SSE,516290,光伏基金,75519.69
2026-09-14,SSE,516300,中证1000,3901.26
2026-09-14,SSE,516310,银行指基,153445.85
2026-09-14,SSE,516320,装备ETF,9058.93
2026-09-14,SSE,516330,物联网,727.13
2026-09-14,SSE,516350,芯片50,140441.53
2026-09-14,SSE,516360,新材料,5855.18
2026-09-14,SSE,516370,全指电力,27740.8
2026-09-14,SSE,516380,智能电车,8744.93
2026-09-14,SSE,516390,电动车,18876.1
2026-09-14,SSE,516440,南方机械,13012.66
2026-09-14,SSE,516460,现金流E,41969.3
2026-09-14,SSE,516500,生物ETF,21093.72
2026-09-14,SSE,516510,云计算,152789
2026-09-14,SSE,516520,智能驾驶,78176.55
2026-09-14,SSE,516530,物流快递,1730.23
2026-09-14,SSE,516550,农业ETF,26541.44
2026-09-14,SSE,516560,养老ETF,21475.8
2026-09-14,SSE,516570,石化ETF,114035.76
2026-09-14,SSE,516580,新能源BS,15012.41
2026-09-14,SSE,516590,电动汽车,5201.5
2026-09-14,SSE,516600,消服ETF,11033.21
2026-09-14,SSE,516610,医服ETF,23297.48
2026-09-14,SSE,516620,影视ETF,22026.75
2026-09-14,SSE,516630,云计算50,45815.6
2026-09-14,SSE,516640,芯片龙头,137048.28
2026-09-14,SSE,516650,有色50,532846.48
2026-09-14,SSE,516660,新能汽车,15668.9
2026-09-14,SSE,516670,畜牧养殖,328426.63
2026-09-14,SSE,516700,数据产业,17962.2
2026-09-14,SSE,516710,新材料50,7427.2
2026-09-14,SSE,516720,ESGETF,783.78
2026-09-14,SSE,516730,证券公司,22788.08
2026-09-14,SSE,516750,建材ETF,13916.73
2026-09-14,SSE,516760,养殖ETF,28221.51
2026-09-14,SSE,516770,游戏动漫,24004.8
2026-09-14,SSE,516780,稀土ETF,235159.97
2026-09-14,SSE,516790,保健ETF,18528.22
2026-09-14,SSE,516800,智能制造,18230.8
2026-09-14,SSE,516810,农业,53847.89
2026-09-14,SSE,516820,医疗创新,462641.52
2026-09-14,SSE,516830,300ESG,9217.69
2026-09-14,SSE,516840,汽车基金,13127.7
2026-09-14,SSE,516850,新能源80,14623.7
2026-09-14,SSE,516860,金融科技,116852.2
2026-09-14,SSE,516880,光伏50,91994.41
2026-09-14,SSE,516890,新材ETF,3531.14
2026-09-14,SSE,516900,食品50,28022.9
2026-09-14,SSE,516910,物流ETF,5964.18
2026-09-14,SSE,516920,芯片基金,50196.3
2026-09-14,SSE,516930,生科ETF,10913.96
2026-09-14,SSE,516950,基建ETF,10782.1
2026-09-14,SSE,516960,机械ETF,1605.11
2026-09-14,SSE,516970,基建50,114954.25
2026-09-14,SSE,516980,证券先锋,5401.6
2026-09-14,SSE,517000,沪港深,12279.3
2026-09-14,SSE,517010,HGS500E,7814.42
2026-09-14,SSE,517030,HGS300,8404.03
2026-09-14,SSE,517050,互联网50,34960.5
2026-09-14,SSE,517080,HGS500,16916.6
2026-09-14,SSE,517090,共赢ETF,8407.5
2026-09-14,SSE,517100,AH500ETF,14360.21
2026-09-14,SSE,517110,创新药HK,126209.85
2026-09-14,SSE,517120,创新药50,53296.64
2026-09-14,SSE,517130,云计算JS,18865.4
2026-09-14,SSE,517160,长江ETF,182677.75
2026-09-14,SSE,517170,沪港深E,1613.18
2026-09-14,SSE,517180,中国国企,8549.63
2026-09-14,SSE,517200,互联网,14478.2
2026-09-14,SSE,517230,云计算MW,14854.58
2026-09-14,SSE,517300,AH300ETF,100243.45
2026-09-14,SSE,517330,长江保护,180916.9
2026-09-14,SSE,517350,龙头科技,4754.2
2026-09-14,SSE,517360,AH科技,2358.3
2026-09-14,SSE,517380,创新药AH,290032.63
2026-09-14,SSE,517390,云计算AH,12911.26
2026-09-14,SSE,517400,黄金股票,98579.2
2026-09-14,SSE,517520,黄金股,644590.4
2026-09-14,SSE,517550,消费主题,8041.74
2026-09-14,SSE,517660,物联网AH,3988.07
2026-09-14,SSE,517770,游戏传媒,18994.78
2026-09-14,SSE,517800,AI50,21553.97
2026-09-14,SSE,517850,张江ETF,3818.52
2026-09-14,SSE,517880,品牌消费,4933.71
2026-09-14,SSE,517900,银行优选,39499.35
2026-09-14,SSE,517950,交银科技,4862.32
2026-09-14,SSE,517990,医药基金,4598.79
2026-09-14,SSE,518600,上海金,85561.63
2026-09-14,SSE,518660,工银黄金,97155.27
2026-09-14,SSE,518680,金ETF,85926.95
2026-09-14,SSE,518800,黄金基金,391447.92
2026-09-14,SSE,518850,黄金9999,193567.87
2026-09-14,SSE,518860,上海金E,46965.98
2026-09-14,SSE,518880,黄金ETF,1189554.08
2026-09-14,SSE,518890,中银黄金,37555.48
2026-09-14,SSE,520500,恒生新药,190080.5
2026-09-14,SSE,520510,港股医疗,35572.8
2026-09-14,SSE,520520,HK消费,5210.6
2026-09-14,SSE,520530,港科ETF,24977.6
2026-09-14,SSE,520550,红利恒生,115452.4
2026-09-14,SSE,520560,香港30,60741.9
2026-09-14,SSE,520570,科技恒指,360587.6
2026-09-14,SSE,520580,新兴亚洲,29298.39
2026-09-14,SSE,520590,恒科,21523.5
2026-09-14,SSE,520600,汽车港股,26536.8
2026-09-14,SSE,520610,港红利指,40796.3
2026-09-14,SSE,520620,港股消费,28440.9
2026-09-14,SSE,520630,互联港股,59411
2026-09-14,SSE,520650,互联网HK,248375.5
2026-09-14,SSE,520660,港红利CS,195548.55
2026-09-14,SSE,520670,港科基金,21992.81
2026-09-14,SSE,520680,港股通车,7336.9
2026-09-14,SSE,520690,恒生港药,63645.4
2026-09-14,SSE,520700,创新药WJ,46107.6
2026-09-14,SSE,520710,信息港股,9702.9
2026-09-14,SSE,520720,香港汽车,13594.2
2026-09-14,SSE,520730,汽车WJ,12039.44
2026-09-14,SSE,520740,互联香港,4501.26
2026-09-14,SSE,520750,HK信息,13338.4
2026-09-14,SSE,520760,港股生物,13046.6
2026-09-14,SSE,520770,港股恒指,21337.38
2026-09-14,SSE,520780,港股车50,3946
2026-09-14,SSE,520790,港互联网,63807.5
2026-09-14,SSE,520810,港高股息,31836
2026-09-14,SSE,520820,恒指通,5868.2
2026-09-14,SSE,520830,沙特ETF,103261.9
2026-09-14,SSE,520840,港科技,115254.9
2026-09-14,SSE,520850,港医疗,14724.96
2026-09-14,SSE,520860,港股通科,34419.5
2026-09-14,SSE,520870,巴西ETF,51547.72
2026-09-14,SSE,520880,港创新药,437161.8
2026-09-14,SSE,520890,港红利,7900.8
2026-09-14,SSE,520900,红利香港,152417.5
2026-09-14,SSE,520910,HK互联,75644.5
2026-09-14,SSE,520920,恒生科TH,1911601.9
2026-09-14,SSE,520930,恒生生科,15573.3
2026-09-14,SSE,520940,恒指基金,2229.7
2026-09-14,SSE,520950,港股50,33842.1
2026-09-14,SSE,520960,恒指港通,5060.34
2026-09-14,SSE,520970,港股通药,125235.8
2026-09-14,SSE,520980,港科技30,322038.7
2026-09-14,SSE,520990,国新红利,337047.05
2026-09-14,SSE,526000,港股信息,17614.2
2026-09-14,SSE,526010,香港医疗,3245.8
2026-09-14,SSE,526030,港信息基,15446.5
2026-09-14,SSE,526050,香港信息,5363
2026-09-14,SSE,526060,港股技术,4787.7
2026-09-14,SSE,526070,恒生博时,5237.7
2026-09-14,SSE,530000,50ETF基,94002.94
2026-09-14,SSE,530050,SH50ETF,12981.3
2026-09-14,SSE,530060,上证综E,93619.3
2026-09-14,SSE,530080,180指基,2491.7
2026-09-14,SSE,530100,上证580,12069.6
2026-09-14,SSE,530180,上证180,6395.2
2026-09-14,SSE,530280,180ETF指,2993.4
2026-09-14,SSE,530300,180指数,3364.3
2026-09-14,SSE,530380,上证380,13470.5
2026-09-14,SSE,530530,580ETF,13446
2026-09-14,SSE,530580,180基金,5514.9
2026-09-14,SSE,530680,180E,10489.19
2026-09-14,SSE,530800,上180ETF,1820.18
2026-09-14,SSE,530880,上证红利,3833.6
2026-09-14,SSE,551000,科创债,7790.41
2026-09-14,SSE,551030,科创债券,18404
2026-09-14,SSE,551060,科创债沪,5735.1
2026-09-14,SSE,551300,科创债摩,5309.75
2026-09-14,SSE,551500,科创债易,14272
2026-09-14,SSE,551510,科债AAA,14799.61
2026-09-14,SSE,551520,科创债汇,21625.16
2026-09-14,SSE,551550,科创AAA,19036.82
2026-09-14,SSE,551560,科创债兴,17210.88
2026-09-14,SSE,551580,科创债TK,10719.68
2026-09-14,SSE,551800,国泰科债,11608.14
2026-09-14,SSE,551900,科创债指,14002.17
2026-09-14,SSE,560010,1000基金,186462.17
2026-09-14,SSE,560020,红利添富,13156.2
2026-09-14,SSE,560030,800价值,2143.2
2026-09-14,SSE,560050,MSCIA50,214743.44
2026-09-14,SSE,560060,碳中和基,7509
2026-09-14,SSE,560070,央企分红,8186.23
2026-09-14,SSE,560080,中药ETF,225176.5
2026-09-14,SSE,560090,证券指数,232436.5
2026-09-14,SSE,560100,增强ETF,5808.03
2026-09-14,SSE,560110,ZZ1000,34990.35
2026-09-14,SSE,560120,500现金,57368.9
2026-09-14,SSE,560130,食品基金,6777.62
2026-09-14,SSE,560150,红利TK,67027.93
2026-09-14,SSE,560160,食品E,10870.6
2026-09-14,SSE,560170,央企科技,40249.55
2026-09-14,SSE,560180,ESG300,1560.3
2026-09-14,SSE,560190,公用事业,2683.4
2026-09-14,SSE,560210,景顺农牧,48752.2
2026-09-14,SSE,560220,2000基金,6071.7
2026-09-14,SSE,560230,光伏富国,8788.9
2026-09-14,SSE,560250,红利质量,12733.3
2026-09-14,SSE,560260,医疗50,171766.47
2026-09-14,SSE,560270,电力指数,15843.9
2026-09-14,SSE,560280,工程机械,141575.2
2026-09-14,SSE,560290,景顺有色,37869.4
2026-09-14,SSE,560300,电信50,2780.34
2026-09-14,SSE,560310,光伏博时,18612.2
2026-09-14,SSE,560320,食品富国,10333.2
2026-09-14,SSE,560330,300价值E,1613
2026-09-14,SSE,560350,A50指数,83553.21
2026-09-14,SSE,560360,软件指数,22934.5
2026-09-14,SSE,560370,全指红利,21608.4
2026-09-14,SSE,560380,A100,14086.1
2026-09-14,SSE,560390,电网E,201925.8
2026-09-14,SSE,560400,证券华泰,17449.3
2026-09-14,SSE,560410,电池鹏华,5978.61
2026-09-14,SSE,560420,食品Q,12478.02
2026-09-14,SSE,560450,电力TH,24156.9
2026-09-14,SSE,560460,电力平安,27253.7
2026-09-14,SSE,560470,有色E,30034
2026-09-14,SSE,560480,中证电力,12830.3
2026-09-14,SSE,560490,华泰有色,10748.2
2026-09-14,SSE,560500,500质量,29733.9
2026-09-14,SSE,560510,中证A500,254302.69
2026-09-14,SSE,560520,红利大成,5575.1
2026-09-14,SSE,560530,A500ETF,399162.37
2026-09-14,SSE,560550,碳中和,12359.74
2026-09-14,SSE,560560,碳中和TK,7019.01
2026-09-14,SSE,560570,A500低波,117554.12
2026-09-14,SSE,560580,电力指基,41800.3
2026-09-14,SSE,560590,1000鹏华,1971
2026-09-14,SSE,560610,A500指数,523698.84
2026-09-14,SSE,560620,公用WJ,2636.7
2026-09-14,SSE,560630,机器人WJ,15139.4
2026-09-14,SSE,560660,云50ETF,12593.8
2026-09-14,SSE,560670,中证银行,3947.4
2026-09-14,SSE,560680,龙头消费,33072.56
2026-09-14,SSE,560690,电信主题,2038.9
2026-09-14,SSE,560700,央红利50,45303.69
2026-09-14,SSE,560710,船舶ETF,163758
2026-09-14,SSE,560720,工银红利,9454.8
2026-09-14,SSE,560730,红利GTHT,7083.63
2026-09-14,SSE,560750,A500申万,7555.48
2026-09-14,SSE,560770,机器人ZS,165913.3
2026-09-14,SSE,560780,半导设备,1244848.8
2026-09-14,SSE,560790,软件服务,22045.59
2026-09-14,SSE,560800,数字ETF,30195.11
2026-09-14,SSE,560810,央企ESG,18111.6
2026-09-14,SSE,560820,A50新华,4092.6
2026-09-14,SSE,560830,电指数,66901.9
2026-09-14,SSE,560850,信创50,7016.4
2026-09-14,SSE,560860,工业有色,548923.3
2026-09-14,SSE,560870,中银有色,9135.19
2026-09-14,SSE,560880,家电基金,18773.2
2026-09-14,SSE,560900,创新药企,21296.91
2026-09-14,SSE,560910,中证电池,20672.1
2026-09-14,SSE,560920,招商机械,4537.33
2026-09-14,SSE,560930,电力E,19852.4
2026-09-14,SSE,560950,500增,1348.3
2026-09-14,SSE,560970,有色金属,6913.8
2026-09-14,SSE,560980,光伏龙头,34052.2
2026-09-14,SSE,560990,科技先锋,1618.71
2026-09-14,SSE,561000,300指增,4992
2026-09-14,SSE,561010,软件开发,29535.6
2026-09-14,SSE,561020,食品招商,2602.22
2026-09-14,SSE,561030,机械华泰,18255
2026-09-14,SSE,561050,稀金属E,23325
2026-09-14,SSE,561060,红利国企,4656.5
2026-09-14,SSE,561080,现金自由,2425
2026-09-14,SSE,561090,A500增,20997.4
2026-09-14,SSE,561100,电子龙头,59874.69
2026-09-14,SSE,561120,家电ETF,2815.99
2026-09-14,SSE,561130,国货ETF,8593.52
2026-09-14,SSE,561160,锂电池,229883.5
2026-09-14,SSE,561170,绿电50,51153.27
2026-09-14,SSE,561180,A100ETF,4960.96
2026-09-14,SSE,561190,双碳ETF,19331.8
2026-09-14,SSE,561200,A100基金,3147.05
2026-09-14,SSE,561220,国企数字,4755.3
2026-09-14,SSE,561230,A50,46047.78
2026-09-14,SSE,561250,稀金属PH,6275.22
2026-09-14,SSE,561260,能源ETF,2389.52
2026-09-14,SSE,561280,增强1000,8184.77
2026-09-14,SSE,561300,300增ETF,55696.5
2026-09-14,SSE,561310,消电ETF,10783.31
2026-09-14,SSE,561320,交运ETF,3436.9
2026-09-14,SSE,561330,矿业ETF,184139.21
2026-09-14,SSE,561350,国泰500,9770
2026-09-14,SSE,561360,石油ETF,136514.8
2026-09-14,SSE,561370,2000ETF,3235.6
2026-09-14,SSE,561380,电网ETF,622353.4
2026-09-14,SSE,561390,稀金属PA,8912.81
2026-09-14,SSE,561400,鑫元养殖,2551.9
2026-09-14,SSE,561410,光伏工银,20161.33
2026-09-14,SSE,561420,300现金,100723.7
2026-09-14,SSE,561430,全指质量,3272.32
2026-09-14,SSE,561450,华泰红利,7562.43
2026-09-14,SSE,561460,AITH,229102
2026-09-14,SSE,561470,畜牧TH,6493.6
2026-09-14,SSE,561490,红利财通,7863.13
2026-09-14,SSE,561500,漂亮50,5460.03
2026-09-14,SSE,561510,中医药,6520.6
2026-09-14,SSE,561530,银华银行,5973.4
2026-09-14,SSE,561550,500指增,135448.96
2026-09-14,SSE,561560,电力ETF,190212.42
2026-09-14,SSE,561570,油气基金,7414.7
2026-09-14,SSE,561580,XD央企红,196537.07
2026-09-14,SSE,561590,1000增强,10149.96
2026-09-14,SSE,561600,消费电子,30454.8
2026-09-14,SSE,561620,华泰化工,3122.7
2026-09-14,SSE,561630,华泰质量,4089.8
2026-09-14,SSE,561660,通航基金,6971
2026-09-14,SSE,561680,A500红低,5416.9
2026-09-14,SSE,561690,质量300,32188.06
2026-09-14,SSE,561700,电力基金,35081.36
2026-09-14,SSE,561730,中证A股,7074.81
2026-09-14,SSE,561750,A50博时,6149.6
2026-09-14,SSE,561760,油气博时,15619.5
2026-09-14,SSE,561770,指基A100,3555
2026-09-14,SSE,561780,1000指增,1735.58
2026-09-14,SSE,561790,现代能源,5543.4
2026-09-14,SSE,561800,稀金属,21007.72
2026-09-14,SSE,561810,华泰医疗,5363.84
2026-09-14,SSE,561830,有色GTHT,18357.11
2026-09-14,SSE,561870,现金流指,8876.5
2026-09-14,SSE,561880,A100指数,8438.9
2026-09-14,SSE,561890,A股E,3611.26
2026-09-14,SSE,561900,沪深ESG,2933.44
2026-09-14,SSE,561910,电池ETF,483207.66
2026-09-14,SSE,561920,疫苗龙头,5469.2
2026-09-14,SSE,561930,招商300,18726.06
2026-09-14,SSE,561950,500增强A,7215.6
2026-09-14,SSE,561960,央企回报,5718.52
2026-09-14,SSE,561980,芯片设备,872055
2026-09-14,SSE,561990,300增强,33764.92
2026-09-14,SSE,562000,中证A100,59673.79
2026-09-14,SSE,562010,绿色能源,1829.87
2026-09-14,SSE,562030,信创基金,15597.39
2026-09-14,SSE,562050,药ETF,11746.8
2026-09-14,SSE,562060,标普红利,536079.26
2026-09-14,SSE,562070,300ETF增,55254.2
2026-09-14,SSE,562080,自由现金,58075.72
2026-09-14,SSE,562150,N红利PH,22456.75
2026-09-14,SSE,562170,N现金流,24259.22
2026-09-14,SSE,562180,红低A500,9515
2026-09-14,SSE,562300,低碳ETF,6349.5
2026-09-14,SSE,562310,300成长,41857.23
2026-09-14,SSE,562320,300价值A,5229.55
2026-09-14,SSE,562330,500价值,1201.89
2026-09-14,SSE,562340,500成长,814.43
2026-09-14,SSE,562350,电力,12741.09
2026-09-14,SSE,562360,机器人YH,29847.4
2026-09-14,SSE,562380,科技引领,7662.89
2026-09-14,SSE,562390,中药,8142.9
2026-09-14,SSE,562500,机器人,1856518.73
2026-09-14,SSE,562510,旅游ETF,111559.5
2026-09-14,SSE,562520,1000成长,2656.8
2026-09-14,SSE,562530,1000价值,14814.4
2026-09-14,SSE,562550,绿电ETF,146941.93
2026-09-14,SSE,562560,信息技术,2276.55
2026-09-14,SSE,562570,信创ETF,30828.1
2026-09-14,SSE,562580,可选消费,4072.33
2026-09-14,SSE,562590,半导材料,902298.9
2026-09-14,SSE,562600,医疗器械,45393.74
2026-09-14,SSE,562660,ZZ2000,35487.4
2026-09-14,SSE,562700,汽车零件,10075
2026-09-14,SSE,562800,稀有金属,588014.5
2026-09-14,SSE,562810,上证增强,4795.1
2026-09-14,SSE,562820,集成电路,45640.8
2026-09-14,SSE,562850,央企能源,17598.15
2026-09-14,SSE,562860,疫苗ETF,33289.5
2026-09-14,SSE,562870,证券全指,59150.52
2026-09-14,SSE,562880,电池基金,89239.96
2026-09-14,SSE,562890,A50中证,27655.1
2026-09-14,SSE,562900,现代农业,22470.63
2026-09-14,SSE,562910,高端制造,29722.73
2026-09-14,SSE,562920,信息安全,9306.9
2026-09-14,SSE,562930,软件30,175643.7
2026-09-14,SSE,562950,消电50,104525.83
2026-09-14,SSE,562960,绿色电力,117639.1
2026-09-14,SSE,562970,光伏E,36644.8
2026-09-14,SSE,562990,碳中和E,37875.6
2026-09-14,SSE,563000,中国A50,152595.11
2026-09-14,SSE,563010,电信ETF,8818.93
2026-09-14,SSE,563020,低波红利,1021591
2026-09-14,SSE,563030,增强500,12716.9
2026-09-14,SSE,563050,科技央企,15120.84
2026-09-14,SSE,563060,央企50,18052.7
2026-09-14,SSE,563080,中证A50E,111658.84
2026-09-14,SSE,563090,上50增强,5484.8
2026-09-14,SSE,563150,油气资源,3439.9
2026-09-14,SSE,563180,高股息,10242
2026-09-14,SSE,563200,2000指数,5145.88
2026-09-14,SSE,563210,专精特新,11406.7
2026-09-14,SSE,563220,A500富国,632301.37
2026-09-14,SSE,563230,卫星ETF,325923.7
2026-09-14,SSE,563280,A50增强,520.66
2026-09-14,SSE,563300,中证2000,390617.4
2026-09-14,SSE,563320,通用航空,22189.2
2026-09-14,SSE,563330,A股ETF,3596.06
2026-09-14,SSE,563350,中证A50,17399.76
2026-09-14,SSE,563360,A500基金,3105498.74
2026-09-14,SSE,563380,航空航天,80395
2026-09-14,SSE,563390,现金基金,214034.4
2026-09-14,SSE,563500,A500华宝,76595.87
2026-09-14,SSE,563510,A500红利,28253.7
2026-09-14,SSE,563520,300永赢,44506.5
2026-09-14,SSE,563530,卫星E,153874.8
2026-09-14,SSE,563550,增强A500,8255.9
2026-09-14,SSE,563560,科技成长,5576.9
2026-09-14,SSE,563570,金融科,10337.4
2026-09-14,SSE,563580,现金800,23964.8
2026-09-14,SSE,563590,红利A500,5994.44
2026-09-14,SSE,563600,A500增强,6648.3
2026-09-14,SSE,563620,现金流全,5104.9
2026-09-14,SSE,563630,A500指增,4194.71
2026-09-14,SSE,563650,A500中证,14090.9
2026-09-14,SSE,563660,A500银河,6608.52
2026-09-14,SSE,563670,金科基金,18498.7
2026-09-14,SSE,563680,现金流TF,10395.9
2026-09-14,SSE,563690,红利永赢,5388.2
2026-09-14,SSE,563700,红利价值,35115
2026-09-14,SSE,563750,500添富,34473.7
2026-09-14,SSE,563760,中银现金,70591.32
2026-09-14,SSE,563770,全指现金,2730.7
2026-09-14,SSE,563780,现金指数,23502.71
2026-09-14,SSE,563790,卫星产业,117444.7
2026-09-14,SSE,563800,A500龙头,902897.81
2026-09-14,SSE,563830,现金流基,13489.6
2026-09-14,SSE,563850,食品广发,10408.17
2026-09-14,SSE,563860,A500海富,19484.43
2026-09-14,SSE,563870,航空通用,10330.39
2026-09-14,SSE,563880,A500添富,147799.64
2026-09-14,SSE,563890,红利国有,1983.6
2026-09-14,SSE,563900,现金流,45996.57
2026-09-14,SSE,563930,上指增强,2559.2
2026-09-14,SSE,563960,300质量,35251.2
2026-09-14,SSE,563980,800红利,21696.7
2026-09-14,SSE,563990,800现金,29457.3
2026-09-14,SSE,588000,科创50,5659166.82
2026-09-14,SSE,588010,科创材料,101292.58
2026-09-14,SSE,588020,科创50E,219537.3
2026-09-14,SSE,588030,科创指基,228583.81
2026-09-14,SSE,588040,科创板指,15188.9
2026-09-14,SSE,588050,科创ETF,685124.13
2026-09-14,SSE,588060,上证科创,825714
2026-09-14,SSE,588070,科创万家,3843.7
2026-09-14,SSE,588080,科创板50,2671362.81
2026-09-14,SSE,588090,科创板,320707.28
2026-09-14,SSE,588100,科创信息,24374.62
2026-09-14,SSE,588110,科创成长,98503.2
2026-09-14,SSE,588120,科100ETF,91362.2
2026-09-14,SSE,588130,科创药,47958.26
2026-09-14,SSE,588140,科200GF,21775.1
2026-09-14,SSE,588150,科创龙头,41193.26
2026-09-14,SSE,588160,科创新材,91149.6
2026-09-14,SSE,588170,科创半导,4305944.7
2026-09-14,SSE,588180,科创50基,80135.37
2026-09-14,SSE,588190,科创100,137261.83
2026-09-14,SSE,588200,科创芯片,4342318.43
2026-09-14,SSE,588210,科创100E,24825.4
2026-09-14,SSE,588220,科创100F,364169.79
2026-09-14,SSE,588230,科创200,67493.9
2026-09-14,SSE,588240,科200,11663.3
2026-09-14,SSE,588250,KC医药,28567.5
2026-09-14,SSE,588260,科创技术,4674.6
2026-09-14,SSE,588270,科创200F,29241
2026-09-14,SSE,588280,科创五零,42412.1
2026-09-14,SSE,588290,芯片科创,494219.1
2026-09-14,SSE,588300,双创ETF,154321.05
2026-09-14,SSE,588310,双创基金,3183.75
2026-09-14,SSE,588320,双创增强,8982.46
2026-09-14,SSE,588330,双创龙头,121373.78
2026-09-14,SSE,588350,双创,65854.6
2026-09-14,SSE,588360,创创ETF,22468.18
2026-09-14,SSE,588370,科创策略,7827.2
2026-09-14,SSE,588380,创50ETF,280477
2026-09-14,SSE,588390,科创创业,16193.59
2026-09-14,SSE,588400,双创50,138660.06
2026-09-14,SSE,588410,双创AI,11325
2026-09-14,SSE,588420,AI双创,33564.8
2026-09-14,SSE,588430,科创创AI,10045.8
2026-09-14,SSE,588450,科创50增,6356.87
2026-09-14,SSE,588460,科创增强,67651.4
2026-09-14,SSE,588470,双创智能,28390.7
2026-09-14,SSE,588480,AI50双创,24571.7
2026-09-14,SSE,588500,科创100Z,4364.7
2026-09-14,SSE,588510,智能双创,32317.5
2026-09-14,SSE,588520,科创增,1295.7
2026-09-14,SSE,588530,AIBOCI,22503.33
2026-09-14,SSE,588550,科创增指,6329
2026-09-14,SSE,588660,双创五零,3834.4
2026-09-14,SSE,588670,科综增强,3979.2
2026-09-14,SSE,588680,科100增,3536.1
2026-09-14,SSE,588690,科综指增,4763.6
2026-09-14,SSE,588700,科创生物,47533.62
2026-09-14,SSE,588710,科半导体,1122688.5
2026-09-14,SSE,588720,中银科创,10974.18
2026-09-14,SSE,588730,科创AI,76039.63
2026-09-14,SSE,588750,科创芯50,324722.8
2026-09-14,SSE,588760,AI科创,262353.2
2026-09-14,SSE,588770,信息科创,31459.71
2026-09-14,SSE,588780,芯片设计,108390.2
2026-09-14,SSE,588790,科创智能,350238.4
2026-09-14,SSE,588800,科创100C,166987.7
2026-09-14,SSE,588810,科创板芯,179464.8
2026-09-14,SSE,588820,科创200E,15440
2026-09-14,SSE,588830,科创新能,66384.79
2026-09-14,SSE,588840,50科创,6423.6
2026-09-14,SSE,588850,科创机械,8277.9
2026-09-14,SSE,588860,科创医药,36488.94
2026-09-14,SSE,588870,科创50指,97155.2
2026-09-14,SSE,588880,科创指数,11436.8
2026-09-14,SSE,588890,科创芯,278643
2026-09-14,SSE,588900,科创100S,36478.3
2026-09-14,SSE,588910,科创价值,10004.91
2026-09-14,SSE,588920,KC芯片,33187.6
2026-09-14,SSE,588930,科创板AI,64732.9
2026-09-14,SSE,588940,科创富国,324284
2026-09-14,SSE,588950,景顺科创,77372.97
2026-09-14,SSE,588960,新能科创,14657.98
2026-09-14,SSE,588980,科创广发,1692
2026-09-14,SSE,588990,科芯片,19974.54
2026-09-14,SSE,589000,科创综指,107150.78
2026-09-14,SSE,589010,科创AI指,95079.3
2026-09-14,SSE,589020,KC半导体,440443.8
2026-09-14,SSE,589030,科芯设计,93407.7
2026-09-14,SSE,589050,科创E,5096.8
2026-09-14,SSE,589060,科综东财,8213.79
2026-09-14,SSE,589070,科芯TH,203129.3
2026-09-14,SSE,589080,科创综E,14806.1
2026-09-14,SSE,589090,KCAI,20443.1
2026-09-14,SSE,589100,国泰芯片,92944.25
2026-09-14,SSE,589110,科AI国泰,55241.3
2026-09-14,SSE,589120,创新药基,143062
2026-09-14,SSE,589130,科创芯易,336578
2026-09-14,SSE,589150,科创平安,86143.72
2026-09-14,SSE,589160,科芯片GF,29029.6
2026-09-14,SSE,589170,芯设计KC,15390.9
2026-09-14,SSE,589180,科创材基,13731.8
2026-09-14,SSE,589190,科创芯基,382356.2
2026-09-14,SSE,589200,科200E,2550.7
2026-09-14,SSE,589210,芯设计GF,137293.8
2026-09-14,SSE,589220,科200GT,33149.58
2026-09-14,SSE,589230,AI科创CS,26855.3
2026-09-14,SSE,589250,芯设计PY,7510.13
2026-09-14,SSE,589260,科创芯设,11215.6
2026-09-14,SSE,589270,科创100Q,2151.66
2026-09-14,SSE,589280,科综增指,14406.9
2026-09-14,SSE,589290,芯片主题,14384.89
2026-09-14,SSE,589300,科综嘉实,4158.25
2026-09-14,SSE,589310,科创人工,31649.18
2026-09-14,SSE,589320,科200JS,11405.3
2026-09-14,SSE,589330,科200DC,17090.2
2026-09-14,SSE,589350,科芯片指,25028.15
2026-09-14,SSE,589360,科创50GT,274117.4
2026-09-14,SSE,589380,AI科创指,10569.43
2026-09-14,SSE,589390,芯设计,137181.05
2026-09-14,SSE,589400,芯设计FG,30778.52
2026-09-14,SSE,589410,科创AIJS,57256.56
2026-09-14,SSE,589420,芯设计MW,37048.15
2026-09-14,SSE,589430,科芯片设,23284.99
2026-09-14,SSE,589460,科200HB,21463.09
2026-09-14,SSE,589500,科综工银,8006.4
2026-09-14,SSE,589520,AI科创板,94810.46
2026-09-14,SSE,589550,KC价值,2829.55
2026-09-14,SSE,589560,科创AITF,26835.5
2026-09-14,SSE,589580,科综价格,1435.48
2026-09-14,SSE,589600,富国科综,22153.5
2026-09-14,SSE,589630,科综国泰,34325.8
2026-09-14,SSE,589660,综指科创,26953
2026-09-14,SSE,589680,科创综Z,142994.37
2026-09-14,SSE,589700,成长科创,3029.1
2026-09-14,SSE,589720,科创新药,533782.3
2026-09-14,SSE,589770,科创全指,15356.92
2026-09-14,SSE,589780,科200FG,6921.5
2026-09-14,SSE,589800,科创综合,110398.82
2026-09-14,SSE,589820,科200F,12972.02
2026-09-14,SSE,589850,科创东财,93405.7
2026-09-14,SSE,589860,天弘科综,16222.4
2026-09-14,SSE,589880,科创综,45999.6
2026-09-14,SSE,589890,景顺科综,8498.7
2026-09-14,SSE,589900,博时科综,16890.82
2026-09-14,SSE,589950,科100FG,36387.3
2026-09-14,SSE,589960,科创新源,17031.6
2026-09-14,SSE,589980,科基100,13212.2
2026-09-14,SSE,589990,科创板综,11009
2026-09-14,SZSE,158000,港股通金融ETF鹏华,7992.58
2026-09-14,SZSE,158001,价值ETF嘉实,11839.26
2026-09-14,SZSE,158003,港股通医疗ETF嘉实,7565.43
2026-09-14,SZSE,158005,工程机械ETF博时,12006.13
2026-09-14,SZSE,158006,化工ETF博时,4304.60
2026-09-14,SZSE,158008,新能源电池ETF华夏,24841.31
2026-09-14,SZSE,158009,航空航天ETF南方,3137.38
2026-09-14,SZSE,158010,医疗ETF嘉实,25621.33
2026-09-14,SZSE,158011,创业板软件ETF国泰,5984.26
2026-09-14,SZSE,158012,云计算ETF南方,27782.55
2026-09-14,SZSE,158013,航空航天ETF易方达,5934.52
2026-09-14,SZSE,158017,化工ETF易方达,6959.45
2026-09-14,SZSE,158019,电池ETF永赢,27328.19
2026-09-14,SZSE,158023,红利低波ETF万家,43308.07
2026-09-14,SZSE,158027,工业互联网ETF易方达,19814.30
2026-09-14,SZSE,158028,稀有金属ETF招商,21068.77
2026-09-14,SZSE,158032,化工ETF景顺,25133.55
2026-09-14,SZSE,159001,货币ETF易方达,3606.02
2026-09-14,SZSE,159003,招商快线ETF,201.49
2026-09-14,SZSE,159005,快钱ETF汇添富,137.90
2026-09-14,SZSE,159007,养殖ETF华泰柏瑞,18360.32
2026-09-14,SZSE,159008,证券ETF景顺,12728.45
2026-09-14,SZSE,159009,创业板新能源ETF易方达,15939.27
2026-09-14,SZSE,159010,港股通科技ETF博时,20459.76
2026-09-14,SZSE,159011,养殖ETF华安,2350.51
2026-09-14,SZSE,159012,科创创业50ETF鹏华,13788.11
2026-09-14,SZSE,159013,工业互联网ETF大成,4257.88
2026-09-14,SZSE,159015,恒生港股通科技ETF国联,11035.29
2026-09-14,SZSE,159016,证券ETF广发,34954.01
2026-09-14,SZSE,159017,石油ETF工银,15025.68
2026-09-14,SZSE,159018,石油ETF广发,2690.42
2026-09-14,SZSE,159019,石油ETF华宝,4432.77
2026-09-14,SZSE,159020,养殖ETF易方达,11256.70
2026-09-14,SZSE,159021,大盘价值ETF华夏,6890.77
2026-09-14,SZSE,159022,科创创业人工智能ETF富国,17463.09
2026-09-14,SZSE,159023,养殖ETF万家,3677.79
2026-09-14,SZSE,159025,家电ETF华安,8593.50
2026-09-14,SZSE,159026,石油ETF南方,4351.34
2026-09-14,SZSE,159027,畜牧养殖ETF大成,10447.22
2026-09-14,SZSE,159028,港股汽车ETF天弘,13344.90
2026-09-14,SZSE,159029,有色ETF广发,30412.77
2026-09-14,SZSE,159030,粮食ETF华夏,42346.81
2026-09-14,SZSE,159031,粮食ETF博时,55352.86
2026-09-14,SZSE,159032,工业有色ETF易方达,26684.50
2026-09-14,SZSE,159033,粮食ETF国泰,11832.34
2026-09-14,SZSE,159035,软件ETF天弘,65185.97
2026-09-14,SZSE,159036,软件开发ETF华宝,28474.01
2026-09-14,SZSE,159037,价值ETF鹏华,5924.98
2026-09-14,SZSE,159038,粮食ETF易方达,16602.69
2026-09-14,SZSE,159039,机器人ETF华安,113946.14
2026-09-14,SZSE,159040,港股通互联网ETF鹏华,3248.10
2026-09-14,SZSE,159041,农业ETF鹏华,3847.18
2026-09-14,SZSE,159042,价值ETF汇添富,8580.11
2026-09-14,SZSE,159043,食品ETF华安,6277.06
2026-09-14,SZSE,159045,稀有金属ETF大成,17533.02
2026-09-14,SZSE,159046,绿电ETF天弘,66297.68
2026-09-14,SZSE,159048,机器人ETF大成,19480.38
2026-09-14,SZSE,159049,有色ETF工银,3607.33
2026-09-14,SZSE,159050,机器人ETF广发,65670.36
2026-09-14,SZSE,159051,医疗器械ETF易方达,8411.78
2026-09-14,SZSE,159052,新能源电池ETF嘉实,20192.60
2026-09-14,SZSE,159053,稀有金属ETF华夏,16769.81
2026-09-14,SZSE,159055,稀有金属ETF富国,12829.39
2026-09-14,SZSE,159056,医疗器械ETF富国,5793.43
2026-09-14,SZSE,159057,医疗器械ETF鹏华,2571.53
2026-09-14,SZSE,159058,证券ETF大成,7733.12
2026-09-14,SZSE,159059,电力ETF大成,5183.00
2026-09-14,SZSE,159060,粮食ETF浦银,1948.34
2026-09-14,SZSE,159061,绿色电力ETF南方,20804.02
2026-09-14,SZSE,159062,稀有金属ETF南方,12020.12
2026-09-14,SZSE,159063,粮食ETF南方,5948.66
2026-09-14,SZSE,159065,工程机械ETF景顺,10735.08
2026-09-14,SZSE,159066,A股ETF建信,20473.30
2026-09-14,SZSE,159067,绿色电力ETF鹏华,1690.87
2026-09-14,SZSE,159068,软件ETF华夏,6033.65
2026-09-14,SZSE,159069,创业板新能源ETF华泰柏瑞,4077.04
2026-09-14,SZSE,159070,工程机械ETF嘉实,10036.68
2026-09-14,SZSE,159071,新能源电池ETF华宝,12291.17
2026-09-14,SZSE,159072,粮食ETF景顺,5228.51
2026-09-14,SZSE,159073,粮食ETF汇添富,6717.38
2026-09-14,SZSE,159075,工业互联网ETF华夏,17319.71
2026-09-14,SZSE,159076,创业板新能源ETF华宝,24837.30
2026-09-14,SZSE,159077,电池ETF鑫元,3324.25
2026-09-14,SZSE,159078,A股ETF富国,16726.24
2026-09-14,SZSE,159079,价值ETF兴全,7180.68
2026-09-14,SZSE,159082,化工ETF华夏,7553.12
2026-09-14,SZSE,159083,红利低波100ETF嘉实,12837.04
2026-09-14,SZSE,159085,价值ETF永赢,2753.54
2026-09-14,SZSE,159086,金融科技ETF广发,2939.98
2026-09-14,SZSE,159087,化工ETF万家,2999.21
2026-09-14,SZSE,159091,港股通金融ETF易方达,2437.41
2026-09-14,SZSE,159093,化工ETF汇添富,2668.14
2026-09-14,SZSE,159095,云计算ETF银华,21546.81
2026-09-14,SZSE,159096,价值ETF华夏,14063.13
2026-09-14,SZSE,159098,价值ETF招商,8389.15
2026-09-14,SZSE,159099,云计算ETF华宝,10561.05
2026-09-14,SZSE,159100,巴西ETF华夏,47454.69
2026-09-14,SZSE,159101,港股通科技ETF华夏,287431.14
2026-09-14,SZSE,159102,港股通生物科技ETF华安,62612.20
2026-09-14,SZSE,159103,金融科技ETF汇添富,32440.67
2026-09-14,SZSE,159105,恒生生物科技ETF易方达,18027.29
2026-09-14,SZSE,159106,民企300ETF前海开源,4157.94
2026-09-14,SZSE,159107,创业板软件ETF富国,77282.30
2026-09-14,SZSE,159108,工业软件ETF博时,11873.85
2026-09-14,SZSE,159109,恒生50ETF景顺,56116.38
2026-09-14,SZSE,159110,科创债ETF万家,2312.70
2026-09-14,SZSE,159111,科创债ETF天弘,14427.66
2026-09-14,SZSE,159112,科创债ETF银华,23363.78
2026-09-14,SZSE,159113,科创债ETF大成,9602.62
2026-09-14,SZSE,159115,科创债ETF华安,5280.34
2026-09-14,SZSE,159116,科创债ETF工银,11829.27
2026-09-14,SZSE,159117,港股通红利低波ETF鹏华,6040.11
2026-09-14,SZSE,159118,港股通红利低波ETF华夏,6767.70
2026-09-14,SZSE,159119,800现金流ETF招商,15005.42
2026-09-14,SZSE,159120,港股通科技ETF国联安,19702.44
2026-09-14,SZSE,159121,港股通汽车ETF易方达,15248.11
2026-09-14,SZSE,159122,创业板新能源ETF富国,6916.09
2026-09-14,SZSE,159123,光伏ETF嘉实,39504.70
2026-09-14,SZSE,159125,港股通科技ETF招商,84024.58
2026-09-14,SZSE,159126,港股通50ETF南方,22761.65
2026-09-14,SZSE,159127,港股通红利ETF南方,15134.42
2026-09-14,SZSE,159128,港股科技ETF天弘,189376.08
2026-09-14,SZSE,159129,化工ETF嘉实,113690.65
2026-09-14,SZSE,159130,恒生生物科技ETF鹏华,19838.94
2026-09-14,SZSE,159131,港股通信息技术ETF华宝,210391.99
2026-09-14,SZSE,159132,恒生生物科技ETF富国,12196.35
2026-09-14,SZSE,159133,化工ETF天弘,155691.33
2026-09-14,SZSE,159135,港股通科技ETF前海开源,61846.63
2026-09-14,SZSE,159136,A50ETF广发,10941.40
2026-09-14,SZSE,159137,港股通医疗ETF华宝,16763.26
2026-09-14,SZSE,159138,工程机械ETF易方达,29126.79
2026-09-14,SZSE,159139,科创创业人工智能ETF华泰柏瑞,17210.92
2026-09-14,SZSE,159140,科创创业人工智能ETF易方达,49393.68
2026-09-14,SZSE,159141,科创创业人工智能ETF永赢,149506.07
2026-09-14,SZSE,159142,科创创业人工智能ETF景顺,117526.01
2026-09-14,SZSE,159143,港股通央企红利ETF平安,5055.44
2026-09-14,SZSE,159145,工业软件ETF广发,7258.18
2026-09-14,SZSE,159146,电力ETF华宝,68844.08
2026-09-14,SZSE,159147,电池ETF南方,225990.95
2026-09-14,SZSE,159148,石油ETF富国,23446.66
2026-09-14,SZSE,159149,创业板新能源ETF工银,5751.52
2026-09-14,SZSE,159150,深证50ETF易方达,9599.76
2026-09-14,SZSE,159151,食品ETF华夏,18345.10
2026-09-14,SZSE,159152,港股通科技ETF平安,82355.60
2026-09-14,SZSE,159153,消费电子ETF鹏华,9572.59
2026-09-14,SZSE,159155,电池ETF大成,74451.32
2026-09-14,SZSE,159156,电池ETF万家,22946.12
2026-09-14,SZSE,159157,有色金属ETF天弘,809275.87
2026-09-14,SZSE,159158,电力ETF景顺,87453.53
2026-09-14,SZSE,159159,公用事业ETF国投瑞银,11581.85
2026-09-14,SZSE,159160,电池ETF东财,27181.92
2026-09-14,SZSE,159161,工程机械ETF东财,6733.12
2026-09-14,SZSE,159162,工业有色ETF鹏华,42493.98
2026-09-14,SZSE,159163,有色ETF泰康,26780.70
2026-09-14,SZSE,159165,养殖ETF永赢,10157.12
2026-09-14,SZSE,159166,现金流ETF长城,55281.60
2026-09-14,SZSE,159167,港股通医疗ETF工银,15654.91
2026-09-14,SZSE,159168,有色ETF富国,52145.50
2026-09-14,SZSE,159169,恒生生物科技ETF广发,13087.44
2026-09-14,SZSE,159170,港股通互联网ETF永赢,38963.83
2026-09-14,SZSE,159171,工业有色ETF博时,21853.29
2026-09-14,SZSE,159172,养殖ETF汇添富,38082.92
2026-09-14,SZSE,159173,农牧ETF南方,4645.53
2026-09-14,SZSE,159175,电池ETF易方达,50827.03
2026-09-14,SZSE,159176,家电ETF华宝,2130.33
2026-09-14,SZSE,159177,工程机械ETF鹏华,4561.92
2026-09-14,SZSE,159178,消费电子ETF汇添富,9843.29
2026-09-14,SZSE,159179,港股通互联网ETF工银,10290.35
2026-09-14,SZSE,159180,软件ETF银华,3415.59
2026-09-14,SZSE,159181,石油ETF易方达,13040.53
2026-09-14,SZSE,159182,家电ETF南方,3448.56
2026-09-14,SZSE,159183,新能源车ETF招商,5038.77
2026-09-14,SZSE,159185,港股通信息技术ETF鹏华,19409.90
2026-09-14,SZSE,159186,港股通汽车ETF鹏华,8886.92
2026-09-14,SZSE,159187,创业板新能源ETF景顺,6717.62
2026-09-14,SZSE,159188,红利100ETF景顺,6560.18
2026-09-14,SZSE,159189,石油ETF华夏,10708.31
2026-09-14,SZSE,159190,创业板新能源ETF天弘,7606.92
2026-09-14,SZSE,159191,港股通科技ETF易方达,6910.48
2026-09-14,SZSE,159192,家电ETF汇添富,1798.70
2026-09-14,SZSE,159193,新能源电池ETF银华,25508.03
2026-09-14,SZSE,159195,石油ETF华安,7349.01
2026-09-14,SZSE,159196,港股通信息技术ETF易方达,22153.03
2026-09-14,SZSE,159197,石油ETF招商,4038.82
2026-09-14,SZSE,159198,港股通信息技术ETF富国,8834.43
2026-09-14,SZSE,159199,石油ETF平安,6115.49
2026-09-14,SZSE,159200,科创债ETF富国,15330.26
2026-09-14,SZSE,159201,自由现金流ETF华夏,1359227.59
2026-09-14,SZSE,159202,恒生互联网ETF万家,124540.19
2026-09-14,SZSE,159203,大盘成长ETF博时,979.19
2026-09-14,SZSE,159205,创业板ETF东财,65905.60
2026-09-14,SZSE,159206,卫星ETF永赢,931195.33
2026-09-14,SZSE,159207,高股息ETF广发,229498.33
2026-09-14,SZSE,159208,航空航天ETF万家,30546.27
2026-09-14,SZSE,159209,红利质量ETF招商,230663.50
2026-09-14,SZSE,159210,港股通汽车ETF汇添富,4894.98
2026-09-14,SZSE,159211,深证100ETF富国,2168.32
2026-09-14,SZSE,159212,深100ETF南方,9320.43
2026-09-14,SZSE,159213,机器人ETF汇添富,48423.75
2026-09-14,SZSE,159215,A500ETF平安,95858.28
2026-09-14,SZSE,159216,深证100ETF大成,1254.82
2026-09-14,SZSE,159217,港股通创新药ETF工银,568015.75
2026-09-14,SZSE,159218,卫星ETF招商,198361.63
2026-09-14,SZSE,159219,深证100ETF融通,1038.80
2026-09-14,SZSE,159220,港股通红利低波ETF华宝,48156.95
2026-09-14,SZSE,159221,现金流ETF嘉实,106901.32
2026-09-14,SZSE,159222,自由现金流ETF易方达,174337.04
2026-09-14,SZSE,159223,现金流ETF永赢,17584.47
2026-09-14,SZSE,159225,现金流ETF银华,26274.48
2026-09-14,SZSE,159226,中证A500增强ETF国泰,8409.48
2026-09-14,SZSE,159227,航空航天ETF华夏,435091.11
2026-09-14,SZSE,159228,红利低波ETF长城,10321.26
2026-09-14,SZSE,159229,自由现金流ETF广发,13655.60
2026-09-14,SZSE,159230,通用航空ETF华夏,29930.42
2026-09-14,SZSE,159231,通用航空ETF华宝,32409.18
2026-09-14,SZSE,159232,自由现金流ETF南方,207094.85
2026-09-14,SZSE,159233,自由现金流ETF平安,62462.34
2026-09-14,SZSE,159235,中证现金流ETF大成,190672.95
2026-09-14,SZSE,159236,自由现金流ETF工银,3772.21
2026-09-14,SZSE,159237,港股汽车ETF工银,4233.42
2026-09-14,SZSE,159238,沪深300增强ETF景顺,5501.61
2026-09-14,SZSE,159239,港股通汽车ETF富国,10878.07
2026-09-14,SZSE,159240,A500增强ETF天弘,1761.97
2026-09-14,SZSE,159241,航空航天ETF天弘,128507.42
2026-09-14,SZSE,159242,创业板人工智能ETF大成,41227.85
2026-09-14,SZSE,159243,创业板人工智能ETF招商,14103.02
2026-09-14,SZSE,159245,港股通消费ETF富国,7211.32
2026-09-14,SZSE,159246,创业板人工智能ETF富国,319765.56
2026-09-14,SZSE,159247,创业板ETF汇添富,56398.49
2026-09-14,SZSE,159248,人工智能ETF万家,13509.56
2026-09-14,SZSE,159249,A500增强ETF工银,11119.19
2026-09-14,SZSE,159251,港股通科技ETF万家,24378.77
2026-09-14,SZSE,159253,银行ETF博时,48950.49
2026-09-14,SZSE,159255,通用航空ETF易方达,6733.88
2026-09-14,SZSE,159256,创业板软件ETF华夏,59818.37
2026-09-14,SZSE,159257,航空ETF汇添富,14641.69
2026-09-14,SZSE,159258,机器人ETF南方,133476.56
2026-09-14,SZSE,159259,成长ETF易方达,621169.64
2026-09-14,SZSE,159260,证券ETF博时,102921.35
2026-09-14,SZSE,159261,创业板新能源ETF鹏华,4981.49
2026-09-14,SZSE,159262,港股通科技ETF广发,554622.04
2026-09-14,SZSE,159263,价值ETF易方达,736410.51
2026-09-14,SZSE,159265,港股消费ETF鹏华,17795.08
2026-09-14,SZSE,159266,港股央企红利ETF永赢,33671.00
2026-09-14,SZSE,159267,航天ETF华安,247450.61
2026-09-14,SZSE,159268,港股通消费ETF汇添富,38905.50
2026-09-14,SZSE,159269,港股通科技ETF南方,149931.17
2026-09-14,SZSE,159270,创业板200ETF南方,9076.36
2026-09-14,SZSE,159271,恒生ETF鹏华,23438.67
2026-09-14,SZSE,159272,机器人ETF富国,377416.46
2026-09-14,SZSE,159273,云计算ETF汇添富,70777.75
2026-09-14,SZSE,159275,农牧渔ETF华宝,26730.29
2026-09-14,SZSE,159276,现金流ETF汇添富,55469.66
2026-09-14,SZSE,159277,港股通红利ETF富国,3255.70
2026-09-14,SZSE,159278,机器人ETF鹏华,203954.58
2026-09-14,SZSE,159279,创业板人工智能ETF华安,15138.75
2026-09-14,SZSE,159280,港股通互联网ETF汇添富,10771.71
2026-09-14,SZSE,159281,港股央企红利ETF天弘,23923.30
2026-09-14,SZSE,159283,通用航空ETF南方,29043.79
2026-09-14,SZSE,159285,港股通消费ETF华安,24748.66
2026-09-14,SZSE,159286,港股通创新药ETF鹏华,71678.54
2026-09-14,SZSE,159287,创业板综ETF博时,10956.87
2026-09-14,SZSE,159288,创业板综ETF银华,9217.49
2026-09-14,SZSE,159289,创业板综指ETF鹏华,3890.26
2026-09-14,SZSE,159290,创业板综指增强ETF东财,4510.03
2026-09-14,SZSE,159291,创业板综增强ETF招商,1745.73
2026-09-14,SZSE,159292,创业板综增强ETF华宝,17818.95
2026-09-14,SZSE,159293,创业板综增强ETF建信,2315.93
2026-09-14,SZSE,159295,创业综指ETF西部利得,8495.82
2026-09-14,SZSE,159296,A500红利低波ETF华宝,3804.29
2026-09-14,SZSE,159297,港股通创新药ETF南方,373741.86
2026-09-14,SZSE,159298,创业板50ETF大成,16228.10
2026-09-14,SZSE,159299,金融科技ETF易方达,66447.29
2026-09-14,SZSE,159300,沪深300ETF富国,35105.80
2026-09-14,SZSE,159301,公用事业ETF华夏,11795.83
2026-09-14,SZSE,159302,港股高股息ETF银华,4829.76
2026-09-14,SZSE,159303,恒生医疗ETF大成,7299.16
2026-09-14,SZSE,159305,储能电池ETF广发,121664.03
2026-09-14,SZSE,159306,汽车零部件ETF平安,2124.46
2026-09-14,SZSE,159307,红利低波100ETF博时,669990.35
2026-09-14,SZSE,159309,油气ETF汇添富,65237.17
2026-09-14,SZSE,159310,芯片ETF天弘,50698.10
2026-09-14,SZSE,159311,数字经济ETF易方达,3738.39
2026-09-14,SZSE,159312,恒指港股通ETF广发,3222.43
2026-09-14,SZSE,159315,黄金股ETF工银,18208.96
2026-09-14,SZSE,159316,港股通创新药ETF易方达,532033.61
2026-09-14,SZSE,159318,恒指港股通ETF银华,1360.16
2026-09-14,SZSE,159320,电网设备ETF广发,172123.55
2026-09-14,SZSE,159321,黄金股ETF华安,40440.03
2026-09-14,SZSE,159322,黄金股ETF平安,11541.16
2026-09-14,SZSE,159323,港股通汽车ETF华夏,10409.73
2026-09-14,SZSE,159325,半导体ETF南方,112492.10
2026-09-14,SZSE,159326,电网设备ETF华夏,1150526.55
2026-09-14,SZSE,159327,半导体设备ETF万家,286657.40
2026-09-14,SZSE,159328,家电ETF易方达,9355.67
2026-09-14,SZSE,159329,沙特ETF南方,115518.91
2026-09-14,SZSE,159330,沪深300ETF东财,43780.10
2026-09-14,SZSE,159331,红利港股ETF国泰,14569.41
2026-09-14,SZSE,159332,央企红利ETF富国,8452.14
2026-09-14,SZSE,159333,港股央企红利ETF万家,19895.28
2026-09-15,SSE,510010,治理ETF,13052.44
2026-09-15,SSE,510020,超大ETF,3584.8
2026-09-15,SSE,510030,价值ETF,13972.98
2026-09-15,SSE,510040,上证180E,2648
2026-09-15,SSE,510050,50ETF,718986.68
2026-09-15,SSE,510060,央企ETF,3495.92
2026-09-15,SSE,510090,ESG建信,2458.11
2026-09-15,SSE,510100,SZ50ETF,97520.68
2026-09-15,SSE,510130,中盘ETF,3148.51
2026-09-15,SSE,510140,上证指,8623.05
2026-09-15,SSE,510150,消费ETF,282917.86
2026-09-15,SSE,510160,产业升级,18205.74
2026-09-15,SSE,510170,商品ETF,31491.48
2026-09-15,SSE,510180,180ETF,442155.77
2026-09-15,SSE,510190,上证50基,2365.08
2026-09-15,SSE,510200,上证券商,14788.55
2026-09-15,SSE,510210,综指ETF,1500819.26
2026-09-15,SSE,510230,金融ETF,67680.8
2026-09-15,SSE,510270,国企ETF,1683.21
2026-09-15,SSE,510290,380ETF,5444.89
2026-09-15,SSE,510300,300ETF,2354268.77
2026-09-15,SSE,510310,HS300ETF,1135324.4
2026-09-15,SSE,510320,300中金,63706.85
2026-09-15,SSE,510330,华夏300,833964.98
2026-09-15,SSE,510350,工银300,67691.47
2026-09-15,SSE,510360,广发300,182638.12
2026-09-15,SSE,510370,兴业300,8725.81
2026-09-15,SSE,510380,国寿300,147980.24
2026-09-15,SSE,510390,平安300,13655
2026-09-15,SSE,510410,资源ETF,44125.84
2026-09-15,SSE,510500,500ETF,550976.86
2026-09-15,SSE,510510,广发500,87103.83
2026-09-15,SSE,510530,工银500,4747.94
2026-09-15,SSE,510550,方正500,2374.33
2026-09-15,SSE,510560,国寿500,5231.87
2026-09-15,SSE,510570,兴业500,5056.06
2026-09-15,SSE,510580,ZZ500ETF,114776.83
2026-09-15,SSE,510590,平安500,11478.61
2026-09-15,SSE,510600,沪50ETF,1271.51
2026-09-15,SSE,510630,消费30,53936.15
2026-09-15,SSE,510650,金融行业,1295.25
2026-09-15,SSE,510660,医药行业,5087.97
2026-09-15,SSE,510670,180指,17799.3
2026-09-15,SSE,510680,万家50,1962.47
2026-09-15,SSE,510710,上50ETF,10431.89
2026-09-15,SSE,510720,XD红利国,174576.6
2026-09-15,SSE,510760,上证ETF,326050.37
2026-09-15,SSE,510770,G60创新,2161.07
2026-09-15,SSE,510800,上证50,17457.6
2026-09-15,SSE,510810,上海国企,588349.37
2026-09-15,SSE,510850,工银上50,4849.89
2026-09-15,SSE,510880,红利ETF,568167.57
2026-09-15,SSE,510900,恒生中国,319702.19
2026-09-15,SSE,510910,上证指CS,18679.6
2026-09-15,SSE,510950,上证广发,11002.08
2026-09-15,SSE,510980,上证综合,69279.8
2026-09-15,SSE,510990,ESG180,3894.86
2026-09-15,SSE,511010,国债ETF,5551.63
2026-09-15,SSE,511020,活跃国债,3799.75
2026-09-15,SSE,511030,公司债,40339.07
2026-09-15,SSE,511060,5年地债,2134.63
2026-09-15,SSE,511070,沪公司债,30939.1
2026-09-15,SSE,511090,30年国债,29781.81
2026-09-15,SSE,511100,基准国债,11088.05
2026-09-15,SSE,511110,公司债易,35649.96
2026-09-15,SSE,511120,科创债基,12886.06
2026-09-15,SSE,511130,国债30年,20543.97
2026-09-15,SSE,511150,科债永赢,11284.09
2026-09-15,SSE,511160,国债东财,2280.09
2026-09-15,SSE,511180,上证转债,97835.97
2026-09-15,SSE,511190,信用债,16372.43
2026-09-15,SSE,511200,信用债基,27269.75
2026-09-15,SSE,511220,城投ETF,532118.14
2026-09-15,SSE,511260,十年国债,17720.65
2026-09-15,SSE,511270,10年地债,9326.75
2026-09-15,SSE,511360,短融ETF,77609.26
2026-09-15,SSE,511380,转债ETF,473328.67
2026-09-15,SSE,511520,政金债,39939.65
2026-09-15,SSE,511580,国债政金,7316.28
2026-09-15,SSE,512000,券商ETF,7281483.54
2026-09-15,SSE,512010,医药ETF,4000469.49
2026-09-15,SSE,512020,A500,110301.27
2026-09-15,SSE,512030,A50增,4324
2026-09-15,SSE,512040,国信价值,464871.59
2026-09-15,SSE,512050,A500E,1617199.22
2026-09-15,SSE,512060,A100指基,892.8
2026-09-15,SSE,512070,证券保险,1652547.97
2026-09-15,SSE,512080,A500中金,78518.61
2026-09-15,SSE,512090,MSCI易基,32159.23
2026-09-15,SSE,512100,1000ETF,585721.76
2026-09-15,SSE,512120,医药50,77024.19
2026-09-15,SSE,512130,现金全指,1289.5
2026-09-15,SSE,512140,电力事业,13404.9
2026-09-15,SSE,512150,A50ETF,1807.34
2026-09-15,SSE,512160,MSCI基金,11977.78
2026-09-15,SSE,512170,医疗ETF,7181282.05
2026-09-15,SSE,512180,建信MSCI,4804.8
2026-09-15,SSE,512190,之江凤凰,20781.84
2026-09-15,SSE,512200,地产ETF,323109.79
2026-09-15,SSE,512220,TMTETF,21446.76
2026-09-15,SSE,512240,A50龙头,2168.6
2026-09-15,SSE,512250,A50指数E,11960.01
2026-09-15,SSE,512260,500低波,2049.77
2026-09-15,SSE,512290,生物医药,318482.07
2026-09-15,SSE,512330,信息ETF,35518.8
2026-09-15,SSE,512360,MSCI国际,2733.77
2026-09-15,SSE,512370,A500增指,29931.3
2026-09-15,SSE,512380,MSCI中国,7280.56
2026-09-15,SSE,512390,MSCI低波,968.2
2026-09-15,SSE,512400,有色ETF,1436153.9
2026-09-15,SSE,512410,银行广发,4467.17
2026-09-15,SSE,512420,机械华安,7023.89
2026-09-15,SSE,512430,家电家居,3872
2026-09-15,SSE,512450,广发养殖,9886.7
2026-09-15,SSE,512460,电池主题,31682.3
2026-09-15,SSE,512480,半导体,2021800.72
2026-09-15,SSE,512500,中证500,180480.88
2026-09-15,SSE,512510,ETF500,43192.98
2026-09-15,SSE,512520,MSCIETF,4505.64
2026-09-15,SSE,512530,300红利,9250.2
2026-09-15,SSE,512550,A50基金,10990.6
2026-09-15,SSE,512560,中证军工,92312.7
2026-09-15,SSE,512570,中证证券,405680.61
2026-09-15,SSE,512580,环保ETF,53907.17
2026-09-15,SSE,512600,必选消费,168695.61
2026-09-15,SSE,512620,农业TH,134866.6
2026-09-15,SSE,512630,卫星基金,160342.6
2026-09-15,SSE,512640,金融地产,2074.09
2026-09-15,SSE,512650,长三角,3894.16
2026-09-15,SSE,512660,军工ETF,674808
2026-09-15,SSE,512670,国防ETF,204265.26
2026-09-15,SSE,512680,军工基金,307613.01
2026-09-15,SSE,512690,酒ETF,3228595.02
2026-09-15,SSE,512700,银行基金,68508.1
2026-09-15,SSE,512710,军工龙头,1103365.84
2026-09-15,SSE,512720,计算机,35345.34
2026-09-15,SSE,512730,银行FUND,5108.39
2026-09-15,SSE,512740,车零件GF,18489.84
2026-09-15,SSE,512750,基本面50,4565.49
2026-09-15,SSE,512760,芯片ETF,1016944.55
2026-09-15,SSE,512770,战略新兴,9826.78
2026-09-15,SSE,512800,银行ETF,1171527.99
2026-09-15,SSE,512810,国防军工,95758.35
2026-09-15,SSE,512820,银行股基,43990.19
2026-09-15,SSE,512870,杭州湾区,2241.06
2026-09-15,SSE,512880,证券ETF,5665429.15
2026-09-15,SSE,512890,红利低波,2618911.08
2026-09-15,SSE,512900,证券基金,741940.6
2026-09-15,SSE,512910,100ETF,12962.88
2026-09-15,SSE,512930,AIETF,492852.13
2026-09-15,SSE,512940,有色矿业,215270.5
2026-09-15,SSE,512950,央企改革,404355.1
2026-09-15,SSE,512960,央调ETF,385485.73
2026-09-15,SSE,512970,湾区ETF,598.76
2026-09-15,SSE,512980,传媒ETF,507442.44
2026-09-15,SSE,512990,MSCIA股,9701.54
2026-09-15,SSE,513000,225ETF,105991.14
2026-09-15,SSE,513010,港股科技,4440230.7
2026-09-15,SSE,513020,科技HK,231514.54
2026-09-15,SSE,513030,德国ETF,102777.9
2026-09-15,SSE,513040,HK互联网,676584.13
2026-09-15,SSE,513050,中概互联,3467343.27
2026-09-15,SSE,513060,恒生医疗,845539.33
2026-09-15,SSE,513070,HK消费50,133376.08
2026-09-15,SSE,513080,法国ETF,67091.6
2026-09-15,SSE,513090,香港证券,975548.8
2026-09-15,SSE,513100,纳指ETF,948711.06
2026-09-15,SSE,513110,纳指100,221143.5
2026-09-15,SSE,513120,HK创新药,1780313.54
2026-09-15,SSE,513130,恒生科技,6039134.7
2026-09-15,SSE,513140,港股金融,7836.8
2026-09-15,SSE,513150,港科技50,10055.98
2026-09-15,SSE,513160,科技30,314218.93
2026-09-15,SSE,513170,恒生央企,15557.3
2026-09-15,SSE,513180,恒指科技,7099575.95
2026-09-15,SSE,513190,H股金融,103093.6
2026-09-15,SSE,513200,港股医药,85528.21
2026-09-15,SSE,513210,恒生E,3994.2
2026-09-15,SSE,513220,互联网30,52910.94
2026-09-15,SSE,513230,H股消费,32942.27
2026-09-15,SSE,513240,港信息,10449.6
2026-09-15,SSE,513260,恒科技,494724.3
2026-09-15,SSE,513280,恒生生物,35011.45
2026-09-15,SSE,513290,纳指生物,106457.21
2026-09-15,SSE,513300,纳斯达克,540067.1
2026-09-15,SSE,513310,中韩芯片,248742.7
2026-09-15,SSE,513320,HK新经济,9101.06
2026-09-15,SSE,513330,恒生互联,7350148
2026-09-15,SSE,513350,油气ETF,85374.6
2026-09-15,SSE,513360,教育ETF,61921.39
2026-09-15,SSE,513380,科技恒生,1817678.49
2026-09-15,SSE,513390,纳指基金,215437.91
2026-09-15,SSE,513400,道琼斯,294206.2
2026-09-15,SSE,513500,标普500,1027563.86
2026-09-15,SSE,513520,日经ETF,108238.72
2026-09-15,SSE,513530,港股红利,323393.87
2026-09-15,SSE,513550,港股通50,166699.2
2026-09-15,SSE,513560,香港科技,53138.6
2026-09-15,SSE,513580,HS科技,605411.8
2026-09-15,SSE,513590,香港消费,13051.89
2026-09-15,SSE,513600,恒指ETF,60882.95
2026-09-15,SSE,513620,港医疗指,5621.6
2026-09-15,SSE,513630,香港红利,741235.9
2026-09-15,SSE,513650,标普ETF,438373.4
2026-09-15,SSE,513660,恒生通,179000.02
2026-09-15,SSE,513690,港红利股,314247.99
2026-09-15,SSE,513700,香港医药,77684.6
2026-09-15,SSE,513720,香港互联,25085.9
2026-09-15,SSE,513730,东南亚,78335.5
2026-09-15,SSE,513750,港股非银,791083.8
2026-09-15,SSE,513770,港股互联,1424213.79
2026-09-15,SSE,513780,港股新药,182465.7
2026-09-15,SSE,513800,东证ETF,103624.44
2026-09-15,SSE,513810,港股国企,4399.2
2026-09-15,SSE,513820,港股分红,171116.9
2026-09-15,SSE,513830,红利港股,5231.1
2026-09-15,SSE,513850,美国50,130289.26
2026-09-15,SSE,513860,HKC科技,259247.06
2026-09-15,SSE,513870,纳指指数,138667.1
2026-09-15,SSE,513880,日经225,132397
2026-09-15,SSE,513890,HK科技,89212.8
2026-09-15,SSE,513900,港股100,8997.8
2026-09-15,SSE,513910,红利央企,194527.6
2026-09-15,SSE,513920,央企40,250123.1
2026-09-15,SSE,513930,香港生科,8640.8
2026-09-15,SSE,513950,恒生红利,236411.9
2026-09-15,SSE,513970,恒生消费,140504.1
2026-09-15,SSE,513980,科技港股,1643120.4
2026-09-15,SSE,513990,港股通综,4300
2026-09-15,SSE,515000,科技ETF,323457.93
2026-09-15,SSE,515010,华夏证券,210477.16
2026-09-15,SSE,515020,银行指数,38784.53
2026-09-15,SSE,515030,新汽车,149138.4
2026-09-15,SSE,515040,工业金属,5531.96
2026-09-15,SSE,515050,5GETF,1769520.54
2026-09-15,SSE,515060,华夏地产,103847.81
2026-09-15,SSE,515070,AI智能,756294.04
2026-09-15,SSE,515080,中证红利,698314.89
2026-09-15,SSE,515090,可持续,880.17
2026-09-15,SSE,515100,红利100,361144.15
2026-09-15,SSE,515110,国企方达,21329.5
2026-09-15,SSE,515120,创新药,1754199.36
2026-09-15,SSE,515130,HS300E,9746.32
2026-09-15,SSE,515150,国企富国,39970.32
2026-09-15,SSE,515160,MSCI招商,24395.51
2026-09-15,SSE,515170,食品饮料,859825.79
2026-09-15,SSE,515180,100红利,1271363.7
2026-09-15,SSE,515190,BOCI500,29546.61
2026-09-15,SSE,515200,创新100,3894.32
2026-09-15,SSE,515210,钢铁ETF,95272.61
2026-09-15,SSE,515220,煤炭ETF,812517.69
2026-09-15,SSE,515230,软件ETF,809969.09
2026-09-15,SSE,515250,智能汽车,34294.45
2026-09-15,SSE,515260,电子ETF,88256.84
2026-09-15,SSE,515290,银行,245387.29
2026-09-15,SSE,515300,红利300,274367.52
2026-09-15,SSE,515310,添富300,33211.12
2026-09-15,SSE,515320,电子50,8830.9
2026-09-15,SSE,515330,天弘300,616170.95
2026-09-15,SSE,515350,民生300,1169.92
2026-09-15,SSE,515360,方正300,3727.93
2026-09-15,SSE,515370,中证光伏,97771.3
2026-09-15,SSE,515380,泰康300,66159.98
2026-09-15,SSE,515390,HS300,192668.3
2026-09-15,SSE,515400,大数据,176563.14
2026-09-15,SSE,515440,A股南方,14917.93
2026-09-15,SSE,515450,红利50,1431433.5
2026-09-15,SSE,515460,质量红利,27509.1
2026-09-15,SSE,515480,红利一百,2434.07
2026-09-15,SSE,515530,泰康500,1384.27
2026-09-15,SSE,515550,国联500,2034.57
2026-09-15,SSE,515560,证券E,19088.33
2026-09-15,SSE,515580,中证科技,30203.14
2026-09-15,SSE,515590,500ETFEW,3411.37
2026-09-15,SSE,515600,央企创新,103579.74
2026-09-15,SSE,515630,保险证券,94171.77
2026-09-15,SSE,515640,家电指数,1705
2026-09-15,SSE,515650,消费50,311718.4
2026-09-15,SSE,515660,沪深300E,43449.42
2026-09-15,SSE,515680,创新央企,109626.47
2026-09-15,SSE,515700,新能车,66051.02
2026-09-15,SSE,515710,食品ETF,233359.98
2026-09-15,SSE,515720,金科富国,45061.1
2026-09-15,SSE,515730,家居家电,4089.2
2026-09-15,SSE,515750,科技50,26714.05
2026-09-15,SSE,515760,浙江国资,9488.81
2026-09-15,SSE,515770,MSCIAETF,3972.73
2026-09-15,SSE,515790,光伏ETF,596149.4
2026-09-15,SSE,515800,800ETF,382243.72
2026-09-15,SSE,515810,ZZ800ETF,26690.88
2026-09-15,SSE,515840,食品南方,3042.64
2026-09-15,SSE,515850,证券龙头,65529.1
2026-09-15,SSE,515860,科技100,10287.89
2026-09-15,SSE,515880,通信ETF,6395777.4
2026-09-15,SSE,515890,红利博时,38244.39
2026-09-15,SSE,515900,央创ETF,222184.65
2026-09-15,SSE,515910,质量ETF,22450.7
2026-09-15,SSE,515920,智能消费,6140.57
2026-09-15,SSE,515950,医药龙头,53720.06
2026-09-15,SSE,515960,医药100,23999.19
2026-09-15,SSE,515970,华夏机械,50908.8
2026-09-15,SSE,515980,人工智能,635612.9
2026-09-15,SSE,515990,添富国企,5235.02
2026-09-15,SSE,516000,数据ETF,44585.5
2026-09-15,SSE,516010,游戏ETF,232769.3
2026-09-15,SSE,516020,化工ETF,353782.62
2026-09-15,SSE,516050,科技龙头,16222.8
2026-09-15,SSE,516060,新药ETF,30523.74
2026-09-15,SSE,516070,碳中和50,29864.6
2026-09-15,SSE,516080,创新医药,511755.48
2026-09-15,SSE,516090,新能源E,169884.48
2026-09-15,SSE,516100,科技金融,115675.97
2026-09-15,SSE,516110,汽车ETF,24162.31
2026-09-15,SSE,516120,化工50,488808.2
2026-09-15,SSE,516130,消费龙头,156889
2026-09-15,SSE,516150,稀土基金,379007.7
2026-09-15,SSE,516160,新能源,153714.2
2026-09-15,SSE,516180,光伏产业,15198.7
2026-09-15,SSE,516190,文娱ETF,11081.85
2026-09-15,SSE,516200,证券行业,45160.4
2026-09-15,SSE,516210,银行股,7033.1
2026-09-15,SSE,516220,化工龙头,25617
2026-09-15,SSE,516230,光伏招商,75492.1
2026-09-15,SSE,516250,富国机械,6087.8
2026-09-15,SSE,516260,物联网50,4588.26
2026-09-15,SSE,516270,新能源50,32990.9
2026-09-15,SSE,516290,光伏基金,75319.69
2026-09-15,SSE,516300,中证1000,3901.26
2026-09-15,SSE,516310,银行指基,152695.85
2026-09-15,SSE,516320,装备ETF,8958.93
2026-09-15,SSE,516330,物联网,727.13
2026-09-15,SSE,516350,芯片50,139441.53
2026-09-15,SSE,516360,新材料,5855.18
2026-09-15,SSE,516370,全指电力,27740.8
2026-09-15,SSE,516380,智能电车,8844.93
2026-09-15,SSE,516390,电动车,18876.1
2026-09-15,SSE,516440,南方机械,13062.66
2026-09-15,SSE,516460,现金流E,41969.3
2026-09-15,SSE,516500,生物ETF,20893.72
2026-09-15,SSE,516510,云计算,152789
2026-09-15,SSE,516520,智能驾驶,78176.55
2026-09-15,SSE,516530,物流快递,1730.23
2026-09-15,SSE,516550,农业ETF,26541.44
2026-09-15,SSE,516560,养老ETF,21475.8
2026-09-15,SSE,516570,石化ETF,114135.76
2026-09-15,SSE,516580,新能源BS,14812.41
2026-09-15,SSE,516590,电动汽车,5201.5
2026-09-15,SSE,516600,消服ETF,11033.21
2026-09-15,SSE,516610,医服ETF,23297.48
2026-09-15,SSE,516620,影视ETF,21276.75
2026-09-15,SSE,516630,云计算50,45815.6
2026-09-15,SSE,516640,芯片龙头,136648.28
2026-09-15,SSE,516650,有色50,532346.48
2026-09-15,SSE,516660,新能汽车,15768.9
2026-09-15,SSE,516670,畜牧养殖,329026.63
2026-09-15,SSE,516700,数据产业,17962.2
2026-09-15,SSE,516710,新材料50,7427.2
2026-09-15,SSE,516720,ESGETF,783.78
2026-09-15,SSE,516730,证券公司,22738.08
2026-09-15,SSE,516750,建材ETF,13916.73
2026-09-15,SSE,516760,养殖ETF,28321.51
2026-09-15,SSE,516770,游戏动漫,24004.8
2026-09-15,SSE,516780,稀土ETF,235509.97
2026-09-15,SSE,516790,保健ETF,18528.22
2026-09-15,SSE,516800,智能制造,18230.8
2026-09-15,SSE,516810,农业,55247.89
2026-09-15,SSE,516820,医疗创新,462441.52
2026-09-15,SSE,516830,300ESG,9217.69
2026-09-15,SSE,516840,汽车基金,13127.7
2026-09-15,SSE,516850,新能源80,14623.7
2026-09-15,SSE,516860,金融科技,118052.2
2026-09-15,SSE,516880,光伏50,92194.41
2026-09-15,SSE,516890,新材ETF,3531.14
2026-09-15,SSE,516900,食品50,28022.9
2026-09-15,SSE,516910,物流ETF,5964.18
2026-09-15,SSE,516920,芯片基金,49946.3
2026-09-15,SSE,516930,生科ETF,10913.96
2026-09-15,SSE,516950,基建ETF,10782.1
2026-09-15,SSE,516960,机械ETF,1605.11
2026-09-15,SSE,516970,基建50,110404.25
2026-09-15,SSE,516980,证券先锋,5401.6
2026-09-15,SSE,517000,沪港深,12279.3
2026-09-15,SSE,517010,HGS500E,7814.42
2026-09-15,SSE,517030,HGS300,8404.03
2026-09-15,SSE,517050,互联网50,34960.5
2026-09-15,SSE,517080,HGS500,16916.6
2026-09-15,SSE,517090,共赢ETF,8207.5
2026-09-15,SSE,517100,AH500ETF,14360.21
2026-09-15,SSE,517110,创新药HK,124209.85
2026-09-15,SSE,517120,创新药50,52696.64
2026-09-15,SSE,517130,云计算JS,18865.4
2026-09-15,SSE,517160,长江ETF,182677.75
2026-09-15,SSE,517170,沪港深E,1613.18
2026-09-15,SSE,517180,中国国企,8549.63
2026-09-15,SSE,517200,互联网,14478.2
2026-09-15,SSE,517230,云计算MW,14854.58
2026-09-15,SSE,517300,AH300ETF,100243.45
2026-09-15,SSE,517330,长江保护,180916.9
2026-09-15,SSE,517350,龙头科技,4604.2
2026-09-15,SSE,517360,AH科技,2358.3
2026-09-15,SSE,517380,创新药AH,287032.63
2026-09-15,SSE,517390,云计算AH,12911.26
2026-09-15,SSE,517400,黄金股票,98179.2
2026-09-15,SSE,517520,黄金股,642190.4
2026-09-15,SSE,517550,消费主题,8041.74
2026-09-15,SSE,517660,物联网AH,3988.07
2026-09-15,SSE,517770,游戏传媒,18994.78
2026-09-15,SSE,517800,AI50,21553.97
2026-09-15,SSE,517850,张江ETF,3818.52
2026-09-15,SSE,517880,品牌消费,4933.71
2026-09-15,SSE,517900,银行优选,39499.35
2026-09-15,SSE,517950,交银科技,4862.32
2026-09-15,SSE,517990,医药基金,4598.79
2026-09-15,SSE,518600,上海金,85561.63
2026-09-15,SSE,518660,工银黄金,97275.27
2026-09-15,SSE,518680,金ETF,86086.95
2026-09-15,SSE,518800,黄金基金,394127.92
2026-09-15,SSE,518850,黄金9999,194077.87
2026-09-15,SSE,518860,上海金E,47055.98
2026-09-15,SSE,518880,黄金ETF,1190374.08
2026-09-15,SSE,518890,中银黄金,37555.48
2026-09-15,SSE,520500,恒生新药,190080.5
2026-09-15,SSE,520510,港股医疗,34872.8
2026-09-15,SSE,520520,HK消费,5160.6
2026-09-15,SSE,520530,港科ETF,24977.6
2026-09-15,SSE,520550,XD红利恒,116502.4
2026-09-15,SSE,520560,香港30,60741.9
2026-09-15,SSE,520570,科技恒指,360587.6
2026-09-15,SSE,520580,新兴亚洲,29298.39
2026-09-15,SSE,520590,恒科,21523.5
2026-09-15,SSE,520600,汽车港股,26536.8
2026-09-15,SSE,520610,港红利指,40596.3
2026-09-15,SSE,520620,港股消费,28440.9
2026-09-15,SSE,520630,互联港股,59411
2026-09-15,SSE,520650,互联网HK,248375.5
2026-09-15,SSE,520660,港红利CS,195348.55
2026-09-15,SSE,520670,港科基金,21992.81
2026-09-15,SSE,520680,港股通车,7336.9
2026-09-15,SSE,520690,恒生港药,63645.4
2026-09-15,SSE,520700,创新药WJ,46107.6
2026-09-15,SSE,520710,信息港股,9802.9
2026-09-15,SSE,520720,香港汽车,13594.2
2026-09-15,SSE,520730,汽车WJ,12039.44
2026-09-15,SSE,520740,互联香港,4501.26
2026-09-15,SSE,520750,HK信息,13338.4
2026-09-15,SSE,520760,港股生物,13046.6
2026-09-15,SSE,520770,港股恒指,21337.38
2026-09-15,SSE,520780,港股车50,3946
2026-09-15,SSE,520790,港互联网,63807.5
2026-09-15,SSE,520810,港高股息,31836
2026-09-15,SSE,520820,恒指通,5868.2
2026-09-15,SSE,520830,沙特ETF,103261.9
2026-09-15,SSE,520840,港科技,115254.9
2026-09-15,SSE,520850,港医疗,14624.96
2026-09-15,SSE,520860,港股通科,34419.5
2026-09-15,SSE,520870,巴西ETF,51597.72
2026-09-15,SSE,520880,港创新药,437161.8
2026-09-15,SSE,520890,港红利,7900.8
2026-09-15,SSE,520900,红利香港,152317.5
2026-09-15,SSE,520910,HK互联,75644.5
2026-09-15,SSE,520920,恒生科TH,1920701.9
2026-09-15,SSE,520930,恒生生科,15573.3
2026-09-15,SSE,520940,恒指基金,2229.7
2026-09-15,SSE,520950,港股50,34142.1
2026-09-15,SSE,520960,恒指港通,5060.34
2026-09-15,SSE,520970,港股通药,125035.8
2026-09-15,SSE,520980,港科技30,321438.7
2026-09-15,SSE,520990,国新红利,334747.05
2026-09-15,SSE,526000,港股信息,17614.2
2026-09-15,SSE,526010,香港医疗,3445.8
2026-09-15,SSE,526030,港信息基,15646.5
2026-09-15,SSE,526050,香港信息,5363
2026-09-15,SSE,526060,港股技术,4887.7
2026-09-15,SSE,526070,恒生博时,5237.7
2026-09-15,SSE,530000,50ETF基,94002.94
2026-09-15,SSE,530050,SH50ETF,13081.3
2026-09-15,SSE,530060,上证综E,94219.3
2026-09-15,SSE,530080,180指基,2491.7
2026-09-15,SSE,530100,上证580,12069.6
2026-09-15,SSE,530180,上证180,6395.2
2026-09-15,SSE,530280,180ETF指,2993.4
2026-09-15,SSE,530300,180指数,3364.3
2026-09-15,SSE,530380,上证380,13470.5
2026-09-15,SSE,530530,580ETF,13446
2026-09-15,SSE,530580,180基金,5314.9
2026-09-15,SSE,530680,180E,10489.19
2026-09-15,SSE,530800,上180ETF,1820.18
2026-09-15,SSE,530880,上证红利,3733.6
2026-09-15,SSE,551000,科创债,7690.41
2026-09-15,SSE,551030,科创债券,18424
2026-09-15,SSE,551060,科创债沪,5761.1
2026-09-15,SSE,551300,科创债摩,5309.75
2026-09-15,SSE,551500,科创债易,14372
2026-09-15,SSE,551510,科债AAA,14904.61
2026-09-15,SSE,551520,科创债汇,21694.16
2026-09-15,SSE,551550,科创AAA,19066.82
2026-09-15,SSE,551560,科创债兴,17210.88
2026-09-15,SSE,551580,科创债TK,10756.68
2026-09-15,SSE,551800,国泰科债,11629.14
2026-09-15,SSE,551900,科创债指,14022.17
2026-09-15,SSE,560010,1000基金,186262.17
2026-09-15,SSE,560020,红利添富,13156.2
2026-09-15,SSE,560030,800价值,2143.2
2026-09-15,SSE,560050,MSCIA50,216243.44
2026-09-15,SSE,560060,碳中和基,7509
2026-09-15,SSE,560070,央企分红,8236.23
2026-09-15,SSE,560080,中药ETF,224976.5
2026-09-15,SSE,560090,证券指数,232536.5
2026-09-15,SSE,560100,增强ETF,6408.03
2026-09-15,SSE,560110,ZZ1000,35290.35
2026-09-15,SSE,560120,500现金,57368.9
2026-09-15,SSE,560130,食品基金,6777.62
2026-09-15,SSE,560150,红利TK,67027.93
2026-09-15,SSE,560160,食品E,10770.6
2026-09-15,SSE,560170,央企科技,38849.55
2026-09-15,SSE,560180,ESG300,1560.3
2026-09-15,SSE,560190,公用事业,2683.4
2026-09-15,SSE,560210,景顺农牧,48752.2
2026-09-15,SSE,560220,2000基金,6071.7
2026-09-15,SSE,560230,光伏富国,8788.9
2026-09-15,SSE,560250,红利质量,12733.3
2026-09-15,SSE,560260,医疗50,171666.47
2026-09-15,SSE,560270,电力指数,15843.9
2026-09-15,SSE,560280,工程机械,140775.2
2026-09-15,SSE,560290,景顺有色,37869.4
2026-09-15,SSE,560300,电信50,2780.34
2026-09-15,SSE,560310,光伏博时,18712.2
2026-09-15,SSE,560320,食品富国,10333.2
2026-09-15,SSE,560330,300价值E,1613
2026-09-15,SSE,560350,A50指数,83953.21
2026-09-15,SSE,560360,软件指数,22934.5
2026-09-15,SSE,560370,全指红利,21608.4
2026-09-15,SSE,560380,A100,14086.1
2026-09-15,SSE,560390,电网E,200825.8
2026-09-15,SSE,560400,证券华泰,17449.3
2026-09-15,SSE,560410,电池鹏华,5978.61
2026-09-15,SSE,560420,食品Q,12478.02
2026-09-15,SSE,560450,电力TH,24056.9
2026-09-15,SSE,560460,电力平安,27253.7
2026-09-15,SSE,560470,有色E,30034
2026-09-15,SSE,560480,中证电力,12780.3
2026-09-15,SSE,560490,华泰有色,10848.2
2026-09-15,SSE,560500,500质量,29733.9
2026-09-15,SSE,560510,中证A500,255202.69
2026-09-15,SSE,560520,红利大成,5675.1
2026-09-15,SSE,560530,A500ETF,399162.37
2026-09-15,SSE,560550,碳中和,12359.74
2026-09-15,SSE,560560,碳中和TK,7019.01
2026-09-15,SSE,560570,A500低波,117954.12
2026-09-15,SSE,560580,电力指基,41600.3
2026-09-15,SSE,560590,1000鹏华,1971
2026-09-15,SSE,560610,A500指数,523698.84
2026-09-15,SSE,560620,公用WJ,2586.7
2026-09-15,SSE,560630,机器人WJ,15039.4
2026-09-15,SSE,560660,云50ETF,12593.8
2026-09-15,SSE,560670,中证银行,3897.4
2026-09-15,SSE,560680,龙头消费,33072.56
2026-09-15,SSE,560690,电信主题,2038.9
2026-09-15,SSE,560700,央红利50,45353.69
2026-09-15,SSE,560710,船舶ETF,162158
2026-09-15,SSE,560720,工银红利,9454.8
2026-09-15,SSE,560730,红利GTHT,7083.63
2026-09-15,SSE,560750,A500申万,7555.48
2026-09-15,SSE,560770,机器人ZS,165913.3
2026-09-15,SSE,560780,半导设备,1228348.8
2026-09-15,SSE,560790,软件服务,22045.59
2026-09-15,SSE,560800,数字ETF,30195.11
2026-09-15,SSE,560810,央企ESG,18011.6
2026-09-15,SSE,560820,A50新华,4092.6
2026-09-15,SSE,560830,电指数,66801.9
2026-09-15,SSE,560850,信创50,7116.4
2026-09-15,SSE,560860,工业有色,542523.3
2026-09-15,SSE,560870,中银有色,9135.19
2026-09-15,SSE,560880,家电基金,18773.2
2026-09-15,SSE,560900,创新药企,21196.91
2026-09-15,SSE,560910,中证电池,21972.1
2026-09-15,SSE,560920,招商机械,4537.33
2026-09-15,SSE,560930,电力E,19702.4
2026-09-15,SSE,560950,500增,1348.3
2026-09-15,SSE,560970,有色金属,6913.8
2026-09-15,SSE,560980,光伏龙头,33902.2
2026-09-15,SSE,560990,科技先锋,1618.71
2026-09-15,SSE,561000,300指增,4992
2026-09-15,SSE,561010,软件开发,29535.6
2026-09-15,SSE,561020,食品招商,2602.22
2026-09-15,SSE,561030,机械华泰,18255
2026-09-15,SSE,561050,稀金属E,23325
2026-09-15,SSE,561060,红利国企,4656.5
2026-09-15,SSE,561080,现金自由,2425
2026-09-15,SSE,561090,A500增,20997.4
2026-09-15,SSE,561100,电子龙头,59474.69
2026-09-15,SSE,561120,家电ETF,2815.99
2026-09-15,SSE,561130,国货ETF,8593.52
2026-09-15,SSE,561160,锂电池,229583.5
2026-09-15,SSE,561170,绿电50,51153.27
2026-09-15,SSE,561180,A100ETF,4960.96
2026-09-15,SSE,561190,双碳ETF,19331.8
2026-09-15,SSE,561200,A100基金,3147.05
2026-09-15,SSE,561220,国企数字,4755.3
2026-09-15,SSE,561230,A50,46447.78
2026-09-15,SSE,561250,稀金属PH,6175.22
2026-09-15,SSE,561260,能源ETF,2389.52
2026-09-15,SSE,561280,增强1000,8184.77
2026-09-15,SSE,561300,300增ETF,55396.5
2026-09-15,SSE,561310,消电ETF,10783.31
2026-09-15,SSE,561320,交运ETF,3436.9
2026-09-15,SSE,561330,矿业ETF,183839.21
2026-09-15,SSE,561350,国泰500,9770
2026-09-15,SSE,561360,石油ETF,135214.8
2026-09-15,SSE,561370,2000ETF,3235.6
2026-09-15,SSE,561380,电网ETF,621603.4
2026-09-15,SSE,561390,稀金属PA,8912.81
2026-09-15,SSE,561400,鑫元养殖,2551.9
2026-09-15,SSE,561410,光伏工银,19861.33
2026-09-15,SSE,561420,300现金,100723.7
2026-09-15,SSE,561430,全指质量,3122.32
2026-09-15,SSE,561450,华泰红利,7462.43
2026-09-15,SSE,561460,AITH,238852
2026-09-15,SSE,561470,畜牧TH,7393.6
2026-09-15,SSE,561490,红利财通,7863.13
2026-09-15,SSE,561500,漂亮50,5460.03
2026-09-15,SSE,561510,中医药,6520.6
2026-09-15,SSE,561530,银华银行,5853.4
2026-09-15,SSE,561550,500指增,136348.96
2026-09-15,SSE,561560,电力ETF,191062.42
2026-09-15,SSE,561570,油气基金,7314.7
2026-09-15,SSE,561580,央企红利,197137.07
2026-09-15,SSE,561590,1000增强,10149.96
2026-09-15,SSE,561600,消费电子,30054.8
2026-09-15,SSE,561620,华泰化工,3122.7
2026-09-15,SSE,561630,华泰质量,4089.8
2026-09-15,SSE,561660,通航基金,6971
2026-09-15,SSE,561680,A500红低,5316.9
2026-09-15,SSE,561690,质量300,31888.06
2026-09-15,SSE,561700,电力基金,35381.36
2026-09-15,SSE,561730,中证A股,7074.81
2026-09-15,SSE,561750,A50博时,6149.6
2026-09-15,SSE,561760,油气博时,16069.5
2026-09-15,SSE,561770,指基A100,3555
2026-09-15,SSE,561780,1000指增,1735.58
2026-09-15,SSE,561790,现代能源,5543.4
2026-09-15,SSE,561800,稀金属,20957.72
2026-09-15,SSE,561810,华泰医疗,5363.84
2026-09-15,SSE,561830,有色GTHT,18357.11
2026-09-15,SSE,561870,现金流指,8876.5
2026-09-15,SSE,561880,A100指数,8438.9
2026-09-15,SSE,561890,A股E,3611.26
2026-09-15,SSE,561900,沪深ESG,2933.44
2026-09-15,SSE,561910,电池ETF,484007.66
2026-09-15,SSE,561920,疫苗龙头,5469.2
2026-09-15,SSE,561930,招商300,18726.06
2026-09-15,SSE,561950,500增强A,7215.6
2026-09-15,SSE,561960,央企回报,5718.52
2026-09-15,SSE,561980,芯片设备,852555
2026-09-15,SSE,561990,300增强,33464.92
2026-09-15,SSE,562000,中证A100,59673.79
2026-09-15,SSE,562010,绿色能源,1829.87
2026-09-15,SSE,562030,信创基金,15597.39
2026-09-15,SSE,562050,药ETF,11746.8
2026-09-15,SSE,562060,标普红利,537179.26
2026-09-15,SSE,562070,300ETF增,55554.2
2026-09-15,SSE,562080,自由现金,57275.72
2026-09-15,SSE,562150,红利PH,22156.75
2026-09-15,SSE,562170,300现金E,23859.22
2026-09-15,SSE,562180,红低A500,9415
2026-09-15,SSE,562300,低碳ETF,6349.5
2026-09-15,SSE,562310,300成长,41857.23
2026-09-15,SSE,562320,300价值A,5229.55
2026-09-15,SSE,562330,500价值,1201.89
2026-09-15,SSE,562340,500成长,814.43
2026-09-15,SSE,562350,电力,12741.09
2026-09-15,SSE,562360,机器人YH,29847.4
2026-09-15,SSE,562380,科技引领,7312.89
2026-09-15,SSE,562390,中药,8142.9
2026-09-15,SSE,562500,机器人,1857568.73
2026-09-15,SSE,562510,旅游ETF,113659.5
2026-09-15,SSE,562520,1000成长,2656.8
2026-09-15,SSE,562530,1000价值,14914.4
2026-09-15,SSE,562550,绿电ETF,145491.93
2026-09-15,SSE,562560,信息技术,2276.55
2026-09-15,SSE,562570,信创ETF,30928.1
2026-09-15,SSE,562580,可选消费,4072.33
2026-09-15,SSE,562590,半导材料,887598.9
2026-09-15,SSE,562600,医疗器械,45693.74
2026-09-15,SSE,562660,ZZ2000,35487.4
2026-09-15,SSE,562700,汽车零件,10075
2026-09-15,SSE,562800,稀有金属,589409.5
2026-09-15,SSE,562810,上证增强,4795.1
2026-09-15,SSE,562820,集成电路,45140.8
2026-09-15,SSE,562850,央企能源,17598.15
2026-09-15,SSE,562860,疫苗ETF,33289.5
2026-09-15,SSE,562870,证券全指,59150.52
2026-09-15,SSE,562880,电池基金,89539.96
2026-09-15,SSE,562890,A50中证,27805.1
2026-09-15,SSE,562900,现代农业,22370.63
2026-09-15,SSE,562910,高端制造,29822.73
2026-09-15,SSE,562920,信息安全,9506.9
2026-09-15,SSE,562930,软件30,176043.7
2026-09-15,SSE,562950,消电50,103625.83
2026-09-15,SSE,562960,绿色电力,117139.1
2026-09-15,SSE,562970,光伏E,36844.8
2026-09-15,SSE,562990,碳中和E,37775.6
2026-09-15,SSE,563000,中国A50,147345.11
2026-09-15,SSE,563010,电信ETF,8918.93
2026-09-15,SSE,563020,低波红利,1025791
2026-09-15,SSE,563030,增强500,12716.9
2026-09-15,SSE,563050,科技央企,14620.84
2026-09-15,SSE,563060,央企50,18052.7
2026-09-15,SSE,563080,中证A50E,112058.84
2026-09-15,SSE,563090,上50增强,5484.8
2026-09-15,SSE,563150,油气资源,3439.9
2026-09-15,SSE,563180,高股息,9642
2026-09-15,SSE,563200,2000指数,5145.88
2026-09-15,SSE,563210,专精特新,11206.7
2026-09-15,SSE,563220,A500富国,635901.37
2026-09-15,SSE,563230,卫星ETF,322923.7
2026-09-15,SSE,563280,A50增强,520.66
2026-09-15,SSE,563300,中证2000,380867.4
2026-09-15,SSE,563320,通用航空,22089.2
2026-09-15,SSE,563330,A股ETF,3596.06
2026-09-15,SSE,563350,中证A50,17399.76
2026-09-15,SSE,563360,A500基金,3109398.74
2026-09-15,SSE,563380,航空航天,80295
2026-09-15,SSE,563390,现金基金,214034.4
2026-09-15,SSE,563500,A500华宝,76595.87
2026-09-15,SSE,563510,A500红利,28253.7
2026-09-15,SSE,563520,300永赢,44506.5
2026-09-15,SSE,563530,卫星E,153674.8
2026-09-15,SSE,563550,增强A500,7955.9
2026-09-15,SSE,563560,科技成长,5576.9
2026-09-15,SSE,563570,金融科,10437.4
2026-09-15,SSE,563580,现金800,23964.8
2026-09-15,SSE,563590,红利A500,5994.44
2026-09-15,SSE,563600,A500增强,6648.3
2026-09-15,SSE,563620,现金流全,5104.9
2026-09-15,SSE,563630,A500指增,3794.71
2026-09-15,SSE,563650,A500中证,14090.9
2026-09-15,SSE,563660,A500银河,6608.52
2026-09-15,SSE,563670,金科基金,18598.7
2026-09-15,SSE,563680,现金流TF,10395.9
2026-09-15,SSE,563690,红利永赢,5388.2
2026-09-15,SSE,563700,红利价值,35115
2026-09-15,SSE,563750,500添富,34473.7
2026-09-15,SSE,563760,中银现金,70791.32
2026-09-15,SSE,563770,全指现金,2730.7
2026-09-15,SSE,563780,现金指数,23502.71
2026-09-15,SSE,563790,卫星产业,117444.7
2026-09-15,SSE,563800,A500龙头,903797.81
2026-09-15,SSE,563830,现金流基,13489.6
2026-09-15,SSE,563850,食品广发,10408.17
2026-09-15,SSE,563860,A500海富,19184.43
2026-09-15,SSE,563870,航空通用,10330.39
2026-09-15,SSE,563880,A500添富,148999.64
2026-09-15,SSE,563890,红利国有,1983.6
2026-09-15,SSE,563900,现金流,45996.57
2026-09-15,SSE,563930,上指增强,2559.2
2026-09-15,SSE,563960,300质量,35101.2
2026-09-15,SSE,563980,800红利,21696.7
2026-09-15,SSE,563990,800现金,29457.3
2026-09-15,SSE,588000,科创50,5564366.82
2026-09-15,SSE,588010,科创材料,102292.58
2026-09-15,SSE,588020,科创50E,217137.3
2026-09-15,SSE,588030,科创指基,228583.81
2026-09-15,SSE,588040,科创板指,14788.9
2026-09-15,SSE,588050,科创ETF,679124.13
2026-09-15,SSE,588060,上证科创,813114
2026-09-15,SSE,588070,科创万家,3843.7
2026-09-15,SSE,588080,科创板50,2634762.81
2026-09-15,SSE,588090,科创板,318307.28
2026-09-15,SSE,588100,科创信息,23674.62
2026-09-15,SSE,588110,科创成长,96103.2
2026-09-15,SSE,588120,科100ETF,91362.2
2026-09-15,SSE,588130,科创药,47208.26
2026-09-15,SSE,588140,科200GF,21775.1
2026-09-15,SSE,588150,科创龙头,40843.26
2026-09-15,SSE,588160,科创新材,92049.6
2026-09-15,SSE,588170,科创半导,4206944.7
2026-09-15,SSE,588180,科创50基,79085.37
2026-09-15,SSE,588190,科创100,136961.83
2026-09-15,SSE,588200,科创芯片,4283368.43
2026-09-15,SSE,588210,科创100E,24825.4
2026-09-15,SSE,588220,科创100F,364869.79
2026-09-15,SSE,588230,科创200,66593.9
2026-09-15,SSE,588240,科200,11363.3
2026-09-15,SSE,588250,KC医药,28567.5
2026-09-15,SSE,588260,科创技术,4674.6
2026-09-15,SSE,588270,科创200F,29541
2026-09-15,SSE,588280,科创五零,41612.1
2026-09-15,SSE,588290,芯片科创,472169.1
2026-09-15,SSE,588300,双创ETF,154621.05
2026-09-15,SSE,588310,双创基金,3183.75
2026-09-15,SSE,588320,双创增强,8982.46
2026-09-15,SSE,588330,双创龙头,122973.78
2026-09-15,SSE,588350,双创,65854.6
2026-09-15,SSE,588360,创创ETF,23028.18
2026-09-15,SSE,588370,科创策略,7827.2
2026-09-15,SSE,588380,创50ETF,281077
2026-09-15,SSE,588390,科创创业,16193.59
2026-09-15,SSE,588400,双创50,140460.06
2026-09-15,SSE,588410,双创AI,11325
2026-09-15,SSE,588420,AI双创,33564.8
2026-09-15,SSE,588430,科创创AI,10045.8
2026-09-15,SSE,588450,科创50增,6356.87
2026-09-15,SSE,588460,科创增强,67501.4
2026-09-15,SSE,588470,双创智能,28390.7
2026-09-15,SSE,588480,AI50双创,24571.7
2026-09-15,SSE,588500,科创100Z,4364.7
2026-09-15,SSE,588510,智能双创,32317.5
2026-09-15,SSE,588520,科创增,1295.7
2026-09-15,SSE,588530,AIBOCI,22503.33
2026-09-15,SSE,588550,科创增指,6329
2026-09-15,SSE,588660,双创五零,3834.4
2026-09-15,SSE,588670,科综增强,3979.2
2026-09-15,SSE,588680,科100增,3536.1
2026-09-15,SSE,588690,科综指增,4763.6
2026-09-15,SSE,588700,科创生物,47283.62
2026-09-15,SSE,588710,科半导体,1081888.5
2026-09-15,SSE,588720,中银科创,11224.18
2026-09-15,SSE,588730,科创AI,75339.63
2026-09-15,SSE,588750,科创芯50,322922.8
2026-09-15,SSE,588760,AI科创,260853.2
2026-09-15,SSE,588770,信息科创,31159.71
2026-09-15,SSE,588780,芯片设计,108390.2
2026-09-15,SSE,588790,科创智能,348438.4
2026-09-15,SSE,588800,科创100C,166487.7
2026-09-15,SSE,588810,科创板芯,178864.8
2026-09-15,SSE,588820,科创200E,15140
2026-09-15,SSE,588830,科创新能,68784.79
2026-09-15,SSE,588840,50科创,6423.6
2026-09-15,SSE,588850,科创机械,8277.9
2026-09-15,SSE,588860,科创医药,36488.94
2026-09-15,SSE,588870,科创50指,95055.2
2026-09-15,SSE,588880,科创指数,11136.8
2026-09-15,SSE,588890,科创芯,278343
2026-09-15,SSE,588900,科创100S,36178.3
2026-09-15,SSE,588910,科创价值,10004.91
2026-09-15,SSE,588920,KC芯片,32187.6
2026-09-15,SSE,588930,科创板AI,64732.9
2026-09-15,SSE,588940,科创富国,317084
2026-09-15,SSE,588950,景顺科创,76172.97
2026-09-15,SSE,588960,新能科创,15057.98
2026-09-15,SSE,588980,科创广发,1442
2026-09-15,SSE,588990,科芯片,19974.54
2026-09-15,SSE,589000,科创综指,106750.78
2026-09-15,SSE,589010,科创AI指,95079.3
2026-09-15,SSE,589020,KC半导体,428843.8
2026-09-15,SSE,589030,科芯设计,92807.7
2026-09-15,SSE,589050,科创E,5096.8
2026-09-15,SSE,589060,科综东财,8213.79
2026-09-15,SSE,589070,科芯TH,203329.3
2026-09-15,SSE,589080,科创综E,14806.1
2026-09-15,SSE,589090,KCAI,20193.1
2026-09-15,SSE,589100,国泰芯片,91744.25
2026-09-15,SSE,589110,科AI国泰,55241.3
2026-09-15,SSE,589120,创新药基,141762
2026-09-15,SSE,589130,科创芯易,334778
2026-09-15,SSE,589150,科创平安,85543.72
2026-09-15,SSE,589160,科芯片GF,29029.6
2026-09-15,SSE,589170,芯设计KC,15390.9
2026-09-15,SSE,589180,科创材基,13881.8
2026-09-15,SSE,589190,科创芯基,379956.2
2026-09-15,SSE,589200,科200E,2550.7
2026-09-15,SSE,589210,芯设计GF,136493.8
2026-09-15,SSE,589220,科200GT,32849.58
2026-09-15,SSE,589230,AI科创CS,26605.3
2026-09-15,SSE,589250,芯设计PY,7510.13
2026-09-15,SSE,589260,科创芯设,11515.6
2026-09-15,SSE,589270,科创100Q,2151.66
2026-09-15,SSE,589280,科综增指,13906.9
2026-09-15,SSE,589290,芯片主题,14384.89
2026-09-15,SSE,589300,科综嘉实,4158.25
2026-09-15,SSE,589310,科创人工,31649.18
2026-09-15,SSE,589320,科200JS,11405.3
2026-09-15,SSE,589330,科200DC,17090.2
2026-09-15,SSE,589350,科芯片指,24628.15
2026-09-15,SSE,589360,科创50GT,272917.4
2026-09-15,SSE,589380,AI科创指,10569.43
2026-09-15,SSE,589390,芯设计,136381.05
2026-09-15,SSE,589400,芯设计FG,30778.52
2026-09-15,SSE,589410,科创AIJS,57256.56
2026-09-15,SSE,589420,芯设计MW,37048.15
2026-09-15,SSE,589430,科芯片设,23684.99
2026-09-15,SSE,589460,科200HB,21163.09
2026-09-15,SSE,589500,科综工银,8006.4
2026-09-15,SSE,589520,AI科创板,93910.46
2026-09-15,SSE,589550,KC价值,2829.55
2026-09-15,SSE,589560,科创AITF,26835.5
2026-09-15,SSE,589580,科综价格,1435.48
2026-09-15,SSE,589600,富国科综,22553.5
2026-09-15,SSE,589630,科综国泰,34325.8
2026-09-15,SSE,589660,综指科创,26953
2026-09-15,SSE,589680,科创综Z,143994.37
2026-09-15,SSE,589700,成长科创,3029.1
2026-09-15,SSE,589720,科创新药,531182.3
2026-09-15,SSE,589770,科创全指,15356.92
2026-09-15,SSE,589780,科200FG,6921.5
2026-09-15,SSE,589800,科创综合,110398.82
2026-09-15,SSE,589820,科200F,12972.02
2026-09-15,SSE,589850,科创东财,89505.7
2026-09-15,SSE,589860,天弘科综,16222.4
2026-09-15,SSE,589880,科创综,45999.6
2026-09-15,SSE,589890,景顺科综,8498.7
2026-09-15,SSE,589900,博时科综,16890.82
2026-09-15,SSE,589950,科100FG,36387.3
2026-09-15,SSE,589960,科创新源,17031.6
2026-09-15,SSE,589980,科基100,12912.2
2026-09-15,SSE,589990,科创板综,11009
2026-09-15,SZSE,158000,港股通金融ETF鹏华,7492.58
2026-09-15,SZSE,158001,价值ETF嘉实,11939.26
2026-09-15,SZSE,158003,港股通医疗ETF嘉实,7365.43
2026-09-15,SZSE,158005,工程机械ETF博时,12006.13
2026-09-15,SZSE,158006,化工ETF博时,4304.60
2026-09-15,SZSE,158008,新能源电池ETF华夏,24741.31
2026-09-15,SZSE,158009,航空航天ETF南方,3137.38
2026-09-15,SZSE,158010,医疗ETF嘉实,25521.33
2026-09-15,SZSE,158011,创业板软件ETF国泰,5834.26
2026-09-15,SZSE,158012,云计算ETF南方,27782.55
2026-09-15,SZSE,158013,航空航天ETF易方达,6034.52
2026-09-15,SZSE,158017,化工ETF易方达,6859.45
2026-09-15,SZSE,158019,电池ETF永赢,27428.19
2026-09-15,SZSE,158023,红利低波ETF万家,49408.07
2026-09-15,SZSE,158027,工业互联网ETF易方达,19814.30
2026-09-15,SZSE,158028,稀有金属ETF招商,21168.77
2026-09-15,SZSE,158032,化工ETF景顺,24483.55
2026-09-15,SZSE,159001,货币ETF易方达,3406.07
2026-09-15,SZSE,159003,招商快线ETF,199.23
2026-09-15,SZSE,159005,快钱ETF汇添富,132.90
2026-09-15,SZSE,159007,养殖ETF华泰柏瑞,18260.32
2026-09-15,SZSE,159008,证券ETF景顺,12828.45
2026-09-15,SZSE,159009,创业板新能源ETF易方达,15939.27
2026-09-15,SZSE,159010,港股通科技ETF博时,20459.76
2026-09-15,SZSE,159011,养殖ETF华安,2350.51
2026-09-15,SZSE,159012,科创创业50ETF鹏华,13788.11
2026-09-15,SZSE,159013,工业互联网ETF大成,4257.88
2026-09-15,SZSE,159015,恒生港股通科技ETF国联,11035.29
2026-09-15,SZSE,159016,证券ETF广发,34904.01
2026-09-15,SZSE,159017,石油ETF工银,15025.68
2026-09-15,SZSE,159018,石油ETF广发,2590.42
2026-09-15,SZSE,159019,石油ETF华宝,4432.77
2026-09-15,SZSE,159020,养殖ETF易方达,11256.70
2026-09-15,SZSE,159021,大盘价值ETF华夏,6190.77
2026-09-15,SZSE,159022,科创创业人工智能ETF富国,17463.09
2026-09-15,SZSE,159023,养殖ETF万家,3677.79
2026-09-15,SZSE,159025,家电ETF华安,6593.50
2026-09-15,SZSE,159026,石油ETF南方,4351.34
2026-09-15,SZSE,159027,畜牧养殖ETF大成,10447.22
2026-09-15,SZSE,159028,港股汽车ETF天弘,13344.90
2026-09-15,SZSE,159029,有色ETF广发,30412.77
2026-09-15,SZSE,159030,粮食ETF华夏,42546.81
2026-09-15,SZSE,159031,粮食ETF博时,55202.86
2026-09-15,SZSE,159032,工业有色ETF易方达,26684.50
2026-09-15,SZSE,159033,粮食ETF国泰,12432.34
2026-09-15,SZSE,159035,软件ETF天弘,66785.97
2026-09-15,SZSE,159036,软件开发ETF华宝,28474.01
2026-09-15,SZSE,159037,价值ETF鹏华,5924.98
2026-09-15,SZSE,159038,粮食ETF易方达,16802.69
2026-09-15,SZSE,159039,机器人ETF华安,116246.14
2026-09-15,SZSE,159040,港股通互联网ETF鹏华,3248.10
2026-09-15,SZSE,159041,农业ETF鹏华,3747.18
2026-09-15,SZSE,159042,价值ETF汇添富,8180.11
2026-09-15,SZSE,159043,食品ETF华安,6277.06
2026-09-15,SZSE,159045,稀有金属ETF大成,17833.02
2026-09-15,SZSE,159046,绿电ETF天弘,70247.68
2026-09-15,SZSE,159048,机器人ETF大成,19480.38
2026-09-15,SZSE,159049,有色ETF工银,3507.33
2026-09-15,SZSE,159050,机器人ETF广发,65470.36
2026-09-15,SZSE,159051,医疗器械ETF易方达,8411.78
2026-09-15,SZSE,159052,新能源电池ETF嘉实,20192.60
2026-09-15,SZSE,159053,稀有金属ETF华夏,16769.81
2026-09-15,SZSE,159055,稀有金属ETF富国,12829.39
2026-09-15,SZSE,159056,医疗器械ETF富国,5793.43
2026-09-15,SZSE,159057,医疗器械ETF鹏华,2571.53
2026-09-15,SZSE,159058,证券ETF大成,7633.12
2026-09-15,SZSE,159059,电力ETF大成,5183.00
2026-09-15,SZSE,159060,粮食ETF浦银,1948.34
2026-09-15,SZSE,159061,绿色电力ETF南方,20724.02
2026-09-15,SZSE,159062,稀有金属ETF南方,11970.12
2026-09-15,SZSE,159063,粮食ETF南方,5898.66
2026-09-15,SZSE,159065,工程机械ETF景顺,10735.08
2026-09-15,SZSE,159066,A股ETF建信,20473.30
2026-09-15,SZSE,159067,绿色电力ETF鹏华,1690.87
2026-09-15,SZSE,159068,软件ETF华夏,6033.65
2026-09-15,SZSE,159069,创业板新能源ETF华泰柏瑞,4277.04
2026-09-15,SZSE,159070,工程机械ETF嘉实,10036.68
2026-09-15,SZSE,159071,新能源电池ETF华宝,12391.17
2026-09-15,SZSE,159072,粮食ETF景顺,5128.51
2026-09-15,SZSE,159073,粮食ETF汇添富,6717.38
2026-09-15,SZSE,159075,工业互联网ETF华夏,17319.71
2026-09-15,SZSE,159076,创业板新能源ETF华宝,24637.30
2026-09-15,SZSE,159077,电池ETF鑫元,3324.25
2026-09-15,SZSE,159078,A股ETF富国,16726.24
2026-09-15,SZSE,159079,价值ETF兴全,7180.68
2026-09-15,SZSE,159082,化工ETF华夏,7553.12
2026-09-15,SZSE,159083,红利低波100ETF嘉实,12837.04
2026-09-15,SZSE,159085,价值ETF永赢,2853.54
2026-09-15,SZSE,159086,金融科技ETF广发,2939.98
2026-09-15,SZSE,159087,化工ETF万家,2999.21
2026-09-15,SZSE,159091,港股通金融ETF易方达,2437.41
2026-09-15,SZSE,159093,化工ETF汇添富,2668.14
2026-09-15,SZSE,159095,云计算ETF银华,21546.81
2026-09-15,SZSE,159096,价值ETF华夏,14063.13
2026-09-15,SZSE,159098,价值ETF招商,8389.15
2026-09-15,SZSE,159099,云计算ETF华宝,10561.05
2026-09-15,SZSE,159100,巴西ETF华夏,47654.69
2026-09-15,SZSE,159101,港股通科技ETF华夏,287431.14
2026-09-15,SZSE,159102,港股通生物科技ETF华安,62612.20
2026-09-15,SZSE,159103,金融科技ETF汇添富,32640.67
2026-09-15,SZSE,159105,恒生生物科技ETF易方达,18027.29
2026-09-15,SZSE,159106,民企300ETF前海开源,3957.94
2026-09-15,SZSE,159107,创业板软件ETF富国,77982.30
2026-09-15,SZSE,159108,工业软件ETF博时,11873.85
2026-09-15,SZSE,159109,恒生50ETF景顺,56016.38
2026-09-15,SZSE,159110,科创债ETF万家,2312.70
2026-09-15,SZSE,159111,科创债ETF天弘,14427.66
2026-09-15,SZSE,159112,科创债ETF银华,23483.78
2026-09-15,SZSE,159113,科创债ETF大成,9602.62
2026-09-15,SZSE,159115,科创债ETF华安,5280.34
2026-09-15,SZSE,159116,科创债ETF工银,11829.27
2026-09-15,SZSE,159117,港股通红利低波ETF鹏华,6040.11
2026-09-15,SZSE,159118,港股通红利低波ETF华夏,6767.70
2026-09-15,SZSE,159119,800现金流ETF招商,15205.42
2026-09-15,SZSE,159120,港股通科技ETF国联安,19702.44
2026-09-15,SZSE,159121,港股通汽车ETF易方达,15248.11
2026-09-15,SZSE,159122,创业板新能源ETF富国,6916.09
2026-09-15,SZSE,159123,光伏ETF嘉实,39604.70
2026-09-15,SZSE,159125,港股通科技ETF招商,84024.58
2026-09-15,SZSE,159126,港股通50ETF南方,22761.65
2026-09-15,SZSE,159127,港股通红利ETF南方,15134.42
2026-09-15,SZSE,159128,港股科技ETF天弘,189376.08
2026-09-15,SZSE,159129,化工ETF嘉实,113590.65
2026-09-15,SZSE,159130,恒生生物科技ETF鹏华,19738.94
2026-09-15,SZSE,159131,港股通信息技术ETF华宝,210391.99
2026-09-15,SZSE,159132,恒生生物科技ETF富国,11996.35
2026-09-15,SZSE,159133,化工ETF天弘,155691.33
2026-09-15,SZSE,159135,港股通科技ETF前海开源,61846.63
2026-09-15,SZSE,159136,A50ETF广发,10941.40
2026-09-15,SZSE,159137,港股通医疗ETF华宝,16763.26
2026-09-15,SZSE,159138,工程机械ETF易方达,29126.79
2026-09-15,SZSE,159139,科创创业人工智能ETF华泰柏瑞,17210.92
2026-09-15,SZSE,159140,科创创业人工智能ETF易方达,48993.68
2026-09-15,SZSE,159141,科创创业人工智能ETF永赢,150106.07
2026-09-15,SZSE,159142,科创创业人工智能ETF景顺,118126.01
2026-09-15,SZSE,159143,港股通央企红利ETF平安,5055.44
2026-09-15,SZSE,159145,工业软件ETF广发,7358.18
2026-09-15,SZSE,159146,电力ETF华宝,68844.08
2026-09-15,SZSE,159147,电池ETF南方,224790.95
2026-09-15,SZSE,159148,石油ETF富国,23446.66
2026-09-15,SZSE,159149,创业板新能源ETF工银,5751.52
2026-09-15,SZSE,159150,深证50ETF易方达,9799.76
2026-09-15,SZSE,159151,食品ETF华夏,18585.10
2026-09-15,SZSE,159152,港股通科技ETF平安,82455.60
2026-09-15,SZSE,159153,消费电子ETF鹏华,9572.59
2026-09-15,SZSE,159155,电池ETF大成,74051.32
2026-09-15,SZSE,159156,电池ETF万家,22846.12
2026-09-15,SZSE,159157,有色金属ETF天弘,811775.87
2026-09-15,SZSE,159158,电力ETF景顺,87403.53
2026-09-15,SZSE,159159,公用事业ETF国投瑞银,11581.85
2026-09-15,SZSE,159160,电池ETF东财,26981.92
2026-09-15,SZSE,159161,工程机械ETF东财,6733.12
2026-09-15,SZSE,159162,工业有色ETF鹏华,42493.98
2026-09-15,SZSE,159163,有色ETF泰康,26780.70
2026-09-15,SZSE,159165,养殖ETF永赢,10157.12
2026-09-15,SZSE,159166,现金流ETF长城,55281.60
2026-09-15,SZSE,159167,港股通医疗ETF工银,15354.91
2026-09-15,SZSE,159168,有色ETF富国,52145.50
2026-09-15,SZSE,159169,恒生生物科技ETF广发,12887.44
2026-09-15,SZSE,159170,港股通互联网ETF永赢,38863.83
2026-09-15,SZSE,159171,工业有色ETF博时,21853.29
2026-09-15,SZSE,159172,养殖ETF汇添富,38182.92
2026-09-15,SZSE,159173,农牧ETF南方,4645.53
2026-09-15,SZSE,159175,电池ETF易方达,50827.03
2026-09-15,SZSE,159176,家电ETF华宝,2030.33
2026-09-15,SZSE,159177,工程机械ETF鹏华,4561.92
2026-09-15,SZSE,159178,消费电子ETF汇添富,9843.29
2026-09-15,SZSE,159179,港股通互联网ETF工银,10290.35
2026-09-15,SZSE,159180,软件ETF银华,3415.59
2026-09-15,SZSE,159181,石油ETF易方达,13140.53
2026-09-15,SZSE,159182,家电ETF南方,3448.56
2026-09-15,SZSE,159183,新能源车ETF招商,5238.77
2026-09-15,SZSE,159185,港股通信息技术ETF鹏华,19409.90
2026-09-15,SZSE,159186,港股通汽车ETF鹏华,8886.92
2026-09-15,SZSE,159187,创业板新能源ETF景顺,6717.62
2026-09-15,SZSE,159188,红利100ETF景顺,6560.18
2026-09-15,SZSE,159189,石油ETF华夏,10708.31
2026-09-15,SZSE,159190,创业板新能源ETF天弘,7406.92
2026-09-15,SZSE,159191,港股通科技ETF易方达,6910.48
2026-09-15,SZSE,159192,家电ETF汇添富,1798.70
2026-09-15,SZSE,159193,新能源电池ETF银华,26008.03
2026-09-15,SZSE,159195,石油ETF华安,7349.01
2026-09-15,SZSE,159196,港股通信息技术ETF易方达,22153.03
2026-09-15,SZSE,159197,石油ETF招商,4038.82
2026-09-15,SZSE,159198,港股通信息技术ETF富国,9034.43
2026-09-15,SZSE,159199,石油ETF平安,6115.49
2026-09-15,SZSE,159200,科创债ETF富国,15330.26
2026-09-15,SZSE,159201,自由现金流ETF华夏,1350627.59
2026-09-15,SZSE,159202,恒生互联网ETF万家,124540.19
2026-09-15,SZSE,159203,大盘成长ETF博时,979.19
2026-09-15,SZSE,159205,创业板ETF东财,69305.60
2026-09-15,SZSE,159206,卫星ETF永赢,930495.33
2026-09-15,SZSE,159207,高股息ETF广发,230848.33
2026-09-15,SZSE,159208,航空航天ETF万家,30546.27
2026-09-15,SZSE,159209,红利质量ETF招商,230763.50
2026-09-15,SZSE,159210,港股通汽车ETF汇添富,4894.98
2026-09-15,SZSE,159211,深证100ETF富国,2168.32
2026-09-15,SZSE,159212,深100ETF南方,9320.43
2026-09-15,SZSE,159213,机器人ETF汇添富,48423.75
2026-09-15,SZSE,159215,A500ETF平安,95858.28
2026-09-15,SZSE,159216,深证100ETF大成,1254.82
2026-09-15,SZSE,159217,港股通创新药ETF工银,567615.75
2026-09-15,SZSE,159218,卫星ETF招商,197961.63
2026-09-15,SZSE,159219,深证100ETF融通,1038.80
2026-09-15,SZSE,159220,港股通红利低波ETF华宝,47556.95
2026-09-15,SZSE,159221,现金流ETF嘉实,106901.32
2026-09-15,SZSE,159222,自由现金流ETF易方达,172737.04
2026-09-15,SZSE,159223,现金流ETF永赢,17584.47
2026-09-15,SZSE,159225,现金流ETF银华,25974.48
2026-09-15,SZSE,159226,中证A500增强ETF国泰,8409.48
2026-09-15,SZSE,159227,航空航天ETF华夏,434891.11
2026-09-15,SZSE,159228,红利低波ETF长城,10321.26
2026-09-15,SZSE,159229,自由现金流ETF广发,13655.60
2026-09-15,SZSE,159230,通用航空ETF华夏,29930.42
2026-09-15,SZSE,159231,通用航空ETF华宝,32709.18
2026-09-15,SZSE,159232,自由现金流ETF南方,207094.85
2026-09-15,SZSE,159233,自由现金流ETF平安,62462.34
2026-09-15,SZSE,159235,中证现金流ETF大成,190872.95
2026-09-15,SZSE,159236,自由现金流ETF工银,3772.21
2026-09-15,SZSE,159237,港股汽车ETF工银,4233.42
2026-09-15,SZSE,159238,沪深300增强ETF景顺,5401.61
2026-09-15,SZSE,159239,港股通汽车ETF富国,10978.07
2026-09-15,SZSE,159240,A500增强ETF天弘,1761.97
2026-09-15,SZSE,159241,航空航天ETF天弘,128707.42
2026-09-15,SZSE,159242,创业板人工智能ETF大成,41327.85
2026-09-15,SZSE,159243,创业板人工智能ETF招商,14103.02
2026-09-15,SZSE,159245,港股通消费ETF富国,7211.32
2026-09-15,SZSE,159246,创业板人工智能ETF富国,319765.56
2026-09-15,SZSE,159247,创业板ETF汇添富,58598.49
2026-09-15,SZSE,159248,人工智能ETF万家,13509.56
2026-09-15,SZSE,159249,A500增强ETF工银,11119.19
2026-09-15,SZSE,159251,港股通科技ETF万家,24378.77
2026-09-15,SZSE,159253,银行ETF博时,48440.49
2026-09-15,SZSE,159255,通用航空ETF易方达,6633.88
2026-09-15,SZSE,159256,创业板软件ETF华夏,59718.37
2026-09-15,SZSE,159257,航空ETF汇添富,14641.69
2026-09-15,SZSE,159258,机器人ETF南方,133476.56
2026-09-15,SZSE,159259,成长ETF易方达,630969.64
2026-09-15,SZSE,159260,证券ETF博时,102921.35
2026-09-15,SZSE,159261,创业板新能源ETF鹏华,4981.49
2026-09-15,SZSE,159262,港股通科技ETF广发,554572.04
2026-09-15,SZSE,159263,价值ETF易方达,747410.51
2026-09-15,SZSE,159265,港股消费ETF鹏华,17795.08
2026-09-15,SZSE,159266,港股央企红利ETF永赢,33671.00
2026-09-15,SZSE,159267,航天ETF华安,247450.61
2026-09-15,SZSE,159268,港股通消费ETF汇添富,38905.50
2026-09-15,SZSE,159269,港股通科技ETF南方,149731.17
2026-09-15,SZSE,159270,创业板200ETF南方,9076.36
2026-09-15,SZSE,159271,恒生ETF鹏华,23438.67
2026-09-15,SZSE,159272,机器人ETF富国,373516.46
2026-09-15,SZSE,159273,云计算ETF汇添富,70977.75
2026-09-15,SZSE,159275,农牧渔ETF华宝,26530.29
2026-09-15,SZSE,159276,现金流ETF汇添富,55469.66
2026-09-15,SZSE,159277,港股通红利ETF富国,3255.70
2026-09-15,SZSE,159278,机器人ETF鹏华,203054.58
2026-09-15,SZSE,159279,创业板人工智能ETF华安,15238.75
2026-09-15,SZSE,159280,港股通互联网ETF汇添富,10771.71
2026-09-15,SZSE,159281,港股央企红利ETF天弘,23923.30
2026-09-15,SZSE,159283,通用航空ETF南方,28943.79
2026-09-15,SZSE,159285,港股通消费ETF华安,24748.66
2026-09-15,SZSE,159286,港股通创新药ETF鹏华,71678.54
2026-09-15,SZSE,159287,创业板综ETF博时,10956.87
2026-09-15,SZSE,159288,创业板综ETF银华,9217.49
2026-09-15,SZSE,159289,创业板综指ETF鹏华,3890.26
2026-09-15,SZSE,159290,创业板综指增强ETF东财,4510.03
2026-09-15,SZSE,159291,创业板综增强ETF招商,1745.73
2026-09-15,SZSE,159292,创业板综增强ETF华宝,17818.95
2026-09-15,SZSE,159293,创业板综增强ETF建信,2315.93
2026-09-15,SZSE,159295,创业综指ETF西部利得,8295.82
2026-09-15,SZSE,159296,A500红利低波ETF华宝,3404.29
2026-09-15,SZSE,159297,港股通创新药ETF南方,373041.86
2026-09-15,SZSE,159298,创业板50ETF大成,16528.10
2026-09-15,SZSE,159299,金融科技ETF易方达,66847.29
2026-09-15,SZSE,159300,沪深300ETF富国,35195.80
2026-09-15,SZSE,159301,公用事业ETF华夏,11945.83
2026-09-15,SZSE,159302,港股高股息ETF银华,4829.76
2026-09-15,SZSE,159303,恒生医疗ETF大成,7299.16
2026-09-15,SZSE,159305,储能电池ETF广发,120464.03
2026-09-15,SZSE,159306,汽车零部件ETF平安,2124.46
2026-09-15,SZSE,159307,红利低波100ETF博时,672190.35
2026-09-15,SZSE,159309,油气ETF汇添富,65237.17
2026-09-15,SZSE,159310,芯片ETF天弘,50698.10
2026-09-15,SZSE,159311,数字经济ETF易方达,3738.39
2026-09-15,SZSE,159312,恒指港股通ETF广发,3222.43
2026-09-15,SZSE,159315,黄金股ETF工银,18258.96
2026-09-15,SZSE,159316,港股通创新药ETF易方达,532033.61
2026-09-15,SZSE,159318,恒指港股通ETF银华,1360.16
2026-09-15,SZSE,159320,电网设备ETF广发,171223.55
2026-09-15,SZSE,159321,黄金股ETF华安,40440.03
2026-09-15,SZSE,159322,黄金股ETF平安,11541.16
2026-09-15,SZSE,159323,港股通汽车ETF华夏,10409.73
2026-09-15,SZSE,159325,半导体ETF南方,110492.10
2026-09-15,SZSE,159326,电网设备ETF华夏,1144026.55
2026-09-15,SZSE,159327,半导体设备ETF万家,278557.40
2026-09-15,SZSE,159328,家电ETF易方达,9755.67
2026-09-15,SZSE,159329,沙特ETF南方,115468.91
2026-09-15,SZSE,159330,沪深300ETF东财,44380.10
2026-09-15,SZSE,159331,红利港股ETF国泰,14569.41
2026-09-15,SZSE,159332,央企红利ETF富国,8502.14
2026-09-15,SZSE,159333,港股央企红利ETF万家,19295.28
2026-09-16,SSE,510010,治理ETF,13052.44
2026-09-16,SSE,510020,超大ETF,3584.8
2026-09-16,SSE,510030,价值ETF,13922.98
2026-09-16,SSE,510040,上证180E,2448
2026-09-16,SSE,510050,50ETF,759126.68
2026-09-16,SSE,510060,央企ETF,3495.92
2026-09-16,SSE,510090,ESG建信,2458.11
2026-09-16,SSE,510100,SZ50ETF,98240.68
2026-09-16,SSE,510130,中盘ETF,3148.51
2026-09-16,SSE,510140,上证指,8323.05
2026-09-16,SSE,510150,消费ETF,282917.86
2026-09-16,SSE,510160,产业升级,18205.74
2026-09-16,SSE,510170,商品ETF,31491.48
2026-09-16,SSE,510180,180ETF,442305.77
2026-09-16,SSE,510190,上证50基,2365.08
2026-09-16,SSE,510200,上证券商,14788.55
2026-09-16,SSE,510210,综指ETF,1489119.26
2026-09-16,SSE,510230,金融ETF,68280.8
2026-09-16,SSE,510270,国企ETF,1683.21
2026-09-16,SSE,510290,380ETF,5444.89
2026-09-16,SSE,510300,300ETF,2379468.77
2026-09-16,SSE,510310,HS300ETF,1134244.4
2026-09-16,SSE,510320,300中金,63706.85
2026-09-16,SSE,510330,华夏300,832704.98
2026-09-16,SSE,510350,工银300,67691.47
2026-09-16,SSE,510360,广发300,182638.12
2026-09-16,SSE,510370,兴业300,8725.81
2026-09-16,SSE,510380,国寿300,140180.24
2026-09-16,SSE,510390,平安300,13655
2026-09-16,SSE,510410,资源ETF,44125.84
2026-09-16,SSE,510500,500ETF,570336.86
2026-09-16,SSE,510510,广发500,87503.83
2026-09-16,SSE,510530,工银500,4747.94
2026-09-16,SSE,510550,方正500,2374.33
2026-09-16,SSE,510560,国寿500,5231.87
2026-09-16,SSE,510570,兴业500,5056.06
2026-09-16,SSE,510580,ZZ500ETF,115016.83
2026-09-16,SSE,510590,平安500,11478.61
2026-09-16,SSE,510600,沪50ETF,1271.51
2026-09-16,SSE,510630,消费30,53536.15
2026-09-16,SSE,510650,金融行业,1295.25
2026-09-16,SSE,510660,医药行业,5087.97
2026-09-16,SSE,510670,180指,17549.3
2026-09-16,SSE,510680,万家50,1992.47
2026-09-16,SSE,510710,上50ETF,10491.89
2026-09-16,SSE,510720,红利国泰,176476.6
2026-09-16,SSE,510760,上证ETF,326050.37
2026-09-16,SSE,510770,G60创新,2011.07
2026-09-16,SSE,510800,上证50,17457.6
2026-09-16,SSE,510810,上海国企,577169.37
2026-09-16,SSE,510850,工银上50,4789.89
2026-09-16,SSE,510880,红利ETF,568217.57
2026-09-16,SSE,510900,恒生中国,319702.19
2026-09-16,SSE,510910,上证指CS,16879.6
2026-09-16,SSE,510950,上证广发,11092.08
2026-09-16,SSE,510980,上证综合,68379.8
2026-09-16,SSE,510990,ESG180,3894.86
2026-09-16,SSE,511010,国债ETF,5578.63
2026-09-16,SSE,511020,活跃国债,3849.75
2026-09-16,SSE,511030,公司债,40339.07
2026-09-16,SSE,511060,5年地债,2134.63
2026-09-16,SSE,511070,沪公司债,31340.1
2026-09-16,SSE,511090,30年国债,30200.81
2026-09-16,SSE,511100,基准国债,10931.05
2026-09-16,SSE,511110,公司债易,36159.96
2026-09-16,SSE,511120,科创债基,13142.06
2026-09-16,SSE,511130,国债30年,20708.97
2026-09-16,SSE,511150,科债永赢,11299.09
2026-09-16,SSE,511160,国债东财,2280.09
2026-09-16,SSE,511180,上证转债,98265.97
2026-09-16,SSE,511190,信用债,16813.43
2026-09-16,SSE,511200,信用债基,27766.75
2026-09-16,SSE,511220,城投ETF,532118.14
2026-09-16,SSE,511260,十年国债,18035.65
2026-09-16,SSE,511270,10年地债,9326.75
2026-09-16,SSE,511360,短融ETF,77435.06
2026-09-16,SSE,511380,转债ETF,472228.67
2026-09-16,SSE,511520,政金债,40056.65
2026-09-16,SSE,511580,国债政金,7406.88
2026-09-16,SSE,512000,券商ETF,7282623.54
2026-09-16,SSE,512010,医药ETF,3996369.49
2026-09-16,SSE,512020,A500,110001.27
2026-09-16,SSE,512030,A50增,4324
2026-09-16,SSE,512040,国信价值,466171.59
2026-09-16,SSE,512050,A500E,1613299.22
2026-09-16,SSE,512060,A100指基,892.8
2026-09-16,SSE,512070,证券保险,1658847.97
2026-09-16,SSE,512080,A500中金,77918.61
2026-09-16,SSE,512090,MSCI易基,31159.23
2026-09-16,SSE,512100,1000ETF,644921.76
2026-09-16,SSE,512120,医药50,76924.19
2026-09-16,SSE,512130,现金全指,1289.5
2026-09-16,SSE,512140,电力事业,13404.9
2026-09-16,SSE,512150,A50ETF,1807.34
2026-09-16,SSE,512160,MSCI基金,11977.78
2026-09-16,SSE,512170,医疗ETF,7169882.05
2026-09-16,SSE,512180,建信MSCI,4804.8
2026-09-16,SSE,512190,之江凤凰,20781.84
2026-09-16,SSE,512200,地产ETF,321834.79
2026-09-16,SSE,512220,TMTETF,21446.76
2026-09-16,SSE,512240,A50龙头,2168.6
2026-09-16,SSE,512250,A50指数E,11960.01
2026-09-16,SSE,512260,500低波,2049.77
2026-09-16,SSE,512290,生物医药,319782.07
2026-09-16,SSE,512330,信息ETF,35518.8
2026-09-16,SSE,512360,MSCI国际,2733.77
2026-09-16,SSE,512370,A500增指,29931.3
2026-09-16,SSE,512380,MSCI中国,7280.56
2026-09-16,SSE,512390,MSCI低波,968.2
2026-09-16,SSE,512400,有色ETF,1425703.9
2026-09-16,SSE,512410,银行广发,4467.17
2026-09-16,SSE,512420,机械华安,7123.89
2026-09-16,SSE,512430,家电家居,3872
2026-09-16,SSE,512450,广发养殖,9836.7
2026-09-16,SSE,512460,电池主题,31382.3
2026-09-16,SSE,512480,半导体,1988200.72
2026-09-16,SSE,512500,中证500,182560.88
2026-09-16,SSE,512510,ETF500,43192.98
2026-09-16,SSE,512520,MSCIETF,4505.64
2026-09-16,SSE,512530,300红利,9250.2
2026-09-16,SSE,512550,A50基金,10890.6
2026-09-16,SSE,512560,中证军工,91512.7
2026-09-16,SSE,512570,中证证券,405580.61
2026-09-16,SSE,512580,环保ETF,53907.17
2026-09-16,SSE,512600,必选消费,168955.61
2026-09-16,SSE,512620,农业TH,134566.6
2026-09-16,SSE,512630,卫星基金,159242.6
2026-09-16,SSE,512640,金融地产,2074.09
2026-09-16,SSE,512650,长三角,3294.16
2026-09-16,SSE,512660,军工ETF,677808
2026-09-16,SSE,512670,国防ETF,205565.26
2026-09-16,SSE,512680,军工基金,308093.01
2026-09-16,SSE,512690,酒ETF,3236335.02
2026-09-16,SSE,512700,银行基金,68808.1
2026-09-16,SSE,512710,军工龙头,1105165.84
2026-09-16,SSE,512720,计算机,35545.34
2026-09-16,SSE,512730,银行FUND,5058.39
2026-09-16,SSE,512740,车零件GF,17889.84
2026-09-16,SSE,512750,基本面50,4565.49
2026-09-16,SSE,512760,芯片ETF,999144.55
2026-09-16,SSE,512770,战略新兴,9826.78
2026-09-16,SSE,512800,银行ETF,1176567.99
2026-09-16,SSE,512810,国防军工,95958.35
2026-09-16,SSE,512820,银行股基,44200.19
2026-09-16,SSE,512870,杭州湾区,2241.06
2026-09-16,SSE,512880,证券ETF,5672129.15
2026-09-16,SSE,512890,红利低波,2614311.08
2026-09-16,SSE,512900,证券基金,742140.6
2026-09-16,SSE,512910,100ETF,12962.88
2026-09-16,SSE,512930,AIETF,490052.13
2026-09-16,SSE,512940,有色矿业,215370.5
2026-09-16,SSE,512950,央企改革,404255.1
2026-09-16,SSE,512960,央调ETF,385425.73
2026-09-16,SSE,512970,湾区ETF,598.76
2026-09-16,SSE,512980,传媒ETF,506392.44
2026-09-16,SSE,512990,MSCIA股,9701.54
2026-09-16,SSE,513000,225ETF,106241.14
2026-09-16,SSE,513010,港股科技,4444530.7
2026-09-16,SSE,513020,科技HK,231514.54
2026-09-16,SSE,513030,德国ETF,102877.9
2026-09-16,SSE,513040,HK互联网,672484.13
2026-09-16,SSE,513050,中概互联,3467343.27
2026-09-16,SSE,513060,恒生医疗,845539.33
2026-09-16,SSE,513070,HK消费50,132476.08
2026-09-16,SSE,513080,法国ETF,67191.6
2026-09-16,SSE,513090,香港证券,988598.8
2026-09-16,SSE,513100,纳指ETF,949211.06
2026-09-16,SSE,513110,纳指100,221243.5
2026-09-16,SSE,513120,HK创新药,1764263.54
2026-09-16,SSE,513130,恒生科技,6074034.7
2026-09-16,SSE,513140,港股金融,7836.8
2026-09-16,SSE,513150,港科技50,10055.98
2026-09-16,SSE,513160,科技30,312618.93
2026-09-16,SSE,513170,恒生央企,15557.3
2026-09-16,SSE,513180,恒指科技,7103975.95
2026-09-16,SSE,513190,H股金融,103093.6
2026-09-16,SSE,513200,港股医药,84428.21
2026-09-16,SSE,513210,恒生E,3994.2
2026-09-16,SSE,513220,互联网30,52910.94
2026-09-16,SSE,513230,H股消费,32942.27
2026-09-16,SSE,513240,港信息,10449.6
2026-09-16,SSE,513260,恒科技,495324.3
2026-09-16,SSE,513280,恒生生物,34511.45
2026-09-16,SSE,513290,纳指生物,106557.21
2026-09-16,SSE,513300,纳斯达克,541192.1
2026-09-16,SSE,513310,中韩芯片,249342.7
2026-09-16,SSE,513320,HK新经济,9101.06
2026-09-16,SSE,513330,恒生互联,7420548
2026-09-16,SSE,513350,油气ETF,85474.6
2026-09-16,SSE,513360,教育ETF,61921.39
2026-09-16,SSE,513380,科技恒生,1817878.49
2026-09-16,SSE,513390,纳指基金,215537.91
2026-09-16,SSE,513400,道琼斯,297206.2
2026-09-16,SSE,513500,标普500,1027663.86
2026-09-16,SSE,513520,日经ETF,108288.72
2026-09-16,SSE,513530,港股红利,324843.87
2026-09-16,SSE,513550,港股通50,164399.2
2026-09-16,SSE,513560,香港科技,53138.6
2026-09-16,SSE,513580,HS科技,605411.8
2026-09-16,SSE,513590,香港消费,13051.89
2026-09-16,SSE,513600,恒指ETF,60782.95
2026-09-16,SSE,513620,港医疗指,5621.6
2026-09-16,SSE,513630,香港红利,732235.9
2026-09-16,SSE,513650,标普ETF,438573.4
2026-09-16,SSE,513660,恒生通,178800.02
2026-09-16,SSE,513690,港红利股,313497.99
2026-09-16,SSE,513700,香港医药,77184.6
2026-09-16,SSE,513720,香港互联,25085.9
2026-09-16,SSE,513730,东南亚,78435.5
2026-09-16,SSE,513750,港股非银,784783.8
2026-09-16,SSE,513770,港股互联,1431513.79
2026-09-16,SSE,513780,港股新药,180465.7
2026-09-16,SSE,513800,东证ETF,103624.44
2026-09-16,SSE,513810,港股国企,4399.2
2026-09-16,SSE,513820,港股分红,170766.9
2026-09-16,SSE,513830,红利港股,5231.1
2026-09-16,SSE,513850,美国50,130589.26
2026-09-16,SSE,513860,HKC科技,259247.06
2026-09-16,SSE,513870,纳指指数,139667.1
2026-09-16,SSE,513880,日经225,132497
2026-09-16,SSE,513890,HK科技,89212.8
2026-09-16,SSE,513900,港股100,8997.8
2026-09-16,SSE,513910,红利央企,194427.6
2026-09-16,SSE,513920,央企40,246023.1
2026-09-16,SSE,513930,香港生科,8440.8
2026-09-16,SSE,513950,恒生红利,236211.9
2026-09-16,SSE,513970,恒生消费,140504.1
2026-09-16,SSE,513980,科技港股,1643020.4
2026-09-16,SSE,513990,港股通综,4300
2026-09-16,SSE,515000,科技ETF,322857.93
2026-09-16,SSE,515010,华夏证券,210627.16
2026-09-16,SSE,515020,银行指数,39234.53
2026-09-16,SSE,515030,新汽车,146138.4
2026-09-16,SSE,515040,工业金属,5531.96
2026-09-16,SSE,515050,5GETF,1796720.54
2026-09-16,SSE,515060,华夏地产,103547.81
2026-09-16,SSE,515070,AI智能,762094.04
2026-09-16,SSE,515080,XD中证红,708114.89
2026-09-16,SSE,515090,可持续,880.17
2026-09-16,SSE,515100,红利100,364594.15
2026-09-16,SSE,515110,国企方达,21329.5
2026-09-16,SSE,515120,创新药,1749199.36
2026-09-16,SSE,515130,HS300E,9746.32
2026-09-16,SSE,515150,国企富国,39970.32
2026-09-16,SSE,515160,MSCI招商,24395.51
2026-09-16,SSE,515170,食品饮料,861325.79
2026-09-16,SSE,515180,100红利,1268763.7
2026-09-16,SSE,515190,BOCI500,29546.61
2026-09-16,SSE,515200,创新100,3894.32
2026-09-16,SSE,515210,钢铁ETF,94772.61
2026-09-16,SSE,515220,煤炭ETF,798267.69
2026-09-16,SSE,515230,软件ETF,808969.09
2026-09-16,SSE,515250,智能汽车,34194.45
2026-09-16,SSE,515260,电子ETF,87056.84
2026-09-16,SSE,515290,银行,245207.29
2026-09-16,SSE,515300,红利300,272517.52
2026-09-16,SSE,515310,添富300,33211.12
2026-09-16,SSE,515320,电子50,8830.9
2026-09-16,SSE,515330,天弘300,615870.95
2026-09-16,SSE,515350,民生300,1169.92
2026-09-16,SSE,515360,方正300,3727.93
2026-09-16,SSE,515370,中证光伏,97771.3
2026-09-16,SSE,515380,泰康300,66159.98
2026-09-16,SSE,515390,HS300,190668.3
2026-09-16,SSE,515400,大数据,176763.14
2026-09-16,SSE,515440,A股南方,15317.93
2026-09-16,SSE,515450,红利50,1441583.5
2026-09-16,SSE,515460,质量红利,27509.1
2026-09-16,SSE,515480,红利一百,2434.07
2026-09-16,SSE,515530,泰康500,1384.27
2026-09-16,SSE,515550,国联500,2034.57
2026-09-16,SSE,515560,证券E,19088.33
2026-09-16,SSE,515580,中证科技,30203.14
2026-09-16,SSE,515590,500ETFEW,3411.37
2026-09-16,SSE,515600,央企创新,103579.74
2026-09-16,SSE,515630,保险证券,93821.77
2026-09-16,SSE,515640,家电指数,1705
2026-09-16,SSE,515650,消费50,311318.4
2026-09-16,SSE,515660,沪深300E,43449.42
2026-09-16,SSE,515680,创新央企,109626.47
2026-09-16,SSE,515700,新能车,59051.02
2026-09-16,SSE,515710,食品ETF,233509.98
2026-09-16,SSE,515720,金科富国,45061.1
2026-09-16,SSE,515730,家居家电,4089.2
2026-09-16,SSE,515750,科技50,26614.05
2026-09-16,SSE,515760,浙江国资,9488.81
2026-09-16,SSE,515770,MSCIAETF,3672.73
2026-09-16,SSE,515790,光伏ETF,596149.4
2026-09-16,SSE,515800,800ETF,380893.72
2026-09-16,SSE,515810,ZZ800ETF,26690.88
2026-09-16,SSE,515840,食品南方,3042.64
2026-09-16,SSE,515850,证券龙头,65579.1
2026-09-16,SSE,515860,科技100,10287.89
2026-09-16,SSE,515880,通信ETF,6359177.4
2026-09-16,SSE,515890,红利博时,38244.39
2026-09-16,SSE,515900,央创ETF,222184.65
2026-09-16,SSE,515910,质量ETF,22450.7
2026-09-16,SSE,515920,智能消费,5990.57
2026-09-16,SSE,515950,医药龙头,53720.06
2026-09-16,SSE,515960,医药100,23999.19
2026-09-16,SSE,515970,华夏机械,51608.8
2026-09-16,SSE,515980,人工智能,638912.9
2026-09-16,SSE,515990,添富国企,5235.02
2026-09-16,SSE,516000,数据ETF,44585.5
2026-09-16,SSE,516010,游戏ETF,233369.3
2026-09-16,SSE,516020,化工ETF,352582.62
2026-09-16,SSE,516050,科技龙头,16022.8
2026-09-16,SSE,516060,新药ETF,30523.74
2026-09-16,SSE,516070,碳中和50,29864.6
2026-09-16,SSE,516080,创新医药,512355.48
2026-09-16,SSE,516090,新能源E,170084.48
2026-09-16,SSE,516100,科技金融,115875.97
2026-09-16,SSE,516110,汽车ETF,24362.31
2026-09-16,SSE,516120,化工50,482708.2
2026-09-16,SSE,516130,消费龙头,156889
2026-09-16,SSE,516150,稀土基金,379457.7
2026-09-16,SSE,516160,新能源,153464.2
2026-09-16,SSE,516180,光伏产业,15298.7
2026-09-16,SSE,516190,文娱ETF,11081.85
2026-09-16,SSE,516200,证券行业,45160.4
2026-09-16,SSE,516210,银行股,7033.1
2026-09-16,SSE,516220,化工龙头,25617
2026-09-16,SSE,516230,光伏招商,75492.1
2026-09-16,SSE,516250,富国机械,6087.8
2026-09-16,SSE,516260,物联网50,4588.26
2026-09-16,SSE,516270,新能源50,32990.9
2026-09-16,SSE,516290,光伏基金,75719.69
2026-09-16,SSE,516300,中证1000,3901.26
2026-09-16,SSE,516310,银行指基,166225.85
2026-09-16,SSE,516320,装备ETF,8858.93
2026-09-16,SSE,516330,物联网,727.13
2026-09-16,SSE,516350,芯片50,136841.53
2026-09-16,SSE,516360,新材料,5955.18
2026-09-16,SSE,516370,全指电力,27640.8
2026-09-16,SSE,516380,智能电车,8844.93
2026-09-16,SSE,516390,电动车,18876.1
2026-09-16,SSE,516440,南方机械,13062.66
2026-09-16,SSE,516460,现金流E,41969.3
2026-09-16,SSE,516500,生物ETF,20793.72
2026-09-16,SSE,516510,云计算,152689
2026-09-16,SSE,516520,智能驾驶,77976.55
2026-09-16,SSE,516530,物流快递,1730.23
2026-09-16,SSE,516550,农业ETF,26541.44
2026-09-16,SSE,516560,养老ETF,21575.8
2026-09-16,SSE,516570,石化ETF,114135.76
2026-09-16,SSE,516580,新能源BS,14812.41
2026-09-16,SSE,516590,电动汽车,5201.5
2026-09-16,SSE,516600,消服ETF,11033.21
2026-09-16,SSE,516610,医服ETF,23297.48
2026-09-16,SSE,516620,影视ETF,21126.75
2026-09-16,SSE,516630,云计算50,45615.6
2026-09-16,SSE,516640,芯片龙头,132648.28
2026-09-16,SSE,516650,有色50,531846.48
2026-09-16,SSE,516660,新能汽车,15768.9
2026-09-16,SSE,516670,畜牧养殖,330626.63
2026-09-16,SSE,516700,数据产业,17962.2
2026-09-16,SSE,516710,新材料50,7427.2
2026-09-16,SSE,516720,ESGETF,783.78
2026-09-16,SSE,516730,证券公司,22688.08
2026-09-16,SSE,516750,建材ETF,13916.73
2026-09-16,SSE,516760,养殖ETF,28521.51
2026-09-16,SSE,516770,游戏动漫,24104.8
2026-09-16,SSE,516780,稀土ETF,234409.97
2026-09-16,SSE,516790,保健ETF,18398.22
2026-09-16,SSE,516800,智能制造,18230.8
2026-09-16,SSE,516810,农业,55247.89
2026-09-16,SSE,516820,医疗创新,462441.52
2026-09-16,SSE,516830,300ESG,9217.69
2026-09-16,SSE,516840,汽车基金,13127.7
2026-09-16,SSE,516850,新能源80,14623.7
2026-09-16,SSE,516860,金融科技,120752.2
2026-09-16,SSE,516880,光伏50,92194.41
2026-09-16,SSE,516890,新材ETF,3531.14
2026-09-16,SSE,516900,食品50,28022.9
2026-09-16,SSE,516910,物流ETF,6064.18
2026-09-16,SSE,516920,芯片基金,49196.3
2026-09-16,SSE,516930,生科ETF,10913.96
2026-09-16,SSE,516950,基建ETF,10882.1
2026-09-16,SSE,516960,机械ETF,1605.11
2026-09-16,SSE,516970,基建50,110004.25
2026-09-16,SSE,516980,证券先锋,5401.6
2026-09-16,SSE,517000,沪港深,12279.3
2026-09-16,SSE,517010,HGS500E,7814.42
2026-09-16,SSE,517030,HGS300,8404.03
2026-09-16,SSE,517050,互联网50,34760.5
2026-09-16,SSE,517080,HGS500,16916.6
2026-09-16,SSE,517090,共赢ETF,8207.5
2026-09-16,SSE,517100,AH500ETF,14360.21
2026-09-16,SSE,517110,创新药HK,123409.85
2026-09-16,SSE,517120,创新药50,52296.64
2026-09-16,SSE,517130,云计算JS,18865.4
2026-09-16,SSE,517160,长江ETF,182677.75
2026-09-16,SSE,517170,沪港深E,1613.18
2026-09-16,SSE,517180,中国国企,8449.63
2026-09-16,SSE,517200,互联网,14478.2
2026-09-16,SSE,517230,云计算MW,14854.58
2026-09-16,SSE,517300,AH300ETF,100243.45
2026-09-16,SSE,517330,长江保护,180916.9
2026-09-16,SSE,517350,龙头科技,4604.2
2026-09-16,SSE,517360,AH科技,2358.3
2026-09-16,SSE,517380,创新药AH,285032.63
2026-09-16,SSE,517390,云计算AH,12811.26
2026-09-16,SSE,517400,黄金股票,95879.2
2026-09-16,SSE,517520,黄金股,642790.4
2026-09-16,SSE,517550,消费主题,8041.74
2026-09-16,SSE,517660,物联网AH,3988.07
2026-09-16,SSE,517770,游戏传媒,18994.78
2026-09-16,SSE,517800,AI50,21553.97
2026-09-16,SSE,517850,张江ETF,3818.52
2026-09-16,SSE,517880,品牌消费,4933.71
2026-09-16,SSE,517900,银行优选,39399.35
2026-09-16,SSE,517950,交银科技,4862.32
2026-09-16,SSE,517990,医药基金,4598.79
2026-09-16,SSE,518600,上海金,85651.63
2026-09-16,SSE,518660,工银黄金,97665.27
2026-09-16,SSE,518680,金ETF,85956.95
2026-09-16,SSE,518800,黄金基金,394887.92
2026-09-16,SSE,518850,黄金9999,197137.87
2026-09-16,SSE,518860,上海金E,47055.98
2026-09-16,SSE,518880,黄金ETF,1192454.08
2026-09-16,SSE,518890,中银黄金,37585.48
2026-09-16,SSE,520500,恒生新药,190080.5
2026-09-16,SSE,520510,港股医疗,34172.8
2026-09-16,SSE,520520,HK消费,5160.6
2026-09-16,SSE,520530,港科ETF,25077.6
2026-09-16,SSE,520550,红利恒生,116552.4
2026-09-16,SSE,520560,香港30,60741.9
2026-09-16,SSE,520570,科技恒指,363587.6
2026-09-16,SSE,520580,新兴亚洲,29298.39
2026-09-16,SSE,520590,恒科,21523.5
2026-09-16,SSE,520600,汽车港股,26586.8
2026-09-16,SSE,520610,港红利指,40396.3
2026-09-16,SSE,520620,港股消费,28440.9
2026-09-16,SSE,520630,互联港股,59411
2026-09-16,SSE,520650,互联网HK,247925.5
2026-09-16,SSE,520660,港红利CS,195148.55
2026-09-16,SSE,520670,港科基金,21992.81
2026-09-16,SSE,520680,港股通车,7336.9
2026-09-16,SSE,520690,恒生港药,63645.4
2026-09-16,SSE,520700,创新药WJ,46107.6
2026-09-16,SSE,520710,信息港股,9802.9
2026-09-16,SSE,520720,香港汽车,13594.2
2026-09-16,SSE,520730,汽车WJ,12039.44
2026-09-16,SSE,520740,互联香港,4501.26
2026-09-16,SSE,520750,HK信息,13338.4
2026-09-16,SSE,520760,港股生物,13046.6
2026-09-16,SSE,520770,港股恒指,21337.38
2026-09-16,SSE,520780,港股车50,4046
2026-09-16,SSE,520790,港互联网,65007.5
2026-09-16,SSE,520810,港高股息,31836
2026-09-16,SSE,520820,恒指通,5868.2
2026-09-16,SSE,520830,沙特ETF,103261.9
2026-09-16,SSE,520840,港科技,115354.9
2026-09-16,SSE,520850,港医疗,14824.96
2026-09-16,SSE,520860,港股通科,34419.5
2026-09-16,SSE,520870,巴西ETF,51647.72
2026-09-16,SSE,520880,港创新药,437161.8
2026-09-16,SSE,520890,港红利,7900.8
2026-09-16,SSE,520900,红利香港,152317.5
2026-09-16,SSE,520910,HK互联,75644.5
2026-09-16,SSE,520920,恒生科TH,1925601.9
2026-09-16,SSE,520930,恒生生科,15373.3
2026-09-16,SSE,520940,恒指基金,2229.7
2026-09-16,SSE,520950,港股50,34342.1
2026-09-16,SSE,520960,恒指港通,5060.34
2026-09-16,SSE,520970,港股通药,124635.8
2026-09-16,SSE,520980,港科技30,321238.7
2026-09-16,SSE,520990,国新红利,330747.05
2026-09-16,SSE,526000,港股信息,17614.2
2026-09-16,SSE,526010,香港医疗,4045.8
2026-09-16,SSE,526030,港信息基,15646.5
2026-09-16,SSE,526050,香港信息,5363
2026-09-16,SSE,526060,港股技术,4887.7
2026-09-16,SSE,526070,恒生博时,5237.7
2026-09-16,SSE,530000,50ETF基,94002.94
2026-09-16,SSE,530050,SH50ETF,13081.3
2026-09-16,SSE,530060,上证综E,93319.3
2026-09-16,SSE,530080,180指基,2291.7
2026-09-16,SSE,530100,上证580,12069.6
2026-09-16,SSE,530180,上证180,6395.2
2026-09-16,SSE,530280,180ETF指,2993.4
2026-09-16,SSE,530300,180指数,3364.3
2026-09-16,SSE,530380,上证380,13470.5
2026-09-16,SSE,530530,580ETF,13446
2026-09-16,SSE,530580,180基金,5314.9
2026-09-16,SSE,530680,180E,10289.19
2026-09-16,SSE,530800,上180ETF,1820.18
2026-09-16,SSE,530880,上证红利,3733.6
2026-09-16,SSE,551000,科创债,7641.41
2026-09-16,SSE,551030,科创债券,18542
2026-09-16,SSE,551060,科创债沪,5741.1
2026-09-16,SSE,551300,科创债摩,5309.75
2026-09-16,SSE,551500,科创债易,14687
2026-09-16,SSE,551510,科债AAA,15013.61
2026-09-16,SSE,551520,科创债汇,22104.16
2026-09-16,SSE,551550,科创AAA,19116.82
2026-09-16,SSE,551560,科创债兴,17220.88
2026-09-16,SSE,551580,科创债TK,10757.68
2026-09-16,SSE,551800,国泰科债,11629.14
2026-09-16,SSE,551900,科创债指,14022.17
2026-09-16,SSE,560010,1000基金,189062.17
2026-09-16,SSE,560020,红利添富,13156.2
2026-09-16,SSE,560030,800价值,2143.2
2026-09-16,SSE,560050,MSCIA50,215993.44
2026-09-16,SSE,560060,碳中和基,7509
2026-09-16,SSE,560070,央企分红,8236.23
2026-09-16,SSE,560080,中药ETF,225176.5
2026-09-16,SSE,560090,证券指数,232986.5
2026-09-16,SSE,560100,增强ETF,6858.03
2026-09-16,SSE,560110,ZZ1000,35590.35
2026-09-16,SSE,560120,500现金,57168.9
2026-09-16,SSE,560130,食品基金,6777.62
2026-09-16,SSE,560150,红利TK,67027.93
2026-09-16,SSE,560160,食品E,10770.6
2026-09-16,SSE,560170,央企科技,38949.55
2026-09-16,SSE,560180,ESG300,1560.3
2026-09-16,SSE,560190,公用事业,2733.4
2026-09-16,SSE,560210,景顺农牧,48652.2
2026-09-16,SSE,560220,2000基金,6071.7
2026-09-16,SSE,560230,光伏富国,8788.9
2026-09-16,SSE,560250,红利质量,12733.3
2026-09-16,SSE,560260,医疗50,171666.47
2026-09-16,SSE,560270,电力指数,15843.9
2026-09-16,SSE,560280,工程机械,139025.2
2026-09-16,SSE,560290,景顺有色,37969.4
2026-09-16,SSE,560300,电信50,2780.34
2026-09-16,SSE,560310,光伏博时,18712.2
2026-09-16,SSE,560320,食品富国,10333.2
2026-09-16,SSE,560330,300价值E,1613
2026-09-16,SSE,560350,A50指数,81753.21
2026-09-16,SSE,560360,软件指数,22934.5
2026-09-16,SSE,560370,全指红利,21758.4
2026-09-16,SSE,560380,A100,14086.1
2026-09-16,SSE,560390,电网E,198325.8
2026-09-16,SSE,560400,证券华泰,17449.3
2026-09-16,SSE,560410,电池鹏华,6078.61
2026-09-16,SSE,560420,食品Q,12478.02
2026-09-16,SSE,560450,电力TH,24806.9
2026-09-16,SSE,560460,电力平安,27103.7
2026-09-16,SSE,560470,有色E,29934
2026-09-16,SSE,560480,中证电力,12730.3
2026-09-16,SSE,560490,华泰有色,10848.2
2026-09-16,SSE,560500,500质量,29733.9
2026-09-16,SSE,560510,中证A500,254302.69
2026-09-16,SSE,560520,红利大成,5675.1
2026-09-16,SSE,560530,A500ETF,397662.37
2026-09-16,SSE,560550,碳中和,12359.74
2026-09-16,SSE,560560,碳中和TK,7019.01
2026-09-16,SSE,560570,A500低波,118054.12
2026-09-16,SSE,560580,电力指基,41600.3
2026-09-16,SSE,560590,1000鹏华,1971
2026-09-16,SSE,560610,A500指数,523998.84
2026-09-16,SSE,560620,公用WJ,2586.7
2026-09-16,SSE,560630,机器人WJ,15039.4
2026-09-16,SSE,560660,云50ETF,12593.8
2026-09-16,SSE,560670,中证银行,3497.4
2026-09-16,SSE,560680,龙头消费,33072.56
2026-09-16,SSE,560690,电信主题,2038.9
2026-09-16,SSE,560700,央红利50,45353.69
2026-09-16,SSE,560710,船舶ETF,159558
2026-09-16,SSE,560720,工银红利,9454.8
2026-09-16,SSE,560730,红利GTHT,7083.63
2026-09-16,SSE,560750,A500申万,7555.48
2026-09-16,SSE,560770,机器人ZS,166363.3
2026-09-16,SSE,560780,半导设备,1202548.8
2026-09-16,SSE,560790,软件服务,22045.59
2026-09-16,SSE,560800,数字ETF,29995.11
2026-09-16,SSE,560810,央企ESG,18011.6
2026-09-16,SSE,560820,A50新华,4092.6
2026-09-16,SSE,560830,电指数,66351.9
2026-09-16,SSE,560850,信创50,7116.4
2026-09-16,SSE,560860,工业有色,540623.3
2026-09-16,SSE,560870,中银有色,9135.19
2026-09-16,SSE,560880,家电基金,18773.2
2026-09-16,SSE,560900,创新药企,21196.91
2026-09-16,SSE,560910,中证电池,22372.1
2026-09-16,SSE,560920,招商机械,4637.33
2026-09-16,SSE,560930,电力E,19652.4
2026-09-16,SSE,560950,500增,1348.3
2026-09-16,SSE,560970,有色金属,6913.8
2026-09-16,SSE,560980,光伏龙头,33902.2
2026-09-16,SSE,560990,科技先锋,1618.71
2026-09-16,SSE,561000,300指增,4992
2026-09-16,SSE,561010,软件开发,29535.6
2026-09-16,SSE,561020,食品招商,2602.22
2026-09-16,SSE,561030,机械华泰,18255
2026-09-16,SSE,561050,稀金属E,23325
2026-09-16,SSE,561060,红利国企,4506.5
2026-09-16,SSE,561080,现金自由,2425
2026-09-16,SSE,561090,A500增,20997.4
2026-09-16,SSE,561100,电子龙头,58874.69
2026-09-16,SSE,561120,家电ETF,2815.99
2026-09-16,SSE,561130,国货ETF,8593.52
2026-09-16,SSE,561160,锂电池,229133.5
2026-09-16,SSE,561170,绿电50,51053.27
2026-09-16,SSE,561180,A100ETF,4960.96
2026-09-16,SSE,561190,双碳ETF,19331.8
2026-09-16,SSE,561200,A100基金,3147.05
2026-09-16,SSE,561220,国企数字,4755.3
2026-09-16,SSE,561230,A50,46447.78
2026-09-16,SSE,561250,稀金属PH,6175.22
2026-09-16,SSE,561260,能源ETF,2389.52
2026-09-16,SSE,561280,增强1000,8184.77
2026-09-16,SSE,561300,300增ETF,55696.5
2026-09-16,SSE,561310,消电ETF,10783.31
2026-09-16,SSE,561320,交运ETF,3436.9
2026-09-16,SSE,561330,矿业ETF,184239.21
2026-09-16,SSE,561350,国泰500,10670
2026-09-16,SSE,561360,石油ETF,129014.8
2026-09-16,SSE,561370,2000ETF,3235.6
2026-09-16,SSE,561380,电网ETF,619353.4
2026-09-16,SSE,561390,稀金属PA,8812.81
2026-09-16,SSE,561400,鑫元养殖,2551.9
2026-09-16,SSE,561410,光伏工银,19561.33
2026-09-16,SSE,561420,300现金,100623.7
2026-09-16,SSE,561430,全指质量,3122.32
2026-09-16,SSE,561450,华泰红利,7462.43
2026-09-16,SSE,561460,AITH,243352
2026-09-16,SSE,561470,畜牧TH,7393.6
2026-09-16,SSE,561490,红利财通,7763.13
2026-09-16,SSE,561500,漂亮50,5460.03
2026-09-16,SSE,561510,中医药,6520.6
2026-09-16,SSE,561530,银华银行,5613.4
2026-09-16,SSE,561550,500指增,137848.96
2026-09-16,SSE,561560,电力ETF,191662.42
2026-09-16,SSE,561570,油气基金,7214.7
2026-09-16,SSE,561580,央企红利,197437.07
2026-09-16,SSE,561590,1000增强,10149.96
2026-09-16,SSE,561600,消费电子,29654.8
2026-09-16,SSE,561610,N鑫元绿,17712.38
2026-09-16,SSE,561620,华泰化工,3172.7
2026-09-16,SSE,561630,华泰质量,4189.8
2026-09-16,SSE,561660,通航基金,6371
2026-09-16,SSE,561680,A500红低,5416.9
2026-09-16,SSE,561690,质量300,31288.06
2026-09-16,SSE,561700,电力基金,35381.36
2026-09-16,SSE,561730,中证A股,7074.81
2026-09-16,SSE,561750,A50博时,6149.6
2026-09-16,SSE,561760,油气博时,16069.5
2026-09-16,SSE,561770,指基A100,3555
2026-09-16,SSE,561780,1000指增,1735.58
2026-09-16,SSE,561790,现代能源,5543.4
2026-09-16,SSE,561800,稀金属,20907.72
2026-09-16,SSE,561810,华泰医疗,5363.84
2026-09-16,SSE,561830,有色GTHT,18257.11
2026-09-16,SSE,561870,现金流指,8876.5
2026-09-16,SSE,561880,A100指数,8438.9
2026-09-16,SSE,561890,A股E,3611.26
2026-09-16,SSE,561900,沪深ESG,2633.44
2026-09-16,SSE,561910,电池ETF,485607.66
2026-09-16,SSE,561920,疫苗龙头,5469.2
2026-09-16,SSE,561930,招商300,18726.06
2026-09-16,SSE,561950,500增强A,7215.6
2026-09-16,SSE,561960,央企回报,5678.52
2026-09-16,SSE,561980,芯片设备,835055
2026-09-16,SSE,561990,300增强,33464.92
2026-09-16,SSE,562000,中证A100,59273.79
2026-09-16,SSE,562010,绿色能源,1829.87
2026-09-16,SSE,562030,信创基金,15697.39
2026-09-16,SSE,562050,药ETF,11746.8
2026-09-16,SSE,562060,标普红利,536679.26
2026-09-16,SSE,562070,300ETF增,55554.2
2026-09-16,SSE,562080,自由现金,57875.72
2026-09-16,SSE,562110,N东证云,22548.13
2026-09-16,SSE,562150,红利PH,20956.75
2026-09-16,SSE,562170,300现金E,23359.22
2026-09-16,SSE,562180,红低A500,9315
2026-09-16,SSE,562300,低碳ETF,6249.5
2026-09-16,SSE,562310,300成长,41857.23
2026-09-16,SSE,562320,300价值A,5229.55
2026-09-16,SSE,562330,500价值,1201.89
2026-09-16,SSE,562340,500成长,814.43
2026-09-16,SSE,562350,电力,12441.09
2026-09-16,SSE,562360,机器人YH,29947.4
2026-09-16,SSE,562380,科技引领,7362.89
2026-09-16,SSE,562390,中药,8142.9
2026-09-16,SSE,562500,机器人,1862818.73
2026-09-16,SSE,562510,旅游ETF,114909.5
2026-09-16,SSE,562520,1000成长,2456.8
2026-09-16,SSE,562530,1000价值,14914.4
2026-09-16,SSE,562550,绿电ETF,144491.93
2026-09-16,SSE,562560,信息技术,2276.55
2026-09-16,SSE,562570,信创ETF,31528.1
2026-09-16,SSE,562580,可选消费,3922.33
2026-09-16,SSE,562590,半导材料,872298.9
2026-09-16,SSE,562600,医疗器械,45393.74
2026-09-16,SSE,562660,ZZ2000,35487.4
2026-09-16,SSE,562700,汽车零件,9775
2026-09-16,SSE,562800,稀有金属,588059.5
2026-09-16,SSE,562810,上证增强,4795.1
2026-09-16,SSE,562820,集成电路,44640.8
2026-09-16,SSE,562850,央企能源,17598.15
2026-09-16,SSE,562860,疫苗ETF,33289.5
2026-09-16,SSE,562870,证券全指,59150.52
2026-09-16,SSE,562880,电池基金,89689.96
2026-09-16,SSE,562890,A50中证,27205.1
2026-09-16,SSE,562900,现代农业,22370.63
2026-09-16,SSE,562910,高端制造,29822.73
2026-09-16,SSE,562920,信息安全,9506.9
2026-09-16,SSE,562930,软件30,175443.7
2026-09-16,SSE,562950,消电50,102625.83
2026-09-16,SSE,562960,绿色电力,116889.1
2026-09-16,SSE,562970,光伏E,37544.8
2026-09-16,SSE,562990,碳中和E,37775.6
2026-09-16,SSE,563000,中国A50,147345.11
2026-09-16,SSE,563010,电信ETF,9018.93
2026-09-16,SSE,563020,低波红利,1032491
2026-09-16,SSE,563030,增强500,12716.9
2026-09-16,SSE,563050,科技央企,14620.84
2026-09-16,SSE,563060,央企50,17852.7
2026-09-16,SSE,563080,中证A50E,107258.84
2026-09-16,SSE,563090,上50增强,5584.8
2026-09-16,SSE,563150,油气资源,3439.9
2026-09-16,SSE,563180,高股息,9542
2026-09-16,SSE,563200,2000指数,5145.88
2026-09-16,SSE,563210,专精特新,11206.7
2026-09-16,SSE,563220,A500富国,631701.37
2026-09-16,SSE,563230,卫星ETF,320723.7
2026-09-16,SSE,563280,A50增强,520.66
2026-09-16,SSE,563300,中证2000,398617.4
2026-09-16,SSE,563320,通用航空,22089.2
2026-09-16,SSE,563330,A股ETF,3596.06
2026-09-16,SSE,563350,中证A50,17399.76
2026-09-16,SSE,563360,A500基金,3113898.74
2026-09-16,SSE,563380,航空航天,80095
2026-09-16,SSE,563390,现金基金,214034.4
2026-09-16,SSE,563500,A500华宝,76595.87
2026-09-16,SSE,563510,A500红利,28353.7
2026-09-16,SSE,563520,300永赢,44806.5
2026-09-16,SSE,563530,卫星E,152274.8
2026-09-16,SSE,563550,增强A500,7655.9
2026-09-16,SSE,563560,科技成长,5576.9
2026-09-16,SSE,563570,金融科,10337.4
2026-09-16,SSE,563580,现金800,23964.8
2026-09-16,SSE,563590,红利A500,5994.44
2026-09-16,SSE,563600,A500增强,6648.3
2026-09-16,SSE,563620,现金流全,5104.9
2026-09-16,SSE,563630,A500指增,3794.71
2026-09-16,SSE,563650,A500中证,14090.9
2026-09-16,SSE,563660,A500银河,6608.52
2026-09-16,SSE,563670,金科基金,18598.7
2026-09-16,SSE,563680,现金流TF,10395.9
2026-09-16,SSE,563690,红利永赢,5388.2
2026-09-16,SSE,563700,红利价值,35215
2026-09-16,SSE,563750,500添富,35223.7
2026-09-16,SSE,563760,中银现金,70791.32
2026-09-16,SSE,563770,全指现金,2730.7
2026-09-16,SSE,563780,现金指数,23502.71
2026-09-16,SSE,563790,卫星产业,116544.7
2026-09-16,SSE,563800,A500龙头,904397.81
2026-09-16,SSE,563830,现金流基,13489.6
2026-09-16,SSE,563850,食品广发,10288.17
2026-09-16,SSE,563860,A500海富,18884.43
2026-09-16,SSE,563870,航空通用,10330.39
2026-09-16,SSE,563880,A500添富,149299.64
2026-09-16,SSE,563890,红利国有,1983.6
2026-09-16,SSE,563900,现金流,45996.57
2026-09-16,SSE,563930,上指增强,2559.2
2026-09-16,SSE,563960,300质量,35101.2
2026-09-16,SSE,563980,800红利,21696.7
2026-09-16,SSE,563990,800现金,29457.3
2026-09-16,SSE,588000,科创50,5538266.82
2026-09-16,SSE,588010,科创材料,101792.58
2026-09-16,SSE,588020,科创50E,216537.3
2026-09-16,SSE,588030,科创指基,227383.81
2026-09-16,SSE,588040,科创板指,14588.9
2026-09-16,SSE,588050,科创ETF,673124.13
2026-09-16,SSE,588060,上证科创,786114
2026-09-16,SSE,588070,科创万家,3643.7
2026-09-16,SSE,588080,科创板50,2603862.81
2026-09-16,SSE,588090,科创板,315607.28
2026-09-16,SSE,588100,科创信息,23674.62
2026-09-16,SSE,588110,科创成长,94303.2
2026-09-16,SSE,588120,科100ETF,90762.2
2026-09-16,SSE,588130,科创药,47058.26
2026-09-16,SSE,588140,科200GF,21775.1
2026-09-16,SSE,588150,科创龙头,40143.26
2026-09-16,SSE,588160,科创新材,95199.6
2026-09-16,SSE,588170,科创半导,4283144.7
2026-09-16,SSE,588180,科创50基,77685.37
2026-09-16,SSE,588190,科创100,136661.83
2026-09-16,SSE,588200,科创芯片,4294618.43
2026-09-16,SSE,588210,科创100E,24575.4
2026-09-16,SSE,588220,科创100F,371169.79
2026-09-16,SSE,588230,科创200,68393.9
2026-09-16,SSE,588240,科200,11363.3
2026-09-16,SSE,588250,KC医药,28567.5
2026-09-16,SSE,588260,科创技术,4674.6
2026-09-16,SSE,588270,科创200F,29241
2026-09-16,SSE,588280,科创五零,40412.1
2026-09-16,SSE,588290,芯片科创,465869.1
2026-09-16,SSE,588300,双创ETF,154621.05
2026-09-16,SSE,588310,双创基金,3183.75
2026-09-16,SSE,588320,双创增强,8982.46
2026-09-16,SSE,588330,双创龙头,123173.78
2026-09-16,SSE,588350,双创,65854.6
2026-09-16,SSE,588360,创创ETF,23308.18
2026-09-16,SSE,588370,科创策略,7827.2
2026-09-16,SSE,588380,创50ETF,289477
2026-09-16,SSE,588390,科创创业,16193.59
2026-09-16,SSE,588400,双创50,140460.06
2026-09-16,SSE,588410,双创AI,11125
2026-09-16,SSE,588420,AI双创,33364.8
2026-09-16,SSE,588430,科创创AI,9845.8
2026-09-16,SSE,588450,科创50增,6356.87
2026-09-16,SSE,588460,科创增强,67351.4
2026-09-16,SSE,588470,双创智能,28090.7
2026-09-16,SSE,588480,AI50双创,24371.7
2026-09-16,SSE,588500,科创100Z,4464.7
2026-09-16,SSE,588510,智能双创,31917.5
2026-09-16,SSE,588520,科创增,1295.7
2026-09-16,SSE,588530,AIBOCI,22243.33
2026-09-16,SSE,588550,科创增指,6329
2026-09-16,SSE,588660,双创五零,3834.4
2026-09-16,SSE,588670,科综增强,3979.2
2026-09-16,SSE,588680,科100增,3536.1
2026-09-16,SSE,588690,科综指增,4763.6
2026-09-16,SSE,588700,科创生物,46783.62
2026-09-16,SSE,588710,科半导体,1109488.5
2026-09-16,SSE,588720,中银科创,11224.18
2026-09-16,SSE,588730,科创AI,74439.63
2026-09-16,SSE,588750,科创芯50,300122.8
2026-09-16,SSE,588760,AI科创,256953.2
2026-09-16,SSE,588770,信息科创,31159.71
2026-09-16,SSE,588780,芯片设计,101990.2
2026-09-16,SSE,588790,科创智能,344838.4
2026-09-16,SSE,588800,科创100C,164987.7
2026-09-16,SSE,588810,科创板芯,175264.8
2026-09-16,SSE,588820,科创200E,15140
2026-09-16,SSE,588830,科创新能,68584.79
2026-09-16,SSE,588840,50科创,6123.6
2026-09-16,SSE,588850,科创机械,8277.9
2026-09-16,SSE,588860,科创医药,36488.94
2026-09-16,SSE,588870,科创50指,92655.2
2026-09-16,SSE,588880,科创指数,11136.8
2026-09-16,SSE,588890,科创芯,272943
2026-09-16,SSE,588900,科创100S,36178.3
2026-09-16,SSE,588910,科创价值,10004.91
2026-09-16,SSE,588920,KC芯片,31687.6
2026-09-16,SSE,588930,科创板AI,64132.9
2026-09-16,SSE,588940,科创富国,312884
2026-09-16,SSE,588950,景顺科创,74072.97
2026-09-16,SSE,588960,新能科创,15057.98
2026-09-16,SSE,588980,科创广发,1442
2026-09-16,SSE,588990,科芯片,19574.54
2026-09-16,SSE,589000,科创综指,105950.78
2026-09-16,SSE,589010,科创AI指,94179.3
2026-09-16,SSE,589020,KC半导体,432843.8
2026-09-16,SSE,589030,科芯设计,91607.7
2026-09-16,SSE,589050,科创E,5096.8
2026-09-16,SSE,589060,科综东财,8213.79
2026-09-16,SSE,589070,科芯TH,201529.3
2026-09-16,SSE,589080,科创综E,14806.1
2026-09-16,SSE,589090,KCAI,19943.1
2026-09-16,SSE,589100,国泰芯片,90544.25
2026-09-16,SSE,589110,科AI国泰,55241.3
2026-09-16,SSE,589120,创新药基,142662
2026-09-16,SSE,589130,科创芯易,328178
2026-09-16,SSE,589150,科创平安,85143.72
2026-09-16,SSE,589160,科芯片GF,28429.6
2026-09-16,SSE,589170,芯设计KC,14790.9
2026-09-16,SSE,589180,科创材基,13731.8
2026-09-16,SSE,589190,科创芯基,374556.2
2026-09-16,SSE,589200,科200E,2550.7
2026-09-16,SSE,589210,芯设计GF,134493.8
2026-09-16,SSE,589220,科200GT,32249.58
2026-09-16,SSE,589230,AI科创CS,26105.3
2026-09-16,SSE,589250,芯设计PY,7510.13
2026-09-16,SSE,589260,科创芯设,11515.6
2026-09-16,SSE,589270,科创100Q,2151.66
2026-09-16,SSE,589280,科综增指,13906.9
2026-09-16,SSE,589290,芯片主题,14384.89
2026-09-16,SSE,589300,科综嘉实,4158.25
2026-09-16,SSE,589310,科创人工,31649.18
2026-09-16,SSE,589320,科200JS,11405.3
2026-09-16,SSE,589330,科200DC,16590.2
2026-09-16,SSE,589350,科芯片指,24228.15
2026-09-16,SSE,589360,科创50GT,271717.4
2026-09-16,SSE,589380,AI科创指,10569.43
2026-09-16,SSE,589390,芯设计,133581.05
2026-09-16,SSE,589400,芯设计FG,30378.52
2026-09-16,SSE,589410,科创AIJS,56856.56
2026-09-16,SSE,589420,芯设计MW,36648.15
2026-09-16,SSE,589430,科芯片设,22884.99
2026-09-16,SSE,589460,科200HB,20863.09
2026-09-16,SSE,589500,科综工银,8006.4
2026-09-16,SSE,589520,AI科创板,91810.46
2026-09-16,SSE,589550,KC价值,2829.55
2026-09-16,SSE,589560,科创AITF,26835.5
2026-09-16,SSE,589580,科综价格,1435.48
2026-09-16,SSE,589600,富国科综,22553.5
2026-09-16,SSE,589630,科综国泰,34325.8
2026-09-16,SSE,589660,综指科创,26153
2026-09-16,SSE,589680,科创综Z,144494.37
2026-09-16,SSE,589700,成长科创,2829.1
2026-09-16,SSE,589720,科创新药,536382.3
2026-09-16,SSE,589770,科创全指,15356.92
2026-09-16,SSE,589780,科200FG,6921.5
2026-09-16,SSE,589800,科创综合,109198.82
2026-09-16,SSE,589820,科200F,12972.02
2026-09-16,SSE,589850,科创东财,85905.7
2026-09-16,SSE,589860,天弘科综,16222.4
2026-09-16,SSE,589880,科创综,46499.6
2026-09-16,SSE,589890,景顺科综,8498.7
2026-09-16,SSE,589900,博时科综,16890.82
2026-09-16,SSE,589950,科100FG,36387.3
2026-09-16,SSE,589960,科创新源,17531.6
2026-09-16,SSE,589980,科基100,12912.2
2026-09-16,SSE,589990,科创板综,11009
2026-09-16,SZSE,158000,港股通金融ETF鹏华,6992.58
2026-09-16,SZSE,158001,价值ETF嘉实,12039.26
2026-09-16,SZSE,158003,港股通医疗ETF嘉实,7165.43
2026-09-16,SZSE,158005,工程机械ETF博时,12106.13
2026-09-16,SZSE,158006,化工ETF博时,4304.60
2026-09-16,SZSE,158008,新能源电池ETF华夏,24541.31
2026-09-16,SZSE,158009,航空航天ETF南方,3137.38
2026-09-16,SZSE,158010,医疗ETF嘉实,29621.33
2026-09-16,SZSE,158011,创业板软件ETF国泰,5534.26
2026-09-16,SZSE,158012,云计算ETF南方,27782.55
2026-09-16,SZSE,158013,航空航天ETF易方达,6134.52
2026-09-16,SZSE,158017,化工ETF易方达,6659.45
2026-09-16,SZSE,158019,电池ETF永赢,27328.19
2026-09-16,SZSE,158023,红利低波ETF万家,50808.07
2026-09-16,SZSE,158027,工业互联网ETF易方达,19514.30
2026-09-16,SZSE,158028,稀有金属ETF招商,20668.77
2026-09-16,SZSE,158032,化工ETF景顺,24083.55
2026-09-16,SZSE,158038,粮食ETF富国,19106.00
2026-09-16,SZSE,158061,创业板算力ETF天弘,35206.64
2026-09-16,SZSE,159001,货币ETF易方达,3211.52
2026-09-16,SZSE,159003,招商快线ETF,200.01
2026-09-16,SZSE,159005,快钱ETF汇添富,128.40
2026-09-16,SZSE,159007,养殖ETF华泰柏瑞,18260.32
2026-09-16,SZSE,159008,证券ETF景顺,13028.45
2026-09-16,SZSE,159009,创业板新能源ETF易方达,15939.27
2026-09-16,SZSE,159010,港股通科技ETF博时,20459.76
2026-09-16,SZSE,159011,养殖ETF华安,2350.51
2026-09-16,SZSE,159012,科创创业50ETF鹏华,13788.11
2026-09-16,SZSE,159013,工业互联网ETF大成,4257.88
2026-09-16,SZSE,159015,恒生港股通科技ETF国联,11035.29
2026-09-16,SZSE,159016,证券ETF广发,34804.01
2026-09-16,SZSE,159017,石油ETF工银,15025.68
2026-09-16,SZSE,159018,石油ETF广发,2590.42
2026-09-16,SZSE,159019,石油ETF华宝,4432.77
2026-09-16,SZSE,159020,养殖ETF易方达,11356.70
2026-09-16,SZSE,159021,大盘价值ETF华夏,6090.77
2026-09-16,SZSE,159022,科创创业人工智能ETF富国,17463.09
2026-09-16,SZSE,159023,养殖ETF万家,3677.79
2026-09-16,SZSE,159025,家电ETF华安,6093.50
2026-09-16,SZSE,159026,石油ETF南方,4351.34
2026-09-16,SZSE,159027,畜牧养殖ETF大成,10447.22
2026-09-16,SZSE,159028,港股汽车ETF天弘,13344.90
2026-09-16,SZSE,159029,有色ETF广发,30112.77
2026-09-16,SZSE,159030,粮食ETF华夏,43346.81
2026-09-16,SZSE,159031,粮食ETF博时,54752.86
2026-09-16,SZSE,159032,工业有色ETF易方达,26384.50
2026-09-16,SZSE,159033,粮食ETF国泰,12832.34
2026-09-16,SZSE,159035,软件ETF天弘,66785.97
2026-09-16,SZSE,159036,软件开发ETF华宝,28474.01
2026-09-16,SZSE,159037,价值ETF鹏华,5924.98
2026-09-16,SZSE,159038,粮食ETF易方达,16902.69
2026-09-16,SZSE,159039,机器人ETF华安,116846.14
2026-09-16,SZSE,159040,港股通互联网ETF鹏华,3248.10
2026-09-16,SZSE,159041,农业ETF鹏华,3647.18
2026-09-16,SZSE,159042,价值ETF汇添富,8180.11
2026-09-16,SZSE,159043,食品ETF华安,6277.06
2026-09-16,SZSE,159045,稀有金属ETF大成,17833.02
2026-09-16,SZSE,159046,绿电ETF天弘,74047.68
2026-09-16,SZSE,159048,机器人ETF大成,19480.38
2026-09-16,SZSE,159049,有色ETF工银,3407.33
2026-09-16,SZSE,159050,机器人ETF广发,65070.36
2026-09-16,SZSE,159051,医疗器械ETF易方达,8411.78
2026-09-16,SZSE,159052,新能源电池ETF嘉实,20192.60
2026-09-16,SZSE,159053,稀有金属ETF华夏,16669.81
2026-09-16,SZSE,159055,稀有金属ETF富国,12929.39
2026-09-16,SZSE,159056,医疗器械ETF富国,5793.43
2026-09-16,SZSE,159057,医疗器械ETF鹏华,2571.53
2026-09-16,SZSE,159058,证券ETF大成,7633.12
2026-09-16,SZSE,159059,电力ETF大成,5183.00
2026-09-16,SZSE,159060,粮食ETF浦银,1848.34
2026-09-16,SZSE,159061,绿色电力ETF南方,20724.02
2026-09-16,SZSE,159062,稀有金属ETF南方,11920.12
2026-09-16,SZSE,159063,粮食ETF南方,5698.66
2026-09-16,SZSE,159065,工程机械ETF景顺,10735.08
2026-09-16,SZSE,159066,A股ETF建信,20473.30
2026-09-16,SZSE,159067,绿色电力ETF鹏华,1690.87
2026-09-16,SZSE,159068,软件ETF华夏,6033.65
2026-09-16,SZSE,159069,创业板新能源ETF华泰柏瑞,4277.04
2026-09-16,SZSE,159070,工程机械ETF嘉实,10036.68
2026-09-16,SZSE,159071,新能源电池ETF华宝,12591.17
2026-09-16,SZSE,159072,粮食ETF景顺,5128.51
2026-09-16,SZSE,159073,粮食ETF汇添富,6517.38
2026-09-16,SZSE,159075,工业互联网ETF华夏,17219.71
2026-09-16,SZSE,159076,创业板新能源ETF华宝,24837.30
2026-09-16,SZSE,159077,电池ETF鑫元,3324.25
2026-09-16,SZSE,159078,A股ETF富国,16726.24
2026-09-16,SZSE,159079,价值ETF兴全,7180.68
2026-09-16,SZSE,159082,化工ETF华夏,7553.12
2026-09-16,SZSE,159083,红利低波100ETF嘉实,12837.04
2026-09-16,SZSE,159085,价值ETF永赢,2853.54
2026-09-16,SZSE,159086,金融科技ETF广发,2939.98
2026-09-16,SZSE,159087,化工ETF万家,2999.21
2026-09-16,SZSE,159091,港股通金融ETF易方达,2437.41
2026-09-16,SZSE,159093,化工ETF汇添富,2668.14
2026-09-16,SZSE,159095,云计算ETF银华,21546.81
2026-09-16,SZSE,159096,价值ETF华夏,14163.13
2026-09-16,SZSE,159098,价值ETF招商,8389.15
2026-09-16,SZSE,159099,云计算ETF华宝,10561.05
2026-09-16,SZSE,159100,巴西ETF华夏,47804.69
2026-09-16,SZSE,159101,港股通科技ETF华夏,287431.14
2026-09-16,SZSE,159102,港股通生物科技ETF华安,62412.20
2026-09-16,SZSE,159103,金融科技ETF汇添富,32740.67
2026-09-16,SZSE,159105,恒生生物科技ETF易方达,17927.29
2026-09-16,SZSE,159106,民企300ETF前海开源,3957.94
2026-09-16,SZSE,159107,创业板软件ETF富国,77382.30
2026-09-16,SZSE,159108,工业软件ETF博时,11973.85
2026-09-16,SZSE,159109,恒生50ETF景顺,55916.38
2026-09-16,SZSE,159110,科创债ETF万家,2312.70
2026-09-16,SZSE,159111,科创债ETF天弘,14427.66
2026-09-16,SZSE,159112,科创债ETF银华,23718.78
2026-09-16,SZSE,159113,科创债ETF大成,9622.62
2026-09-16,SZSE,159115,科创债ETF华安,5280.34
2026-09-16,SZSE,159116,科创债ETF工银,11877.27
2026-09-16,SZSE,159117,港股通红利低波ETF鹏华,6040.11
2026-09-16,SZSE,159118,港股通红利低波ETF华夏,6767.70
2026-09-16,SZSE,159119,800现金流ETF招商,15405.42
2026-09-16,SZSE,159120,港股通科技ETF国联安,19702.44
2026-09-16,SZSE,159121,港股通汽车ETF易方达,15248.11
2026-09-16,SZSE,159122,创业板新能源ETF富国,6916.09
2026-09-16,SZSE,159123,光伏ETF嘉实,39604.70
2026-09-16,SZSE,159125,港股通科技ETF招商,84024.58
2026-09-16,SZSE,159126,港股通50ETF南方,22761.65
2026-09-16,SZSE,159127,港股通红利ETF南方,15134.42
2026-09-16,SZSE,159128,港股科技ETF天弘,190876.08
2026-09-16,SZSE,159129,化工ETF嘉实,113640.65
2026-09-16,SZSE,159130,恒生生物科技ETF鹏华,19638.94
2026-09-16,SZSE,159131,港股通信息技术ETF华宝,209791.99
2026-09-16,SZSE,159132,恒生生物科技ETF富国,11796.35
2026-09-16,SZSE,159133,化工ETF天弘,155641.33
2026-09-16,SZSE,159135,港股通科技ETF前海开源,61846.63
2026-09-16,SZSE,159136,A50ETF广发,10941.40
2026-09-16,SZSE,159137,港股通医疗ETF华宝,16763.26
2026-09-16,SZSE,159138,工程机械ETF易方达,29226.79
2026-09-16,SZSE,159139,科创创业人工智能ETF华泰柏瑞,17010.92
2026-09-16,SZSE,159140,科创创业人工智能ETF易方达,48193.68
2026-09-16,SZSE,159141,科创创业人工智能ETF永赢,148706.07
2026-09-16,SZSE,159142,科创创业人工智能ETF景顺,116326.01
2026-09-16,SZSE,159143,港股通央企红利ETF平安,4955.44
2026-09-16,SZSE,159145,工业软件ETF广发,7258.18
2026-09-16,SZSE,159146,电力ETF华宝,68794.08
2026-09-16,SZSE,159147,电池ETF南方,223590.95
2026-09-16,SZSE,159148,石油ETF富国,23446.66
2026-09-16,SZSE,159149,创业板新能源ETF工银,5851.52
2026-09-16,SZSE,159150,深证50ETF易方达,9799.76
2026-09-16,SZSE,159151,食品ETF华夏,18645.10
2026-09-16,SZSE,159152,港股通科技ETF平安,82455.60
2026-09-16,SZSE,159153,消费电子ETF鹏华,9272.59
2026-09-16,SZSE,159155,电池ETF大成,73951.32
2026-09-16,SZSE,159156,电池ETF万家,23146.12
2026-09-16,SZSE,159157,有色金属ETF天弘,811675.87
2026-09-16,SZSE,159158,电力ETF景顺,87353.53
2026-09-16,SZSE,159159,公用事业ETF国投瑞银,11481.85
2026-09-16,SZSE,159160,电池ETF东财,27181.92
2026-09-16,SZSE,159161,工程机械ETF东财,6833.12
2026-09-16,SZSE,159162,工业有色ETF鹏华,42493.98
2026-09-16,SZSE,159163,有色ETF泰康,26480.70
2026-09-16,SZSE,159165,养殖ETF永赢,10157.12
2026-09-16,SZSE,159166,现金流ETF长城,55281.60
2026-09-16,SZSE,159167,港股通医疗ETF工银,15154.91
2026-09-16,SZSE,159168,有色ETF富国,51945.50
2026-09-16,SZSE,159169,恒生生物科技ETF广发,12687.44
2026-09-16,SZSE,159170,港股通互联网ETF永赢,38863.83
2026-09-16,SZSE,159171,工业有色ETF博时,21753.29
2026-09-16,SZSE,159172,养殖ETF汇添富,38282.92
2026-09-16,SZSE,159173,农牧ETF南方,4645.53
2026-09-16,SZSE,159175,电池ETF易方达,51127.03
2026-09-16,SZSE,159176,家电ETF华宝,2030.33
2026-09-16,SZSE,159177,工程机械ETF鹏华,4561.92
2026-09-16,SZSE,159178,消费电子ETF汇添富,9843.29
2026-09-16,SZSE,159179,港股通互联网ETF工银,10290.35
2026-09-16,SZSE,159180,软件ETF银华,3315.59
2026-09-16,SZSE,159181,石油ETF易方达,13140.53
2026-09-16,SZSE,159182,家电ETF南方,3448.56
2026-09-16,SZSE,159183,新能源车ETF招商,5138.77
2026-09-16,SZSE,159185,港股通信息技术ETF鹏华,19409.90
2026-09-16,SZSE,159186,港股通汽车ETF鹏华,8886.92
2026-09-16,SZSE,159187,创业板新能源ETF景顺,6617.62
2026-09-16,SZSE,159188,红利100ETF景顺,6560.18
2026-09-16,SZSE,159189,石油ETF华夏,10708.31
2026-09-16,SZSE,159190,创业板新能源ETF天弘,7606.92
2026-09-16,SZSE,159191,港股通科技ETF易方达,6910.48
2026-09-16,SZSE,159192,家电ETF汇添富,1798.70
2026-09-16,SZSE,159193,新能源电池ETF银华,25908.03
2026-09-16,SZSE,159195,石油ETF华安,7349.01
2026-09-16,SZSE,159196,港股通信息技术ETF易方达,22153.03
2026-09-16,SZSE,159197,石油ETF招商,4038.82
2026-09-16,SZSE,159198,港股通信息技术ETF富国,9034.43
2026-09-16,SZSE,159199,石油ETF平安,6115.49
2026-09-16,SZSE,159200,科创债ETF富国,15354.26
2026-09-16,SZSE,159201,自由现金流ETF华夏,1334427.59
2026-09-16,SZSE,159202,恒生互联网ETF万家,124640.19
2026-09-16,SZSE,159203,大盘成长ETF博时,979.19
2026-09-16,SZSE,159205,创业板ETF东财,69905.60
2026-09-16,SZSE,159206,卫星ETF永赢,928295.33
2026-09-16,SZSE,159207,高股息ETF广发,232298.33
2026-09-16,SZSE,159208,航空航天ETF万家,29846.27
2026-09-16,SZSE,159209,红利质量ETF招商,231063.50
2026-09-16,SZSE,159210,港股通汽车ETF汇添富,4974.98
2026-09-16,SZSE,159211,深证100ETF富国,1968.32
2026-09-16,SZSE,159212,深100ETF南方,9920.43
2026-09-16,SZSE,159213,机器人ETF汇添富,48423.75
2026-09-16,SZSE,159215,A500ETF平安,95858.28
2026-09-16,SZSE,159216,深证100ETF大成,1254.82
2026-09-16,SZSE,159217,港股通创新药ETF工银,561015.75
2026-09-16,SZSE,159218,卫星ETF招商,198161.63
2026-09-16,SZSE,159219,深证100ETF融通,1038.80
2026-09-16,SZSE,159220,港股通红利低波ETF华宝,44956.95
2026-09-16,SZSE,159221,现金流ETF嘉实,106901.32
2026-09-16,SZSE,159222,自由现金流ETF易方达,171237.04
2026-09-16,SZSE,159223,现金流ETF永赢,17584.47
2026-09-16,SZSE,159225,现金流ETF银华,25974.48
2026-09-16,SZSE,159226,中证A500增强ETF国泰,8409.48
2026-09-16,SZSE,159227,航空航天ETF华夏,434291.11
2026-09-16,SZSE,159228,红利低波ETF长城,10321.26
2026-09-16,SZSE,159229,自由现金流ETF广发,13655.60
2026-09-16,SZSE,159230,通用航空ETF华夏,29930.42
2026-09-16,SZSE,159231,通用航空ETF华宝,32709.18
2026-09-16,SZSE,159232,自由现金流ETF南方,207094.85
2026-09-16,SZSE,159233,自由现金流ETF平安,62262.34
2026-09-16,SZSE,159235,中证现金流ETF大成,190372.95
2026-09-16,SZSE,159236,自由现金流ETF工银,3772.21
2026-09-16,SZSE,159237,港股汽车ETF工银,4233.42
2026-09-16,SZSE,159238,沪深300增强ETF景顺,5401.61
2026-09-16,SZSE,159239,港股通汽车ETF富国,11028.07
2026-09-16,SZSE,159240,A500增强ETF天弘,1761.97
2026-09-16,SZSE,159241,航空航天ETF天弘,129107.42
2026-09-16,SZSE,159242,创业板人工智能ETF大成,40927.85
2026-09-16,SZSE,159243,创业板人工智能ETF招商,13903.02
2026-09-16,SZSE,159245,港股通消费ETF富国,7211.32
2026-09-16,SZSE,159246,创业板人工智能ETF富国,317965.56
2026-09-16,SZSE,159247,创业板ETF汇添富,57998.49
2026-09-16,SZSE,159248,人工智能ETF万家,13309.56
2026-09-16,SZSE,159249,A500增强ETF工银,11119.19
2026-09-16,SZSE,159251,港股通科技ETF万家,24378.77
2026-09-16,SZSE,159253,银行ETF博时,48380.49
2026-09-16,SZSE,159255,通用航空ETF易方达,6633.88
2026-09-16,SZSE,159256,创业板软件ETF华夏,59518.37
2026-09-16,SZSE,159257,航空ETF汇添富,14641.69
2026-09-16,SZSE,159258,机器人ETF南方,133626.56
2026-09-16,SZSE,159259,成长ETF易方达,665569.64
2026-09-16,SZSE,159260,证券ETF博时,102971.35
2026-09-16,SZSE,159261,创业板新能源ETF鹏华,4981.49
2026-09-16,SZSE,159262,港股通科技ETF广发,554572.04
2026-09-16,SZSE,159263,价值ETF易方达,760910.51
2026-09-16,SZSE,159265,港股消费ETF鹏华,17795.08
2026-09-16,SZSE,159266,港股央企红利ETF永赢,33571.00
2026-09-16,SZSE,159267,航天ETF华安,248450.61
2026-09-16,SZSE,159268,港股通消费ETF汇添富,38905.50
2026-09-16,SZSE,159269,港股通科技ETF南方,148331.17
2026-09-16,SZSE,159270,创业板200ETF南方,9076.36
2026-09-16,SZSE,159271,恒生ETF鹏华,23338.67
2026-09-16,SZSE,159272,机器人ETF富国,373816.46
2026-09-16,SZSE,159273,云计算ETF汇添富,70977.75
2026-09-16,SZSE,159275,农牧渔ETF华宝,26230.29
2026-09-16,SZSE,159276,现金流ETF汇添富,55069.66
2026-09-16,SZSE,159277,港股通红利ETF富国,3255.70
2026-09-16,SZSE,159278,机器人ETF鹏华,203254.58
2026-09-16,SZSE,159279,创业板人工智能ETF华安,15038.75
2026-09-16,SZSE,159280,港股通互联网ETF汇添富,10771.71
2026-09-16,SZSE,159281,港股央企红利ETF天弘,23923.30
2026-09-16,SZSE,159283,通用航空ETF南方,28943.79
2026-09-16,SZSE,159285,港股通消费ETF华安,24748.66
2026-09-16,SZSE,159286,港股通创新药ETF鹏华,71578.54
2026-09-16,SZSE,159287,创业板综ETF博时,10956.87
2026-09-16,SZSE,159288,创业板综ETF银华,9217.49
2026-09-16,SZSE,159289,创业板综指ETF鹏华,3890.26
2026-09-16,SZSE,159290,创业板综指增强ETF东财,4510.03
2026-09-16,SZSE,159291,创业板综增强ETF招商,1745.73
2026-09-16,SZSE,159292,创业板综增强ETF华宝,17818.95
2026-09-16,SZSE,159293,创业板综增强ETF建信,2315.93
2026-09-16,SZSE,159295,创业综指ETF西部利得,8295.82
2026-09-16,SZSE,159296,A500红利低波ETF华宝,3404.29
2026-09-16,SZSE,159297,港股通创新药ETF南方,372641.86
2026-09-16,SZSE,159298,创业板50ETF大成,16528.10
2026-09-16,SZSE,159299,金融科技ETF易方达,66947.29
2026-09-16,SZSE,159300,沪深300ETF富国,35015.80
2026-09-16,SZSE,159301,公用事业ETF华夏,11945.83
2026-09-16,SZSE,159302,港股高股息ETF银华,4829.76
2026-09-16,SZSE,159303,恒生医疗ETF大成,7199.16
2026-09-16,SZSE,159305,储能电池ETF广发,119464.03
2026-09-16,SZSE,159306,汽车零部件ETF平安,2124.46
2026-09-16,SZSE,159307,红利低波100ETF博时,677690.35
2026-09-16,SZSE,159309,油气ETF汇添富,63837.17
2026-09-16,SZSE,159310,芯片ETF天弘,50598.10
2026-09-16,SZSE,159311,数字经济ETF易方达,3738.39
2026-09-16,SZSE,159312,恒指港股通ETF广发,3222.43
2026-09-16,SZSE,159315,黄金股ETF工银,17958.96
2026-09-16,SZSE,159316,港股通创新药ETF易方达,532033.61
2026-09-16,SZSE,159318,恒指港股通ETF银华,1360.16
2026-09-16,SZSE,159320,电网设备ETF广发,170023.55
2026-09-16,SZSE,159321,黄金股ETF华安,39890.03
2026-09-16,SZSE,159322,黄金股ETF平安,11441.16
2026-09-16,SZSE,159323,港股通汽车ETF华夏,10409.73
2026-09-16,SZSE,159325,半导体ETF南方,108492.10
2026-09-16,SZSE,159326,电网设备ETF华夏,1137726.55
2026-09-16,SZSE,159327,半导体设备ETF万家,274957.40
2026-09-16,SZSE,159328,家电ETF易方达,9755.67
2026-09-16,SZSE,159329,沙特ETF南方,115468.91
2026-09-16,SZSE,159330,沪深300ETF东财,44680.10
2026-09-16,SZSE,159331,红利港股ETF国泰,14569.41
2026-09-17,SSE,510010,治理ETF,13052.44
2026-09-17,SSE,510020,超大ETF,3584.8
2026-09-17,SSE,510030,价值ETF,13872.98
2026-09-17,SSE,510040,上证180E,2648
2026-09-17,SSE,510050,50ETF,779016.68
2026-09-17,SSE,510060,央企ETF,3495.92
2026-09-17,SSE,510090,ESG建信,2458.11
2026-09-17,SSE,510100,SZ50ETF,98240.68
2026-09-17,SSE,510130,中盘ETF,3148.51
2026-09-17,SSE,510140,上证指,8323.05
2026-09-17,SSE,510150,消费ETF,282517.86
2026-09-17,SSE,510160,产业升级,18205.74
2026-09-17,SSE,510170,商品ETF,31291.48
2026-09-17,SSE,510180,180ETF,442405.77
2026-09-17,SSE,510190,上证50基,2365.08
2026-09-17,SSE,510200,上证券商,14738.55
2026-09-17,SSE,510210,综指ETF,1483419.26
2026-09-17,SSE,510230,金融ETF,69380.8
2026-09-17,SSE,510270,国企ETF,1583.21
2026-09-17,SSE,510290,380ETF,5444.89
2026-09-17,SSE,510300,300ETF,2370108.77
2026-09-17,SSE,510310,HS300ETF,1134424.4
2026-09-17,SSE,510320,300中金,63706.85
2026-09-17,SSE,510330,华夏300,831084.98
2026-09-17,SSE,510350,工银300,67691.47
2026-09-17,SSE,510360,广发300,182638.12
2026-09-17,SSE,510370,兴业300,8725.81
2026-09-17,SSE,510380,国寿300,140180.24
2026-09-17,SSE,510390,平安300,13745
2026-09-17,SSE,510410,资源ETF,44025.84
2026-09-17,SSE,510500,500ETF,569016.86
2026-09-17,SSE,510510,广发500,86903.83
2026-09-17,SSE,510530,工银500,4747.94
2026-09-17,SSE,510550,方正500,2374.33
2026-09-17,SSE,510560,国寿500,5231.87
2026-09-17,SSE,510570,兴业500,5056.06
2026-09-17,SSE,510580,ZZ500ETF,115256.83
2026-09-17,SSE,510590,平安500,11478.61
2026-09-17,SSE,510600,沪50ETF,1271.51
2026-09-17,SSE,510630,消费30,54536.15
2026-09-17,SSE,510650,金融行业,1295.25
2026-09-17,SSE,510660,医药行业,5037.97
2026-09-17,SSE,510670,180指,17549.3
2026-09-17,SSE,510680,万家50,1992.47
2026-09-17,SSE,510710,上50ETF,10461.89
2026-09-17,SSE,510720,红利国泰,177176.6
2026-09-17,SSE,510760,上证ETF,331450.37
2026-09-17,SSE,510770,G60创新,2011.07
2026-09-17,SSE,510800,上证50,17457.6
2026-09-17,SSE,510810,上海国企,574439.37
2026-09-17,SSE,510850,工银上50,4729.89
2026-09-17,SSE,510880,红利ETF,565617.57
2026-09-17,SSE,510900,恒生中国,319702.19
2026-09-17,SSE,510910,上证指CS,17179.6
2026-09-17,SSE,510950,上证广发,11092.08
2026-09-17,SSE,510980,上证综合,68679.8
2026-09-17,SSE,510990,ESG180,3894.86
2026-09-17,SSE,511010,国债ETF,5492.63
2026-09-17,SSE,511020,活跃国债,3884.75
2026-09-17,SSE,511030,公司债,40339.07
2026-09-17,SSE,511060,5年地债,2134.63
2026-09-17,SSE,511070,沪公司债,31990.1
2026-09-17,SSE,511090,30年国债,30489.81
2026-09-17,SSE,511100,基准国债,10733.05
2026-09-17,SSE,511110,公司债易,36389.96
2026-09-17,SSE,511120,科创债基,13642.06
2026-09-17,SSE,511130,国债30年,20785.97
2026-09-17,SSE,511150,科债永赢,11309.09
2026-09-17,SSE,511160,国债东财,2280.09
2026-09-17,SSE,511180,上证转债,97805.97
2026-09-17,SSE,511190,信用债,16853.43
2026-09-17,SSE,511200,信用债基,28021.75
2026-09-17,SSE,511220,城投ETF,532118.14
2026-09-17,SSE,511260,十年国债,18194.65
2026-09-17,SSE,511270,10年地债,9418.75
2026-09-17,SSE,511360,短融ETF,77415.06
2026-09-17,SSE,511380,转债ETF,469328.67
2026-09-17,SSE,511520,政金债,40141.65
2026-09-17,SSE,511580,国债政金,7496.48
2026-09-17,SSE,512000,券商ETF,7203123.54
2026-09-17,SSE,512010,医药ETF,3983169.49
2026-09-17,SSE,512020,A500,110001.27
2026-09-17,SSE,512030,A50增,4324
2026-09-17,SSE,512040,国信价值,466071.59
2026-09-17,SSE,512050,A500E,1600399.22
2026-09-17,SSE,512060,A100指基,892.8
2026-09-17,SSE,512070,证券保险,1663347.97
2026-09-17,SSE,512080,A500中金,77918.61
2026-09-17,SSE,512090,MSCI易基,31159.23
2026-09-17,SSE,512100,1000ETF,639121.76
2026-09-17,SSE,512120,医药50,76924.19
2026-09-17,SSE,512130,现金全指,1189.5
2026-09-17,SSE,512140,电力事业,13404.9
2026-09-17,SSE,512150,A50ETF,1807.34
2026-09-17,SSE,512160,MSCI基金,11977.78
2026-09-17,SSE,512170,医疗ETF,7132582.05
2026-09-17,SSE,512180,建信MSCI,4804.8
2026-09-17,SSE,512190,之江凤凰,20781.84
2026-09-17,SSE,512200,地产ETF,320834.79
2026-09-17,SSE,512220,TMTETF,21446.76
2026-09-17,SSE,512240,A50龙头,2318.6
2026-09-17,SSE,512250,A50指数E,11960.01
2026-09-17,SSE,512260,500低波,2049.77
2026-09-17,SSE,512290,生物医药,318782.07
2026-09-17,SSE,512330,信息ETF,35668.8
2026-09-17,SSE,512360,MSCI国际,2733.77
2026-09-17,SSE,512370,A500增指,29931.3
2026-09-17,SSE,512380,MSCI中国,7280.56
2026-09-17,SSE,512390,MSCI低波,968.2
2026-09-17,SSE,512400,有色ETF,1422053.9
2026-09-17,SSE,512410,银行广发,4467.17
2026-09-17,SSE,512420,机械华安,7123.89
2026-09-17,SSE,512430,家电家居,3872
2026-09-17,SSE,512450,广发养殖,9836.7
2026-09-17,SSE,512460,电池主题,31482.3
2026-09-17,SSE,512480,半导体,1986200.72
2026-09-17,SSE,512500,中证500,183200.88
2026-09-17,SSE,512510,ETF500,43192.98
2026-09-17,SSE,512520,MSCIETF,4505.64
2026-09-17,SSE,512530,300红利,9250.2
2026-09-17,SSE,512550,A50基金,10890.6
2026-09-17,SSE,512560,中证军工,91212.7
2026-09-17,SSE,512570,中证证券,405680.61
2026-09-17,SSE,512580,环保ETF,53907.17
2026-09-17,SSE,512600,必选消费,169215.61
2026-09-17,SSE,512620,农业TH,134166.6
2026-09-17,SSE,512630,卫星基金,158842.6
2026-09-17,SSE,512640,金融地产,2074.09
2026-09-17,SSE,512650,长三角,3494.16
2026-09-17,SSE,512660,军工ETF,676508
2026-09-17,SSE,512670,国防ETF,205565.26
2026-09-17,SSE,512680,军工基金,306653.01
2026-09-17,SSE,512690,酒ETF,3219955.02
2026-09-17,SSE,512700,银行基金,68308.1
2026-09-17,SSE,512710,军工龙头,1106265.84
2026-09-17,SSE,512720,计算机,35445.34
2026-09-17,SSE,512730,银行FUND,5058.39
2026-09-17,SSE,512740,车零件GF,16989.84
2026-09-17,SSE,512750,基本面50,4565.49
2026-09-17,SSE,512760,芯片ETF,994944.55
2026-09-17,SSE,512770,战略新兴,9826.78
2026-09-17,SSE,512800,银行ETF,1176327.99
2026-09-17,SSE,512810,国防军工,95558.35
2026-09-17,SSE,512820,银行股基,43810.19
2026-09-17,SSE,512870,杭州湾区,2241.06
2026-09-17,SSE,512880,证券ETF,5687629.15
2026-09-17,SSE,512890,红利低波,2611411.08
2026-09-17,SSE,512900,证券基金,741540.6
2026-09-17,SSE,512910,100ETF,12962.88
2026-09-17,SSE,512930,AIETF,485252.13
2026-09-17,SSE,512940,有色矿业,215670.5
2026-09-17,SSE,512950,央企改革,404255.1
2026-09-17,SSE,512960,央调ETF,385365.73
2026-09-17,SSE,512970,湾区ETF,598.76
2026-09-17,SSE,512980,传媒ETF,507142.44
2026-09-17,SSE,512990,MSCIA股,9701.54
2026-09-17,SSE,513000,225ETF,106491.14
2026-09-17,SSE,513010,港股科技,4478530.7
2026-09-17,SSE,513020,科技HK,231514.54
2026-09-17,SSE,513030,德国ETF,102977.9
2026-09-17,SSE,513040,HK互联网,670934.13
2026-09-17,SSE,513050,中概互联,3475543.27
2026-09-17,SSE,513060,恒生医疗,845539.33
2026-09-17,SSE,513070,HK消费50,132076.08
2026-09-17,SSE,513080,法国ETF,67291.6
2026-09-17,SSE,513090,香港证券,996198.8
2026-09-17,SSE,513100,纳指ETF,949711.06
2026-09-17,SSE,513110,纳指100,221343.5
2026-09-17,SSE,513120,HK创新药,1763963.54
2026-09-17,SSE,513130,恒生科技,6076634.7
2026-09-17,SSE,513140,港股金融,7836.8
2026-09-17,SSE,513150,港科技50,10055.98
2026-09-17,SSE,513160,科技30,312418.93
2026-09-17,SSE,513170,恒生央企,15557.3
2026-09-17,SSE,513180,恒指科技,7134275.95
2026-09-17,SSE,513190,H股金融,108393.6
2026-09-17,SSE,513200,港股医药,84228.21
2026-09-17,SSE,513210,恒生E,3994.2
2026-09-17,SSE,513220,互联网30,53110.94
2026-09-17,SSE,513230,H股消费,32942.27
2026-09-17,SSE,513240,港信息,10449.6
2026-09-17,SSE,513260,恒科技,495624.3
2026-09-17,SSE,513280,恒生生物,34411.45
2026-09-17,SSE,513290,纳指生物,106657.21
2026-09-17,SSE,513300,纳斯达克,542317.1
2026-09-17,SSE,513310,中韩芯片,249942.7
2026-09-17,SSE,513320,HK新经济,9101.06
2026-09-17,SSE,513330,恒生互联,7498748
2026-09-17,SSE,513350,油气ETF,85574.6
2026-09-17,SSE,513360,教育ETF,61771.39
2026-09-17,SSE,513380,科技恒生,1820478.49
2026-09-17,SSE,513390,纳指基金,215637.91
2026-09-17,SSE,513400,道琼斯,299206.2
2026-09-17,SSE,513500,标普500,1027763.86
2026-09-17,SSE,513520,日经ETF,108338.72
2026-09-17,SSE,513530,港股红利,328293.87
2026-09-17,SSE,513550,港股通50,164099.2
2026-09-17,SSE,513560,香港科技,53138.6
2026-09-17,SSE,513580,HS科技,605511.8
2026-09-17,SSE,513590,香港消费,13051.89
2026-09-17,SSE,513600,恒指ETF,60582.95
2026-09-17,SSE,513620,港医疗指,5621.6
2026-09-17,SSE,513630,香港红利,731035.9
2026-09-17,SSE,513650,标普ETF,438773.4
2026-09-17,SSE,513660,恒生通,178400.02
2026-09-17,SSE,513690,港红利股,311997.99
2026-09-17,SSE,513700,香港医药,77084.6
2026-09-17,SSE,513720,香港互联,25085.9
2026-09-17,SSE,513730,东南亚,78535.5
2026-09-17,SSE,513750,港股非银,783233.8
2026-09-17,SSE,513770,港股互联,1438013.79
2026-09-17,SSE,513780,港股新药,178465.7
2026-09-17,SSE,513800,东证ETF,103624.44
2026-09-17,SSE,513810,港股国企,4399.2
2026-09-17,SSE,513820,港股分红,170516.9
2026-09-17,SSE,513830,红利港股,5231.1
2026-09-17,SSE,513850,美国50,130889.26
2026-09-17,SSE,513860,HKC科技,259147.06
2026-09-17,SSE,513870,纳指指数,140667.1
2026-09-17,SSE,513880,日经225,132597
2026-09-17,SSE,513890,HK科技,89112.8
2026-09-17,SSE,513900,港股100,8997.8
2026-09-17,SSE,513910,红利央企,194027.6
2026-09-17,SSE,513920,央企40,243273.1
2026-09-17,SSE,513930,香港生科,8440.8
2026-09-17,SSE,513950,恒生红利,236111.9
2026-09-17,SSE,513970,恒生消费,140504.1
2026-09-17,SSE,513980,科技港股,1642720.4
2026-09-17,SSE,513990,港股通综,4300
2026-09-17,SSE,515000,科技ETF,323057.93
2026-09-17,SSE,515010,华夏证券,210427.16
2026-09-17,SSE,515020,银行指数,38234.53
2026-09-17,SSE,515030,新汽车,144938.4
2026-09-17,SSE,515040,工业金属,5431.96
2026-09-17,SSE,515050,5GETF,1791320.54
2026-09-17,SSE,515060,华夏地产,102047.81
2026-09-17,SSE,515070,AI智能,758294.04
2026-09-17,SSE,515080,中证红利,710214.89
2026-09-17,SSE,515090,可持续,880.17
2026-09-17,SSE,515100,红利100,365494.15
2026-09-17,SSE,515110,国企方达,21229.5
2026-09-17,SSE,515120,创新药,1743399.36
2026-09-17,SSE,515130,HS300E,9746.32
2026-09-17,SSE,515150,国企富国,39870.32
2026-09-17,SSE,515160,MSCI招商,24395.51
2026-09-17,SSE,515170,食品饮料,860275.79
2026-09-17,SSE,515180,100红利,1261263.7
2026-09-17,SSE,515190,BOCI500,29546.61
2026-09-17,SSE,515200,创新100,3994.32
2026-09-17,SSE,515210,钢铁ETF,93822.61
2026-09-17,SSE,515220,煤炭ETF,796417.69
2026-09-17,SSE,515230,软件ETF,807569.09
2026-09-17,SSE,515250,智能汽车,33894.45
2026-09-17,SSE,515260,电子ETF,87056.84
2026-09-17,SSE,515290,银行,244937.29
2026-09-17,SSE,515300,红利300,271667.52
2026-09-17,SSE,515310,添富300,32861.12
2026-09-17,SSE,515320,电子50,8830.9
2026-09-17,SSE,515330,天弘300,615870.95
2026-09-17,SSE,515350,民生300,1169.92
2026-09-17,SSE,515360,方正300,3727.93
2026-09-17,SSE,515370,中证光伏,97771.3
2026-09-17,SSE,515380,泰康300,66159.98
2026-09-17,SSE,515390,HS300,190668.3
2026-09-17,SSE,515400,大数据,176263.14
2026-09-17,SSE,515440,A股南方,14917.93
2026-09-17,SSE,515450,红利50,1445033.5
2026-09-17,SSE,515460,质量红利,27509.1
2026-09-17,SSE,515480,红利一百,2434.07
2026-09-17,SSE,515530,泰康500,1384.27
2026-09-17,SSE,515550,国联500,2034.57
2026-09-17,SSE,515560,证券E,19088.33
2026-09-17,SSE,515580,中证科技,30203.14
2026-09-17,SSE,515590,500ETFEW,3411.37
2026-09-17,SSE,515600,央企创新,103579.74
2026-09-17,SSE,515630,保险证券,94021.77
2026-09-17,SSE,515640,家电指数,1705
2026-09-17,SSE,515650,消费50,311118.4
2026-09-17,SSE,515660,沪深300E,43449.42
2026-09-17,SSE,515680,创新央企,109626.47
2026-09-17,SSE,515700,新能车,59051.02
2026-09-17,SSE,515710,食品ETF,233359.98
2026-09-17,SSE,515720,金科富国,45061.1
2026-09-17,SSE,515730,家居家电,4089.2
2026-09-17,SSE,515750,科技50,26614.05
2026-09-17,SSE,515760,浙江国资,9488.81
2026-09-17,SSE,515770,MSCIAETF,4272.73
2026-09-17,SSE,515790,光伏ETF,594349.4
2026-09-17,SSE,515800,800ETF,379993.72
2026-09-17,SSE,515810,ZZ800ETF,27590.88
2026-09-17,SSE,515840,食品南方,3042.64
2026-09-17,SSE,515850,证券龙头,65579.1
2026-09-17,SSE,515860,科技100,10287.89
2026-09-17,SSE,515880,通信ETF,6327177.4
2026-09-17,SSE,515890,红利博时,38244.39
2026-09-17,SSE,515900,央创ETF,222184.65
2026-09-17,SSE,515910,质量ETF,22450.7
2026-09-17,SSE,515920,智能消费,5990.57
2026-09-17,SSE,515940,N电网,13241.23
2026-09-17,SSE,515950,医药龙头,53720.06
2026-09-17,SSE,515960,医药100,23999.19
2026-09-17,SSE,515970,华夏机械,44808.8
2026-09-17,SSE,515980,人工智能,636212.9
2026-09-17,SSE,515990,添富国企,5235.02
2026-09-17,SSE,516000,数据ETF,44185.5
2026-09-17,SSE,516010,游戏ETF,233569.3
2026-09-17,SSE,516020,化工ETF,351832.62
2026-09-17,SSE,516050,科技龙头,16022.8
2026-09-17,SSE,516060,新药ETF,30423.74
2026-09-17,SSE,516070,碳中和50,29864.6
2026-09-17,SSE,516080,创新医药,512055.48
2026-09-17,SSE,516090,新能源E,170084.48
2026-09-17,SSE,516100,科技金融,115975.97
2026-09-17,SSE,516110,汽车ETF,24162.31
2026-09-17,SSE,516120,化工50,481358.2
2026-09-17,SSE,516130,消费龙头,156789
2026-09-17,SSE,516150,稀土基金,376207.7
2026-09-17,SSE,516160,新能源,153864.2
2026-09-17,SSE,516180,光伏产业,15298.7
2026-09-17,SSE,516190,文娱ETF,11181.85
2026-09-17,SSE,516200,证券行业,45160.4
2026-09-17,SSE,516210,银行股,6973.1
2026-09-17,SSE,516220,化工龙头,25517
2026-09-17,SSE,516230,光伏招商,75492.1
2026-09-17,SSE,516250,富国机械,6087.8
2026-09-17,SSE,516260,物联网50,4588.26
2026-09-17,SSE,516270,新能源50,32990.9
2026-09-17,SSE,516290,光伏基金,75719.69
2026-09-17,SSE,516300,中证1000,3901.26
2026-09-17,SSE,516310,银行指基,166225.85
2026-09-17,SSE,516320,装备ETF,8858.93
2026-09-17,SSE,516330,物联网,727.13
2026-09-17,SSE,516350,芯片50,135441.53
2026-09-17,SSE,516360,新材料,6155.18
2026-09-17,SSE,516370,全指电力,27640.8
2026-09-17,SSE,516380,智能电车,8844.93
2026-09-17,SSE,516390,电动车,18876.1
2026-09-17,SSE,516440,南方机械,12862.66
2026-09-17,SSE,516460,现金流E,41969.3
2026-09-17,SSE,516500,生物ETF,20693.72
2026-09-17,SSE,516510,云计算,152589
2026-09-17,SSE,516520,智能驾驶,77576.55
2026-09-17,SSE,516530,物流快递,1730.23
2026-09-17,SSE,516550,农业ETF,26441.44
2026-09-17,SSE,516560,养老ETF,21525.8
2026-09-17,SSE,516570,石化ETF,114135.76
2026-09-17,SSE,516580,新能源BS,15012.41
2026-09-17,SSE,516590,电动汽车,5201.5
2026-09-17,SSE,516600,消服ETF,11033.21
2026-09-17,SSE,516610,医服ETF,23297.48
2026-09-17,SSE,516620,影视ETF,21526.75
2026-09-17,SSE,516630,云计算50,45615.6
2026-09-17,SSE,516640,芯片龙头,131448.28
2026-09-17,SSE,516650,有色50,531646.48
2026-09-17,SSE,516660,新能汽车,15768.9
2026-09-17,SSE,516670,畜牧养殖,332426.63
2026-09-17,SSE,516700,数据产业,18112.2
2026-09-17,SSE,516710,新材料50,7427.2
2026-09-17,SSE,516720,ESGETF,783.78
2026-09-17,SSE,516730,证券公司,22688.08
2026-09-17,SSE,516750,建材ETF,13916.73
2026-09-17,SSE,516760,养殖ETF,28721.51
2026-09-17,SSE,516770,游戏动漫,24004.8
2026-09-17,SSE,516780,稀土ETF,232659.97
2026-09-17,SSE,516790,保健ETF,18398.22
2026-09-17,SSE,516800,智能制造,18230.8
2026-09-17,SSE,516810,农业,54947.89
2026-09-17,SSE,516820,医疗创新,462641.52
2026-09-17,SSE,516830,300ESG,9217.69
2026-09-17,SSE,516840,汽车基金,13127.7
2026-09-17,SSE,516850,新能源80,14623.7
2026-09-17,SSE,516860,金融科技,120752.2
2026-09-17,SSE,516880,光伏50,91794.41
2026-09-17,SSE,516890,新材ETF,3531.14
2026-09-17,SSE,516900,食品50,28022.9
2026-09-17,SSE,516910,物流ETF,5814.18
2026-09-17,SSE,516920,芯片基金,48696.3
2026-09-17,SSE,516930,生科ETF,10913.96
2026-09-17,SSE,516950,基建ETF,10882.1
2026-09-17,SSE,516960,机械ETF,1605.11
2026-09-17,SSE,516970,基建50,109454.25
2026-09-17,SSE,516980,证券先锋,5451.6
2026-09-17,SSE,517000,沪港深,12279.3
2026-09-17,SSE,517010,HGS500E,7814.42
2026-09-17,SSE,517030,HGS300,8404.03
2026-09-17,SSE,517050,互联网50,34760.5
2026-09-17,SSE,517080,HGS500,16916.6
2026-09-17,SSE,517090,共赢ETF,8207.5
2026-09-17,SSE,517100,AH500ETF,14360.21
2026-09-17,SSE,517110,创新药HK,124109.85
2026-09-17,SSE,517120,创新药50,52296.64
2026-09-17,SSE,517130,云计算JS,18865.4
2026-09-17,SSE,517160,长江ETF,182677.75
2026-09-17,SSE,517170,沪港深E,1613.18
2026-09-17,SSE,517180,中国国企,8349.63
2026-09-17,SSE,517200,互联网,14478.2
2026-09-17,SSE,517230,云计算MW,14854.58
2026-09-17,SSE,517300,AH300ETF,100243.45
2026-09-17,SSE,517330,长江保护,180916.9
2026-09-17,SSE,517350,龙头科技,4604.2
2026-09-17,SSE,517360,AH科技,2358.3
2026-09-17,SSE,517380,创新药AH,285032.63
2026-09-17,SSE,517390,云计算AH,12811.26
2026-09-17,SSE,517400,黄金股票,99479.2
2026-09-17,SSE,517520,黄金股,690240.4
2026-09-17,SSE,517550,消费主题,8041.74
2026-09-17,SSE,517660,物联网AH,3988.07
2026-09-17,SSE,517770,游戏传媒,19094.78
2026-09-17,SSE,517800,AI50,21553.97
2026-09-17,SSE,517850,张江ETF,3818.52
2026-09-17,SSE,517880,品牌消费,4933.71
2026-09-17,SSE,517900,银行优选,39599.35
2026-09-17,SSE,517950,交银科技,4862.32
2026-09-17,SSE,517990,医药基金,4598.79
2026-09-17,SSE,518600,上海金,85501.63
2026-09-17,SSE,518660,工银黄金,97635.27
2026-09-17,SSE,518680,金ETF,85896.95
2026-09-17,SSE,518800,黄金基金,396587.92
2026-09-17,SSE,518850,黄金9999,197767.87
2026-09-17,SSE,518860,上海金E,47145.98
2026-09-17,SSE,518880,黄金ETF,1200334.08
2026-09-17,SSE,518890,中银黄金,37615.48
2026-09-17,SSE,520500,恒生新药,190080.5
2026-09-17,SSE,520510,港股医疗,33472.8
2026-09-17,SSE,520520,HK消费,5160.6
2026-09-17,SSE,520530,港科ETF,25377.6
2026-09-17,SSE,520550,红利恒生,117602.4
2026-09-17,SSE,520560,香港30,60741.9
2026-09-17,SSE,520570,科技恒指,364687.6
2026-09-17,SSE,520580,新兴亚洲,29298.39
2026-09-17,SSE,520590,恒科,26023.5
2026-09-17,SSE,520600,汽车港股,26586.8
2026-09-17,SSE,520610,港红利指,40396.3
2026-09-17,SSE,520620,港股消费,28440.9
2026-09-17,SSE,520630,互联港股,59411
2026-09-17,SSE,520650,互联网HK,247925.5
2026-09-17,SSE,520660,港红利CS,195048.55
2026-09-17,SSE,520670,港科基金,21992.81
2026-09-17,SSE,520680,港股通车,7336.9
2026-09-17,SSE,520690,恒生港药,63645.4
2026-09-17,SSE,520700,创新药WJ,46107.6
2026-09-17,SSE,520710,信息港股,9802.9
2026-09-17,SSE,520720,香港汽车,13594.2
2026-09-17,SSE,520730,汽车WJ,12039.44
2026-09-17,SSE,520740,互联香港,4501.26
2026-09-17,SSE,520750,HK信息,13338.4
2026-09-17,SSE,520760,港股生物,13046.6
2026-09-17,SSE,520770,港股恒指,21337.38
2026-09-17,SSE,520780,港股车50,4046
2026-09-17,SSE,520790,港互联网,65907.5
2026-09-17,SSE,520810,港高股息,31836
2026-09-17,SSE,520820,恒指通,5868.2
2026-09-17,SSE,520830,沙特ETF,103261.9
2026-09-17,SSE,520840,港科技,115904.9
2026-09-17,SSE,520850,港医疗,15324.96
2026-09-17,SSE,520860,港股通科,34419.5
2026-09-17,SSE,520870,巴西ETF,51697.72
2026-09-17,SSE,520880,港创新药,437161.8
2026-09-17,SSE,520890,港红利,7900.8
2026-09-17,SSE,520900,红利香港,152267.5
2026-09-17,SSE,520910,HK互联,75644.5
2026-09-17,SSE,520920,恒生科TH,1925501.9
2026-09-17,SSE,520930,恒生生科,15273.3
2026-09-17,SSE,520940,恒指基金,2229.7
2026-09-17,SSE,520950,港股50,34642.1
2026-09-17,SSE,520960,恒指港通,5060.34
2026-09-17,SSE,520970,港股通药,124535.8
2026-09-17,SSE,520980,港科技30,321138.7
2026-09-17,SSE,520990,国新红利,330147.05
2026-09-17,SSE,526000,港股信息,17614.2
2026-09-17,SSE,526010,香港医疗,3845.8
2026-09-17,SSE,526030,港信息基,15646.5
2026-09-17,SSE,526050,香港信息,5363
2026-09-17,SSE,526060,港股技术,4887.7
2026-09-17,SSE,526070,恒生博时,5237.7
2026-09-17,SSE,530000,50ETF基,94002.94
2026-09-17,SSE,530050,SH50ETF,13181.3
2026-09-17,SSE,530060,上证综E,93019.3
2026-09-17,SSE,530080,180指基,2291.7
2026-09-17,SSE,530100,上证580,12069.6
2026-09-17,SSE,530180,上证180,6395.2
2026-09-17,SSE,530280,180ETF指,2993.4
2026-09-17,SSE,530300,180指数,3364.3
2026-09-17,SSE,530380,上证380,13470.5
2026-09-17,SSE,530530,580ETF,13146
2026-09-17,SSE,530580,180基金,5314.9
2026-09-17,SSE,530680,180E,10289.19
2026-09-17,SSE,530800,上180ETF,1820.18
2026-09-17,SSE,530880,上证红利,3733.6
2026-09-17,SSE,551000,科创债,7691.41
2026-09-17,SSE,551030,科创债券,18562
2026-09-17,SSE,551060,科创债沪,5761.1
2026-09-17,SSE,551300,科创债摩,5339.75
2026-09-17,SSE,551500,科创债易,14882
2026-09-17,SSE,551510,科债AAA,15093.61
2026-09-17,SSE,551520,科创债汇,22282.16
2026-09-17,SSE,551550,科创AAA,19116.82
2026-09-17,SSE,551560,科创债兴,17250.88
2026-09-17,SSE,551580,科创债TK,10777.68
2026-09-17,SSE,551800,国泰科债,11662.14
2026-09-17,SSE,551900,科创债指,14042.17
2026-09-17,SSE,560010,1000基金,188462.17
2026-09-17,SSE,560020,红利添富,13156.2
2026-09-17,SSE,560030,800价值,2143.2
2026-09-17,SSE,560050,MSCIA50,214993.44
2026-09-17,SSE,560060,碳中和基,7509
2026-09-17,SSE,560070,央企分红,8186.23
2026-09-17,SSE,560080,中药ETF,226726.5
2026-09-17,SSE,560090,证券指数,233536.5
2026-09-17,SSE,560100,增强ETF,7008.03
2026-09-17,SSE,560110,ZZ1000,35890.35
2026-09-17,SSE,560120,500现金,56968.9
2026-09-17,SSE,560130,食品基金,6777.62
2026-09-17,SSE,560150,红利TK,66427.93
2026-09-17,SSE,560160,食品E,10770.6
2026-09-17,SSE,560170,央企科技,39949.55
2026-09-17,SSE,560180,ESG300,1560.3
2026-09-17,SSE,560190,公用事业,2733.4
2026-09-17,SSE,560210,景顺农牧,48652.2
2026-09-17,SSE,560220,2000基金,6071.7
2026-09-17,SSE,560230,光伏富国,8788.9
2026-09-17,SSE,560250,红利质量,12733.3
2026-09-17,SSE,560260,医疗50,171566.47
2026-09-17,SSE,560270,电力指数,15843.9
2026-09-17,SSE,560280,工程机械,137725.2
2026-09-17,SSE,560290,景顺有色,38169.4
2026-09-17,SSE,560300,电信50,2780.34
2026-09-17,SSE,560310,光伏博时,18712.2
2026-09-17,SSE,560320,食品富国,10333.2
2026-09-17,SSE,560330,300价值E,1613
2026-09-17,SSE,560350,A50指数,82153.21
2026-09-17,SSE,560360,软件指数,22934.5
2026-09-17,SSE,560370,全指红利,21758.4
2026-09-17,SSE,560380,A100,14086.1
2026-09-17,SSE,560390,电网E,197625.8
2026-09-17,SSE,560400,证券华泰,17449.3
2026-09-17,SSE,560410,电池鹏华,6078.61
2026-09-17,SSE,560420,食品Q,12478.02
2026-09-17,SSE,560450,电力TH,24606.9
2026-09-17,SSE,560460,电力平安,27053.7
2026-09-17,SSE,560470,有色E,29834
2026-09-17,SSE,560480,中证电力,12630.3
2026-09-17,SSE,560490,华泰有色,10848.2
2026-09-17,SSE,560500,500质量,29733.9
2026-09-17,SSE,560510,中证A500,254002.69
2026-09-17,SSE,560520,红利大成,5675.1
2026-09-17,SSE,560530,A500ETF,396762.37
2026-09-17,SSE,560550,碳中和,12359.74
2026-09-17,SSE,560560,碳中和TK,7019.01
2026-09-17,SSE,560570,A500低波,118054.12
2026-09-17,SSE,560580,电力指基,41500.3
2026-09-17,SSE,560590,1000鹏华,1671
2026-09-17,SSE,560610,A500指数,525198.84
2026-09-17,SSE,560620,公用WJ,2586.7
2026-09-17,SSE,560630,机器人WJ,15039.4
2026-09-17,SSE,560660,云50ETF,12593.8
2026-09-17,SSE,560670,中证银行,3397.4
2026-09-17,SSE,560680,龙头消费,33222.56
2026-09-17,SSE,560690,电信主题,1963.9
2026-09-17,SSE,560700,央红利50,45353.69
2026-09-17,SSE,560710,船舶ETF,163958
2026-09-17,SSE,560720,工银红利,9454.8
2026-09-17,SSE,560730,红利GTHT,7083.63
2026-09-17,SSE,560750,A500申万,7555.48
2026-09-17,SSE,560770,机器人ZS,166213.3
2026-09-17,SSE,560780,半导设备,1197148.8
2026-09-17,SSE,560790,软件服务,21945.59
2026-09-17,SSE,560800,数字ETF,29995.11
2026-09-17,SSE,560810,央企ESG,18011.6
2026-09-17,SSE,560820,A50新华,4092.6
2026-09-17,SSE,560830,电指数,66051.9
2026-09-17,SSE,560850,信创50,7116.4
2026-09-17,SSE,560860,工业有色,533923.3
2026-09-17,SSE,560870,中银有色,9135.19
2026-09-17,SSE,560880,家电基金,18773.2
2026-09-17,SSE,560900,创新药企,21196.91
2026-09-17,SSE,560910,中证电池,22472.1
2026-09-17,SSE,560920,招商机械,4637.33
2026-09-17,SSE,560930,电力E,19602.4
2026-09-17,SSE,560950,500增,1348.3
2026-09-17,SSE,560970,有色金属,6913.8
2026-09-17,SSE,560980,光伏龙头,33902.2
2026-09-17,SSE,560990,科技先锋,1618.71
2026-09-17,SSE,561000,300指增,4992
2026-09-17,SSE,561010,软件开发,29535.6
2026-09-17,SSE,561020,食品招商,2602.22
2026-09-17,SSE,561030,机械华泰,18255
2026-09-17,SSE,561050,稀金属E,23325
2026-09-17,SSE,561060,红利国企,4506.5
2026-09-17,SSE,561080,现金自由,2425
2026-09-17,SSE,561090,A500增,20997.4
2026-09-17,SSE,561100,电子龙头,58274.69
2026-09-17,SSE,561120,家电ETF,2815.99
2026-09-17,SSE,561130,国货ETF,8393.52
2026-09-17,SSE,561160,锂电池,229283.5
2026-09-17,SSE,561170,绿电50,50803.27
2026-09-17,SSE,561180,A100ETF,4960.96
2026-09-17,SSE,561190,双碳ETF,19331.8
2026-09-17,SSE,561200,A100基金,3147.05
2026-09-17,SSE,561220,国企数字,4605.3
2026-09-17,SSE,561230,A50,46447.78
2026-09-17,SSE,561250,稀金属PH,6075.22
2026-09-17,SSE,561260,能源ETF,2329.52
2026-09-17,SSE,561280,增强1000,7884.77
2026-09-17,SSE,561300,300增ETF,55696.5
2026-09-17,SSE,561310,消电ETF,10783.31
2026-09-17,SSE,561320,交运ETF,3536.9
2026-09-17,SSE,561330,矿业ETF,183739.21
2026-09-17,SSE,561350,国泰500,10370
2026-09-17,SSE,561360,石油ETF,129114.8
2026-09-17,SSE,561370,2000ETF,3235.6
2026-09-17,SSE,561380,电网ETF,617603.4
2026-09-17,SSE,561390,稀金属PA,8812.81
2026-09-17,SSE,561400,鑫元养殖,2551.9
2026-09-17,SSE,561410,光伏工银,19561.33
2026-09-17,SSE,561420,300现金,100623.7
2026-09-17,SSE,561430,全指质量,2972.32
2026-09-17,SSE,561450,华泰红利,7462.43
2026-09-17,SSE,561460,AITH,254602
2026-09-17,SSE,561470,畜牧TH,7893.6
2026-09-17,SSE,561490,红利财通,7763.13
2026-09-17,SSE,561500,漂亮50,5460.03
2026-09-17,SSE,561510,中医药,6520.6
2026-09-17,SSE,561530,银华银行,5613.4
2026-09-17,SSE,561550,500指增,137848.96
2026-09-17,SSE,561560,电力ETF,190612.42
2026-09-17,SSE,561570,油气基金,7214.7
2026-09-17,SSE,561580,央企红利,198937.07
2026-09-17,SSE,561590,1000增强,10149.96
2026-09-17,SSE,561600,消费电子,29654.8
2026-09-17,SSE,561610,鑫元绿电,16462.38
2026-09-17,SSE,561620,华泰化工,3172.7
2026-09-17,SSE,561630,华泰质量,4189.8
2026-09-17,SSE,561660,通航基金,6371
2026-09-17,SSE,561680,A500红低,5416.9
2026-09-17,SSE,561690,质量300,30688.06
2026-09-17,SSE,561700,电力基金,34681.36
2026-09-17,SSE,561730,中证A股,6274.81
2026-09-17,SSE,561750,A50博时,6149.6
2026-09-17,SSE,561760,油气博时,16069.5
2026-09-17,SSE,561770,指基A100,3555
2026-09-17,SSE,561780,1000指增,1735.58
2026-09-17,SSE,561790,现代能源,5513.4
2026-09-17,SSE,561800,稀金属,20907.72
2026-09-17,SSE,561810,华泰医疗,5263.84
2026-09-17,SSE,561830,有色GTHT,18357.11
2026-09-17,SSE,561870,现金流指,8876.5
2026-09-17,SSE,561880,A100指数,8438.9
2026-09-17,SSE,561890,A股E,3611.26
2026-09-17,SSE,561900,沪深ESG,2633.44
2026-09-17,SSE,561910,电池ETF,485807.66
2026-09-17,SSE,561920,疫苗龙头,5469.2
2026-09-17,SSE,561930,招商300,18726.06
2026-09-17,SSE,561950,500增强A,7215.6
2026-09-17,SSE,561960,央企回报,5578.52
2026-09-17,SSE,561980,芯片设备,839555
2026-09-17,SSE,561990,300增强,33464.92
2026-09-17,SSE,562000,中证A100,59273.79
2026-09-17,SSE,562010,绿色能源,1829.87
2026-09-17,SSE,562030,信创基金,15697.39
2026-09-17,SSE,562050,药ETF,11646.8
2026-09-17,SSE,562060,标普红利,510979.26
2026-09-17,SSE,562070,300ETF增,55554.2
2026-09-17,SSE,562080,自由现金,57675.72
2026-09-17,SSE,562110,东证云50,21348.13
2026-09-17,SSE,562150,红利PH,20356.75
2026-09-17,SSE,562170,300现金E,23059.22
2026-09-17,SSE,562180,红低A500,9215
2026-09-17,SSE,562300,低碳ETF,6249.5
2026-09-17,SSE,562310,300成长,41657.23
2026-09-17,SSE,562320,300价值A,5229.55
2026-09-17,SSE,562330,500价值,1201.89
2026-09-17,SSE,562340,500成长,814.43
2026-09-17,SSE,562350,电力,12441.09
2026-09-17,SSE,562360,机器人YH,30047.4
2026-09-17,SSE,562380,科技引领,7262.89
2026-09-17,SSE,562390,中药,8142.9
2026-09-17,SSE,562500,机器人,1851868.73
2026-09-17,SSE,562510,旅游ETF,115659.5
2026-09-17,SSE,562520,1000成长,2256.8
2026-09-17,SSE,562530,1000价值,14514.4
2026-09-17,SSE,562550,绿电ETF,142191.93
2026-09-17,SSE,562560,信息技术,2276.55
2026-09-17,SSE,562570,信创ETF,31628.1
2026-09-17,SSE,562580,可选消费,3922.33
2026-09-17,SSE,562590,半导材料,872298.9
2026-09-17,SSE,562600,医疗器械,44993.74
2026-09-17,SSE,562660,ZZ2000,35287.4
2026-09-17,SSE,562700,汽车零件,9775
2026-09-17,SSE,562800,稀有金属,585494.5
2026-09-17,SSE,562810,上证增强,4795.1
2026-09-17,SSE,562820,集成电路,44140.8
2026-09-17,SSE,562850,央企能源,17598.15
2026-09-17,SSE,562860,疫苗ETF,33289.5
2026-09-17,SSE,562870,证券全指,59150.52
2026-09-17,SSE,562880,电池基金,89539.96
2026-09-17,SSE,562890,A50中证,27205.1
2026-09-17,SSE,562900,现代农业,22270.63
2026-09-17,SSE,562910,高端制造,29822.73
2026-09-17,SSE,562920,信息安全,9506.9
2026-09-17,SSE,562930,软件30,174743.7
2026-09-17,SSE,562950,消电50,102125.83
2026-09-17,SSE,562960,绿色电力,116289.1
2026-09-17,SSE,562970,光伏E,37344.8
2026-09-17,SSE,562990,碳中和E,37775.6
2026-09-17,SSE,563000,中国A50,147345.11
2026-09-17,SSE,563010,电信ETF,9618.93
2026-09-17,SSE,563020,低波红利,1036691
2026-09-17,SSE,563030,增强500,12716.9
2026-09-17,SSE,563050,科技央企,15620.84
2026-09-17,SSE,563060,央企50,17852.7
2026-09-17,SSE,563080,中证A50E,108058.84
2026-09-17,SSE,563090,上50增强,5584.8
2026-09-17,SSE,563150,油气资源,3439.9
2026-09-17,SSE,563180,高股息,9542
2026-09-17,SSE,563200,2000指数,5145.88
2026-09-17,SSE,563210,专精特新,10806.7
2026-09-17,SSE,563220,A500富国,628701.37
2026-09-17,SSE,563230,卫星ETF,319523.7
2026-09-17,SSE,563280,A50增强,520.66
2026-09-17,SSE,563300,中证2000,386117.4
2026-09-17,SSE,563320,通用航空,21789.2
2026-09-17,SSE,563330,A股ETF,3596.06
2026-09-17,SSE,563350,中证A50,17999.76
2026-09-17,SSE,563360,A500基金,3103398.74
2026-09-17,SSE,563380,航空航天,79895
2026-09-17,SSE,563390,现金基金,214334.4
2026-09-17,SSE,563500,A500华宝,76595.87
2026-09-17,SSE,563510,A500红利,28353.7
2026-09-17,SSE,563520,300永赢,44806.5
2026-09-17,SSE,563530,卫星E,151574.8
2026-09-17,SSE,563550,增强A500,7955.9
2026-09-17,SSE,563560,科技成长,5676.9
2026-09-17,SSE,563570,金融科,10337.4
2026-09-17,SSE,563580,现金800,24064.8
2026-09-17,SSE,563590,红利A500,5994.44
2026-09-17,SSE,563600,A500增强,6648.3
2026-09-17,SSE,563620,现金流全,5104.9
2026-09-17,SSE,563630,A500指增,3794.71
2026-09-17,SSE,563650,A500中证,14090.9
2026-09-17,SSE,563660,A500银河,6608.52
2026-09-17,SSE,563670,金科基金,18598.7
2026-09-17,SSE,563680,现金流TF,10395.9
2026-09-17,SSE,563690,红利永赢,5688.2
2026-09-17,SSE,563700,红利价值,35115
2026-09-17,SSE,563750,500添富,35723.7
2026-09-17,SSE,563760,中银现金,70991.32
2026-09-17,SSE,563770,全指现金,2730.7
2026-09-17,SSE,563780,现金指数,23502.71
2026-09-17,SSE,563790,卫星产业,116344.7
2026-09-17,SSE,563800,A500龙头,899897.81
2026-09-17,SSE,563830,现金流基,12889.6
2026-09-17,SSE,563850,食品广发,10468.17
2026-09-17,SSE,563860,A500海富,18284.43
2026-09-17,SSE,563870,航空通用,10330.39
2026-09-17,SSE,563880,A500添富,149299.64
2026-09-17,SSE,563890,红利国有,1983.6
2026-09-17,SSE,563900,现金流,45996.57
2026-09-17,SSE,563930,上指增强,2559.2
2026-09-17,SSE,563960,300质量,35101.2
2026-09-17,SSE,563980,800红利,21696.7
2026-09-17,SSE,563990,800现金,29457.3
2026-09-17,SSE,588000,科创50,5559266.82
2026-09-17,SSE,588010,科创材料,103292.58
2026-09-17,SSE,588020,科创50E,218337.3
2026-09-17,SSE,588030,科创指基,226783.81
2026-09-17,SSE,588040,科创板指,14588.9
2026-09-17,SSE,588050,科创ETF,675324.13
2026-09-17,SSE,588060,上证科创,781314
2026-09-17,SSE,588070,科创万家,3643.7
2026-09-17,SSE,588080,科创板50,2605362.81
2026-09-17,SSE,588090,科创板,317407.28
2026-09-17,SSE,588100,科创信息,23674.62
2026-09-17,SSE,588110,科创成长,92503.2
2026-09-17,SSE,588120,科100ETF,90162.2
2026-09-17,SSE,588130,科创药,46458.26
2026-09-17,SSE,588140,科200GF,21775.1
2026-09-17,SSE,588150,科创龙头,40143.26
2026-09-17,SSE,588160,科创新材,94299.6
2026-09-17,SSE,588170,科创半导,4280144.7
2026-09-17,SSE,588180,科创50基,78035.37
2026-09-17,SSE,588190,科创100,136361.83
2026-09-17,SSE,588200,科创芯片,4291018.43
2026-09-17,SSE,588210,科创100E,24575.4
2026-09-17,SSE,588220,科创100F,369769.79
2026-09-17,SSE,588230,科创200,69293.9
2026-09-17,SSE,588240,科200,11363.3
2026-09-17,SSE,588250,KC医药,28567.5
2026-09-17,SSE,588260,科创技术,4674.6
2026-09-17,SSE,588270,科创200F,29241
2026-09-17,SSE,588280,科创五零,40412.1
2026-09-17,SSE,588290,芯片科创,465869.1
2026-09-17,SSE,588300,双创ETF,155521.05
2026-09-17,SSE,588310,双创基金,3063.75
2026-09-17,SSE,588320,双创增强,8982.46
2026-09-17,SSE,588330,双创龙头,121973.78
2026-09-17,SSE,588350,双创,65854.6
2026-09-17,SSE,588360,创创ETF,22188.18
2026-09-17,SSE,588370,科创策略,7827.2
2026-09-17,SSE,588380,创50ETF,288277
2026-09-17,SSE,588390,科创创业,15893.59
2026-09-17,SSE,588400,双创50,139260.06
2026-09-17,SSE,588410,双创AI,11125
2026-09-17,SSE,588420,AI双创,33364.8
2026-09-17,SSE,588430,科创创AI,9845.8
2026-09-17,SSE,588450,科创50增,6356.87
2026-09-17,SSE,588460,科创增强,67051.4
2026-09-17,SSE,588470,双创智能,28090.7
2026-09-17,SSE,588480,AI50双创,24171.7
2026-09-17,SSE,588500,科创100Z,4464.7
2026-09-17,SSE,588510,智能双创,31717.5
2026-09-17,SSE,588520,科创增,1695.7
2026-09-17,SSE,588530,AIBOCI,21983.33
2026-09-17,SSE,588550,科创增指,6329
2026-09-17,SSE,588660,双创五零,3834.4
2026-09-17,SSE,588670,科综增强,3979.2
2026-09-17,SSE,588680,科100增,3536.1
2026-09-17,SSE,588690,科综指增,4763.6
2026-09-17,SSE,588700,科创生物,46533.62
2026-09-17,SSE,588710,科半导体,1099888.5
2026-09-17,SSE,588720,中银科创,11224.18
2026-09-17,SSE,588730,科创AI,74639.63
2026-09-17,SSE,588750,科创芯50,298022.8
2026-09-17,SSE,588760,AI科创,256653.2
2026-09-17,SSE,588770,信息科创,31159.71
2026-09-17,SSE,588780,芯片设计,100390.2
2026-09-17,SSE,588790,科创智能,344538.4
2026-09-17,SSE,588800,科创100C,164737.7
2026-09-17,SSE,588810,科创板芯,174064.8
2026-09-17,SSE,588820,科创200E,15140
2026-09-17,SSE,588830,科创新能,67684.79
2026-09-17,SSE,588840,50科创,5823.6
2026-09-17,SSE,588850,科创机械,8277.9
2026-09-17,SSE,588860,科创医药,36488.94
2026-09-17,SSE,588870,科创50指,92355.2
2026-09-17,SSE,588880,科创指数,11136.8
2026-09-17,SSE,588890,科创芯,269943
2026-09-17,SSE,588900,科创100S,36178.3
2026-09-17,SSE,588910,科创价值,10004.91
2026-09-17,SSE,588920,KC芯片,31187.6
2026-09-17,SSE,588930,科创板AI,63732.9
2026-09-17,SSE,588940,科创富国,310484
2026-09-17,SSE,588950,景顺科创,72572.97
2026-09-17,SSE,588960,新能科创,15057.98
2026-09-17,SSE,588980,科创广发,1442
2026-09-17,SSE,588990,科芯片,19574.54
2026-09-17,SSE,589000,科创综指,106750.78
2026-09-17,SSE,589010,科创AI指,93879.3
2026-09-17,SSE,589020,KC半导体,426843.8
2026-09-17,SSE,589030,科芯设计,90707.7
2026-09-17,SSE,589050,科创E,5096.8
2026-09-17,SSE,589060,科综东财,8213.79
2026-09-17,SSE,589070,科芯TH,196329.3
2026-09-17,SSE,589080,科创综E,14806.1
2026-09-17,SSE,589090,KCAI,19693.1
2026-09-17,SSE,589100,国泰芯片,89944.25
2026-09-17,SSE,589110,科AI国泰,54941.3
2026-09-17,SSE,589120,创新药基,143062
2026-09-17,SSE,589130,科创芯易,327278
2026-09-17,SSE,589150,科创平安,85143.72
2026-09-17,SSE,589160,科芯片GF,28429.6
2026-09-17,SSE,589170,芯设计KC,14490.9
2026-09-17,SSE,589180,科创材基,13581.8
2026-09-17,SSE,589190,科创芯基,372756.2
2026-09-17,SSE,589200,科200E,2550.7
2026-09-17,SSE,589210,芯设计GF,133693.8
2026-09-17,SSE,589220,科200GT,31649.58
2026-09-17,SSE,589230,AI科创CS,25855.3
2026-09-17,SSE,589250,芯设计PY,7510.13
2026-09-17,SSE,589260,科创芯设,11515.6
2026-09-17,SSE,589270,科创100Q,2151.66
2026-09-17,SSE,589280,科综增指,13906.9
2026-09-17,SSE,589290,芯片主题,13984.89
2026-09-17,SSE,589300,科综嘉实,4158.25
2026-09-17,SSE,589310,科创人工,32249.18
2026-09-17,SSE,589320,科200JS,11405.3
2026-09-17,SSE,589330,科200DC,16590.2
2026-09-17,SSE,589350,科芯片指,23428.15
2026-09-17,SSE,589360,科创50GT,271117.4
2026-09-17,SSE,589380,AI科创指,10369.43
2026-09-17,SSE,589390,芯设计,133181.05
2026-09-17,SSE,589400,芯设计FG,30378.52
2026-09-17,SSE,589410,科创AIJS,56656.56
2026-09-17,SSE,589420,芯设计MW,36648.15
2026-09-17,SSE,589430,科芯片设,22884.99
2026-09-17,SSE,589460,科200HB,20563.09
2026-09-17,SSE,589500,科综工银,8006.4
2026-09-17,SSE,589510,N科新材,16058.69
2026-09-17,SSE,589520,AI科创板,90910.46
2026-09-17,SSE,589550,KC价值,2829.55
2026-09-17,SSE,589560,科创AITF,26835.5
2026-09-17,SSE,589580,科综价格,1435.48
2026-09-17,SSE,589600,富国科综,22553.5
2026-09-17,SSE,589630,科综国泰,34325.8
2026-09-17,SSE,589660,综指科创,26153
2026-09-17,SSE,589680,科创综Z,143494.37
2026-09-17,SSE,589700,成长科创,2829.1
2026-09-17,SSE,589720,科创新药,539682.3
2026-09-17,SSE,589770,科创全指,15356.92
2026-09-17,SSE,589780,科200FG,6921.5
2026-09-17,SSE,589800,科创综合,109598.82
2026-09-17,SSE,589820,科200F,12972.02
2026-09-17,SSE,589850,科创东财,84405.7
2026-09-17,SSE,589860,天弘科综,16222.4
2026-09-17,SSE,589880,科创综,46499.6
2026-09-17,SSE,589890,景顺科综,8498.7
2026-09-17,SSE,589900,博时科综,16890.82
2026-09-17,SSE,589950,科100FG,36087.3
2026-09-17,SSE,589960,科创新源,18231.6
2026-09-17,SSE,589980,科基100,12912.2
2026-09-17,SSE,589990,科创板综,10609
2026-09-17,SZSE,158000,港股通金融ETF鹏华,6692.58
2026-09-17,SZSE,158001,价值ETF嘉实,12039.26
2026-09-17,SZSE,158003,港股通医疗ETF嘉实,6965.43
2026-09-17,SZSE,158005,工程机械ETF博时,12006.13
2026-09-17,SZSE,158006,化工ETF博时,4304.60
2026-09-17,SZSE,158008,新能源电池ETF华夏,24441.31
2026-09-17,SZSE,158009,航空航天ETF南方,3137.38
2026-09-17,SZSE,158010,医疗ETF嘉实,33621.33
2026-09-17,SZSE,158011,创业板软件ETF国泰,5534.26
2026-09-17,SZSE,158012,云计算ETF南方,27782.55
2026-09-17,SZSE,158013,航空航天ETF易方达,6134.52
2026-09-17,SZSE,158017,化工ETF易方达,6659.45
2026-09-17,SZSE,158019,电池ETF永赢,27128.19
2026-09-17,SZSE,158023,红利低波ETF万家,54208.07
2026-09-17,SZSE,158027,工业互联网ETF易方达,19314.30
2026-09-17,SZSE,158028,稀有金属ETF招商,20468.77
2026-09-17,SZSE,158032,化工ETF景顺,23683.55
2026-09-17,SZSE,158038,粮食ETF富国,18306.00
2026-09-17,SZSE,158041,创业板算力ETF华夏,29039.25
2026-09-17,SZSE,158061,创业板算力ETF天弘,35806.64
2026-09-17,SZSE,159001,货币ETF易方达,3273.79
2026-09-17,SZSE,159003,招商快线ETF,204.87
2026-09-17,SZSE,159005,快钱ETF汇添富,126.97
2026-09-17,SZSE,159007,养殖ETF华泰柏瑞,18260.32
2026-09-17,SZSE,159008,证券ETF景顺,13078.45
2026-09-17,SZSE,159009,创业板新能源ETF易方达,15939.27
2026-09-17,SZSE,159010,港股通科技ETF博时,20459.76
2026-09-17,SZSE,159011,养殖ETF华安,2350.51
2026-09-17,SZSE,159012,科创创业50ETF鹏华,13788.11
2026-09-17,SZSE,159013,工业互联网ETF大成,4257.88
2026-09-17,SZSE,159015,恒生港股通科技ETF国联,11035.29
2026-09-17,SZSE,159016,证券ETF广发,34804.01
2026-09-17,SZSE,159017,石油ETF工银,15025.68
2026-09-17,SZSE,159018,石油ETF广发,2590.42
2026-09-17,SZSE,159019,石油ETF华宝,4432.77
2026-09-17,SZSE,159020,养殖ETF易方达,11356.70
2026-09-17,SZSE,159021,大盘价值ETF华夏,6090.77
2026-09-17,SZSE,159022,科创创业人工智能ETF富国,17463.09
2026-09-17,SZSE,159023,养殖ETF万家,3677.79
2026-09-17,SZSE,159025,家电ETF华安,5793.50
2026-09-17,SZSE,159026,石油ETF南方,4351.34
2026-09-17,SZSE,159027,畜牧养殖ETF大成,10447.22
2026-09-17,SZSE,159028,港股汽车ETF天弘,13344.90
2026-09-17,SZSE,159029,有色ETF广发,30312.77
2026-09-17,SZSE,159030,粮食ETF华夏,44196.81
2026-09-17,SZSE,159031,粮食ETF博时,52802.86
2026-09-17,SZSE,159032,工业有色ETF易方达,26484.50
2026-09-17,SZSE,159033,粮食ETF国泰,13732.34
2026-09-17,SZSE,159035,软件ETF天弘,66785.97
2026-09-17,SZSE,159036,软件开发ETF华宝,28374.01
2026-09-17,SZSE,159037,价值ETF鹏华,5924.98
2026-09-17,SZSE,159038,粮食ETF易方达,17402.69
2026-09-17,SZSE,159039,机器人ETF华安,117446.14
2026-09-17,SZSE,159040,港股通互联网ETF鹏华,3248.10
2026-09-17,SZSE,159041,农业ETF鹏华,3547.18
2026-09-17,SZSE,159042,价值ETF汇添富,8180.11
2026-09-17,SZSE,159043,食品ETF华安,6277.06
2026-09-17,SZSE,159045,稀有金属ETF大成,17833.02
2026-09-17,SZSE,159046,绿电ETF天弘,77997.68
2026-09-17,SZSE,159048,机器人ETF大成,19580.38
2026-09-17,SZSE,159049,有色ETF工银,3407.33
2026-09-17,SZSE,159050,机器人ETF广发,64270.36
2026-09-17,SZSE,159051,医疗器械ETF易方达,8411.78
2026-09-17,SZSE,159052,新能源电池ETF嘉实,20192.60
2026-09-17,SZSE,159053,稀有金属ETF华夏,16619.81
2026-09-17,SZSE,159055,稀有金属ETF富国,12929.39
2026-09-17,SZSE,159056,医疗器械ETF富国,5793.43
2026-09-17,SZSE,159057,医疗器械ETF鹏华,2571.53
2026-09-17,SZSE,159058,证券ETF大成,7633.12
2026-09-17,SZSE,159059,电力ETF大成,5183.00
2026-09-17,SZSE,159060,粮食ETF浦银,1848.34
2026-09-17,SZSE,159061,绿色电力ETF南方,20684.02
2026-09-17,SZSE,159062,稀有金属ETF南方,11870.12
2026-09-17,SZSE,159063,粮食ETF南方,5598.66
2026-09-17,SZSE,159065,工程机械ETF景顺,10735.08
2026-09-17,SZSE,159066,A股ETF建信,20273.30
2026-09-17,SZSE,159067,绿色电力ETF鹏华,1690.87
2026-09-17,SZSE,159068,软件ETF华夏,6033.65
2026-09-17,SZSE,159069,创业板新能源ETF华泰柏瑞,4277.04
2026-09-17,SZSE,159070,工程机械ETF嘉实,10036.68
2026-09-17,SZSE,159071,新能源电池ETF华宝,12291.17
2026-09-17,SZSE,159072,粮食ETF景顺,5028.51
2026-09-17,SZSE,159073,粮食ETF汇添富,6517.38
2026-09-17,SZSE,159075,工业互联网ETF华夏,17219.71
2026-09-17,SZSE,159076,创业板新能源ETF华宝,24837.30
2026-09-17,SZSE,159077,电池ETF鑫元,3324.25
2026-09-17,SZSE,159078,A股ETF富国,16726.24
2026-09-17,SZSE,159079,价值ETF兴全,7180.68
2026-09-17,SZSE,159082,化工ETF华夏,7553.12
2026-09-17,SZSE,159083,红利低波100ETF嘉实,12837.04
2026-09-17,SZSE,159085,价值ETF永赢,2853.54
2026-09-17,SZSE,159086,金融科技ETF广发,2939.98
2026-09-17,SZSE,159087,化工ETF万家,2999.21
2026-09-17,SZSE,159091,港股通金融ETF易方达,2437.41
2026-09-17,SZSE,159093,化工ETF汇添富,2668.14
2026-09-17,SZSE,159095,云计算ETF银华,21446.81
2026-09-17,SZSE,159096,价值ETF华夏,13963.13
2026-09-17,SZSE,159098,价值ETF招商,8389.15
2026-09-17,SZSE,159099,云计算ETF华宝,10561.05
2026-09-17,SZSE,159100,巴西ETF华夏,48004.69
2026-09-17,SZSE,159101,港股通科技ETF华夏,287431.14
2026-09-17,SZSE,159102,港股通生物科技ETF华安,62412.20
2026-09-17,SZSE,159103,金融科技ETF汇添富,32740.67
2026-09-17,SZSE,159105,恒生生物科技ETF易方达,17627.29
2026-09-17,SZSE,159106,民企300ETF前海开源,3957.94
2026-09-17,SZSE,159107,创业板软件ETF富国,76882.30
2026-09-17,SZSE,159108,工业软件ETF博时,11973.85
2026-09-17,SZSE,159109,恒生50ETF景顺,55816.38
2026-09-17,SZSE,159110,科创债ETF万家,2312.70
2026-09-17,SZSE,159111,科创债ETF天弘,14437.66
2026-09-17,SZSE,159112,科创债ETF银华,23718.78
2026-09-17,SZSE,159113,科创债ETF大成,9642.62
2026-09-17,SZSE,159115,科创债ETF华安,5305.34
2026-09-17,SZSE,159116,科创债ETF工银,11877.27
2026-09-17,SZSE,159117,港股通红利低波ETF鹏华,6040.11
2026-09-17,SZSE,159118,港股通红利低波ETF华夏,6767.70
2026-09-17,SZSE,159119,800现金流ETF招商,15405.42
2026-09-17,SZSE,159120,港股通科技ETF国联安,19702.44
2026-09-17,SZSE,159121,港股通汽车ETF易方达,15248.11
2026-09-17,SZSE,159122,创业板新能源ETF富国,6916.09
2026-09-17,SZSE,159123,光伏ETF嘉实,39704.70
2026-09-17,SZSE,159125,港股通科技ETF招商,84024.58
2026-09-17,SZSE,159126,港股通50ETF南方,22761.65
2026-09-17,SZSE,159127,港股通红利ETF南方,15134.42
2026-09-17,SZSE,159128,港股科技ETF天弘,190876.08
2026-09-17,SZSE,159129,化工ETF嘉实,112940.65
2026-09-17,SZSE,159130,恒生生物科技ETF鹏华,19638.94
2026-09-17,SZSE,159131,港股通信息技术ETF华宝,209791.99
2026-09-17,SZSE,159132,恒生生物科技ETF富国,11596.35
2026-09-17,SZSE,159133,化工ETF天弘,155341.33
2026-09-17,SZSE,159135,港股通科技ETF前海开源,61946.63
2026-09-17,SZSE,159136,A50ETF广发,10941.40
2026-09-17,SZSE,159137,港股通医疗ETF华宝,16763.26
2026-09-17,SZSE,159138,工程机械ETF易方达,29226.79
2026-09-17,SZSE,159139,科创创业人工智能ETF华泰柏瑞,17010.92
2026-09-17,SZSE,159140,科创创业人工智能ETF易方达,47793.68
2026-09-17,SZSE,159141,科创创业人工智能ETF永赢,147706.07
2026-09-17,SZSE,159142,科创创业人工智能ETF景顺,115126.01
2026-09-17,SZSE,159143,港股通央企红利ETF平安,4955.44
2026-09-17,SZSE,159145,工业软件ETF广发,7258.18
2026-09-17,SZSE,159146,电力ETF华宝,68644.08
2026-09-17,SZSE,159147,电池ETF南方,223740.95
2026-09-17,SZSE,159148,石油ETF富国,22146.66
2026-09-17,SZSE,159149,创业板新能源ETF工银,5851.52
2026-09-17,SZSE,159150,深证50ETF易方达,9799.76
2026-09-17,SZSE,159151,食品ETF华夏,18645.10
2026-09-17,SZSE,159152,港股通科技ETF平安,82855.60
2026-09-17,SZSE,159153,消费电子ETF鹏华,8972.59
2026-09-17,SZSE,159155,电池ETF大成,72951.32
2026-09-17,SZSE,159156,电池ETF万家,23146.12
2026-09-17,SZSE,159157,有色金属ETF天弘,810075.87
2026-09-17,SZSE,159158,电力ETF景顺,85503.53
2026-09-17,SZSE,159159,公用事业ETF国投瑞银,11381.85
2026-09-17,SZSE,159160,电池ETF东财,27181.92
2026-09-17,SZSE,159161,工程机械ETF东财,6833.12
2026-09-17,SZSE,159162,工业有色ETF鹏华,42493.98
2026-09-17,SZSE,159163,有色ETF泰康,26480.70
2026-09-17,SZSE,159165,养殖ETF永赢,10157.12
2026-09-17,SZSE,159166,现金流ETF长城,55281.60
2026-09-17,SZSE,159167,港股通医疗ETF工银,15154.91
2026-09-17,SZSE,159168,有色ETF富国,51945.50
2026-09-17,SZSE,159169,恒生生物科技ETF广发,12687.44
2026-09-17,SZSE,159170,港股通互联网ETF永赢,38863.83
2026-09-17,SZSE,159171,工业有色ETF博时,21853.29
2026-09-17,SZSE,159172,养殖ETF汇添富,38282.92
2026-09-17,SZSE,159173,农牧ETF南方,4645.53
2026-09-17,SZSE,159175,电池ETF易方达,51127.03
2026-09-17,SZSE,159176,家电ETF华宝,1930.33
2026-09-17,SZSE,159177,工程机械ETF鹏华,4561.92
2026-09-17,SZSE,159178,消费电子ETF汇添富,9643.29
2026-09-17,SZSE,159179,港股通互联网ETF工银,10290.35
2026-09-17,SZSE,159180,软件ETF银华,3315.59
2026-09-17,SZSE,159181,石油ETF易方达,13140.53
2026-09-17,SZSE,159182,家电ETF南方,3448.56
2026-09-17,SZSE,159183,新能源车ETF招商,5138.77
2026-09-17,SZSE,159185,港股通信息技术ETF鹏华,19409.90
2026-09-17,SZSE,159186,港股通汽车ETF鹏华,8886.92
2026-09-17,SZSE,159187,创业板新能源ETF景顺,6617.62
2026-09-17,SZSE,159188,红利100ETF景顺,6560.18
2026-09-17,SZSE,159189,石油ETF华夏,10708.31
2026-09-17,SZSE,159190,创业板新能源ETF天弘,7606.92
2026-09-17,SZSE,159191,港股通科技ETF易方达,6910.48
2026-09-17,SZSE,159192,家电ETF汇添富,1798.70
2026-09-17,SZSE,159193,新能源电池ETF银华,25908.03
2026-09-17,SZSE,159195,石油ETF华安,7349.01
2026-09-17,SZSE,159196,港股通信息技术ETF易方达,22153.03
2026-09-17,SZSE,159197,石油ETF招商,4038.82
2026-09-17,SZSE,159198,港股通信息技术ETF富国,9034.43
2026-09-17,SZSE,159199,石油ETF平安,6115.49
2026-09-17,SZSE,159200,科创债ETF富国,15354.26
2026-09-17,SZSE,159201,自由现金流ETF华夏,1318327.59
2026-09-17,SZSE,159202,恒生互联网ETF万家,124940.19
2026-09-17,SZSE,159203,大盘成长ETF博时,979.19
2026-09-17,SZSE,159205,创业板ETF东财,67905.60
2026-09-17,SZSE,159206,卫星ETF永赢,925395.33
2026-09-17,SZSE,159207,高股息ETF广发,232348.33
2026-09-17,SZSE,159208,航空航天ETF万家,29846.27
2026-09-17,SZSE,159209,红利质量ETF招商,231063.50
2026-09-17,SZSE,159210,港股通汽车ETF汇添富,4974.98
2026-09-17,SZSE,159211,深证100ETF富国,1968.32
2026-09-17,SZSE,159212,深100ETF南方,9920.43
2026-09-17,SZSE,159213,机器人ETF汇添富,48423.75
2026-09-17,SZSE,159215,A500ETF平安,95858.28
2026-09-17,SZSE,159216,深证100ETF大成,1104.82
2026-09-17,SZSE,159217,港股通创新药ETF工银,559815.75
2026-09-17,SZSE,159218,卫星ETF招商,198261.63
2026-09-17,SZSE,159219,深证100ETF融通,1038.80
2026-09-17,SZSE,159220,港股通红利低波ETF华宝,43156.95
2026-09-17,SZSE,159221,现金流ETF嘉实,106901.32
2026-09-17,SZSE,159222,自由现金流ETF易方达,171337.04
2026-09-17,SZSE,159223,现金流ETF永赢,17584.47
2026-09-17,SZSE,159225,现金流ETF银华,25974.48
2026-09-17,SZSE,159226,中证A500增强ETF国泰,8409.48
2026-09-17,SZSE,159227,航空航天ETF华夏,433491.11
2026-09-17,SZSE,159228,红利低波ETF长城,10321.26
2026-09-17,SZSE,159229,自由现金流ETF广发,13705.60
2026-09-17,SZSE,159230,通用航空ETF华夏,29830.42
2026-09-17,SZSE,159231,通用航空ETF华宝,32709.18
2026-09-17,SZSE,159232,自由现金流ETF南方,207294.85
2026-09-17,SZSE,159233,自由现金流ETF平安,62162.34
2026-09-17,SZSE,159235,中证现金流ETF大成,190472.95
2026-09-17,SZSE,159236,自由现金流ETF工银,3872.21
2026-09-17,SZSE,159237,港股汽车ETF工银,4233.42
2026-09-17,SZSE,159238,沪深300增强ETF景顺,5401.61
2026-09-17,SZSE,159239,港股通汽车ETF富国,11078.07
2026-09-17,SZSE,159240,A500增强ETF天弘,1761.97
2026-09-17,SZSE,159241,航空航天ETF天弘,128607.42
2026-09-17,SZSE,159242,创业板人工智能ETF大成,40327.85
2026-09-17,SZSE,159243,创业板人工智能ETF招商,14003.02
2026-09-17,SZSE,159245,港股通消费ETF富国,7211.32
2026-09-17,SZSE,159246,创业板人工智能ETF富国,314965.56
2026-09-17,SZSE,159247,创业板ETF汇添富,56598.49
2026-09-17,SZSE,159248,人工智能ETF万家,13209.56
2026-09-17,SZSE,159249,A500增强ETF工银,11119.19
2026-09-17,SZSE,159251,港股通科技ETF万家,24378.77
2026-09-17,SZSE,159253,银行ETF博时,48170.49
2026-09-17,SZSE,159255,通用航空ETF易方达,6633.88
2026-09-17,SZSE,159256,创业板软件ETF华夏,59118.37
2026-09-17,SZSE,159257,航空ETF汇添富,14641.69
2026-09-17,SZSE,159258,机器人ETF南方,133626.56
2026-09-17,SZSE,159259,成长ETF易方达,687169.64
2026-09-17,SZSE,159260,证券ETF博时,103571.35
2026-09-17,SZSE,159261,创业板新能源ETF鹏华,4981.49
2026-09-17,SZSE,159262,港股通科技ETF广发,554572.04
2026-09-17,SZSE,159263,价值ETF易方达,752910.51
2026-09-17,SZSE,159265,港股消费ETF鹏华,17895.08
2026-09-17,SZSE,159266,港股央企红利ETF永赢,33571.00
2026-09-17,SZSE,159267,航天ETF华安,247550.61
2026-09-17,SZSE,159268,港股通消费ETF汇添富,38905.50
2026-09-17,SZSE,159269,港股通科技ETF南方,147831.17
2026-09-17,SZSE,159270,创业板200ETF南方,9076.36
2026-09-17,SZSE,159271,恒生ETF鹏华,23238.67
2026-09-17,SZSE,159272,机器人ETF富国,370216.46
2026-09-17,SZSE,159273,云计算ETF汇添富,70977.75
2026-09-17,SZSE,159275,农牧渔ETF华宝,25530.29
2026-09-17,SZSE,159276,现金流ETF汇添富,54969.66
2026-09-17,SZSE,159277,港股通红利ETF富国,3255.70
2026-09-17,SZSE,159278,机器人ETF鹏华,201854.58
2026-09-17,SZSE,159279,创业板人工智能ETF华安,14338.75
2026-09-17,SZSE,159280,港股通互联网ETF汇添富,10771.71
2026-09-17,SZSE,159281,港股央企红利ETF天弘,23923.30
2026-09-17,SZSE,159283,通用航空ETF南方,28743.79
2026-09-17,SZSE,159285,港股通消费ETF华安,24748.66
2026-09-17,SZSE,159286,港股通创新药ETF鹏华,71478.54
2026-09-17,SZSE,159287,创业板综ETF博时,10956.87
2026-09-17,SZSE,159288,创业板综ETF银华,9217.49
2026-09-17,SZSE,159289,创业板综指ETF鹏华,3890.26
2026-09-17,SZSE,159290,创业板综指增强ETF东财,4510.03
2026-09-17,SZSE,159291,创业板综增强ETF招商,1745.73
2026-09-17,SZSE,159292,创业板综增强ETF华宝,17818.95
2026-09-17,SZSE,159293,创业板综增强ETF建信,2315.93
2026-09-17,SZSE,159295,创业综指ETF西部利得,8295.82
2026-09-17,SZSE,159296,A500红利低波ETF华宝,3404.29
2026-09-17,SZSE,159297,港股通创新药ETF南方,371241.86
2026-09-17,SZSE,159298,创业板50ETF大成,16528.10
2026-09-17,SZSE,159299,金融科技ETF易方达,66947.29
2026-09-17,SZSE,159300,沪深300ETF富国,35015.80
2026-09-17,SZSE,159301,公用事业ETF华夏,11945.83
2026-09-17,SZSE,159302,港股高股息ETF银华,4829.76
2026-09-17,SZSE,159303,恒生医疗ETF大成,7199.16
2026-09-17,SZSE,159305,储能电池ETF广发,119364.03
2026-09-17,SZSE,159306,汽车零部件ETF平安,2124.46
2026-09-17,SZSE,159307,红利低波100ETF博时,680590.35
2026-09-17,SZSE,159309,油气ETF汇添富,65937.17
2026-09-17,SZSE,159310,芯片ETF天弘,50498.10
2026-09-17,SZSE,159311,数字经济ETF易方达,3738.39
2026-09-17,SZSE,159312,恒指港股通ETF广发,3222.43
2026-09-17,SZSE,159315,黄金股ETF工银,18308.96
2026-09-17,SZSE,159316,港股通创新药ETF易方达,532033.61
2026-09-17,SZSE,159318,恒指港股通ETF银华,1360.16
2026-09-17,SZSE,159320,电网设备ETF广发,167923.55
2026-09-17,SZSE,159321,黄金股ETF华安,44640.03
2026-09-17,SZSE,159322,黄金股ETF平安,11741.16
2026-09-17,SZSE,159323,港股通汽车ETF华夏,12509.73
2026-09-17,SZSE,159325,半导体ETF南方,106892.10
2026-09-17,SZSE,159326,电网设备ETF华夏,1129426.55
2026-09-17,SZSE,159327,半导体设备ETF万家,274657.40
2026-09-17,SZSE,159328,家电ETF易方达,18855.67
2026-09-17,SZSE,159329,沙特ETF南方,114618.91
2026-09-17,SZSE,159330,沪深300ETF东财,44680.10
2026-09-18,SSE,510010,治理ETF,13052.44
2026-09-18,SSE,510020,超大ETF,3584.8
2026-09-18,SSE,510030,价值ETF,13822.98
2026-09-18,SSE,510040,上证180E,2648
2026-09-18,SSE,510050,50ETF,796026.68
2026-09-18,SSE,510060,央企ETF,3495.92
2026-09-18,SSE,510090,ESG建信,2458.11
2026-09-18,SSE,510100,SZ50ETF,98870.68
2026-09-18,SSE,510130,中盘ETF,3148.51
2026-09-18,SSE,510140,上证指,8023.05
2026-09-18,SSE,510150,消费ETF,282317.86
2026-09-18,SSE,510160,产业升级,18205.74
2026-09-18,SSE,510170,商品ETF,31091.48
2026-09-18,SSE,510180,180ETF,442805.77
2026-09-18,SSE,510190,上证50基,2365.08
2026-09-18,SSE,510200,上证券商,14738.55
2026-09-18,SSE,510210,综指ETF,1414719.26
2026-09-18,SSE,510230,金融ETF,70280.8
2026-09-18,SSE,510270,国企ETF,1583.21
2026-09-18,SSE,510290,380ETF,5444.89
2026-09-18,SSE,510300,300ETF,2365968.77
2026-09-18,SSE,510310,HS300ETF,1134424.4
2026-09-18,SSE,510320,300中金,63706.85
2026-09-18,SSE,510330,华夏300,831714.98
2026-09-18,SSE,510350,工银300,67601.47
2026-09-18,SSE,510360,广发300,182338.12
2026-09-18,SSE,510370,兴业300,8725.81
2026-09-18,SSE,510380,国寿300,140180.24
2026-09-18,SSE,510390,平安300,13745
2026-09-18,SSE,510410,资源ETF,44025.84
2026-09-18,SSE,510500,500ETF,572256.86
2026-09-18,SSE,510510,广发500,86103.83
2026-09-18,SSE,510530,工银500,4747.94
2026-09-18,SSE,510550,方正500,2374.33
2026-09-18,SSE,510560,国寿500,5231.87
2026-09-18,SSE,510570,兴业500,4806.06
2026-09-18,SSE,510580,ZZ500ETF,116056.83
2026-09-18,SSE,510590,平安500,11478.61
2026-09-18,SSE,510600,沪50ETF,1301.51
2026-09-18,SSE,510630,消费30,53436.15
2026-09-18,SSE,510650,金融行业,1295.25
2026-09-18,SSE,510660,医药行业,5037.97
2026-09-18,SSE,510670,180指,17549.3
2026-09-18,SSE,510680,万家50,1992.47
2026-09-18,SSE,510710,上50ETF,10581.89
2026-09-18,SSE,510720,红利国泰,178076.6
2026-09-18,SSE,510760,上证ETF,331450.37
2026-09-18,SSE,510770,G60创新,2011.07
2026-09-18,SSE,510800,上证50,17657.6
2026-09-18,SSE,510810,上海国企,574959.37
2026-09-18,SSE,510850,工银上50,4729.89
2026-09-18,SSE,510880,红利ETF,563367.57
2026-09-18,SSE,510900,恒生中国,319702.19
2026-09-18,SSE,510910,上证指CS,16279.6
2026-09-18,SSE,510950,上证广发,11452.08
2026-09-18,SSE,510980,上证综合,65679.8
2026-09-18,SSE,510990,ESG180,3894.86
2026-09-18,SSE,511010,XD国债,5427.63
2026-09-18,SSE,511020,活跃国债,3894.75
2026-09-18,SSE,511030,公司债,40364.07
2026-09-18,SSE,511060,5年地债,2134.63
2026-09-18,SSE,511070,沪公司债,32110.1
2026-09-18,SSE,511090,30年国债,30874.81
2026-09-18,SSE,511100,基准国债,10368.05
2026-09-18,SSE,511110,公司债易,36579.96
2026-09-18,SSE,511120,科创债基,14042.06
2026-09-18,SSE,511130,国债30年,20879.97
2026-09-18,SSE,511150,科债永赢,11359.09
2026-09-18,SSE,511160,国债东财,2280.09
2026-09-18,SSE,511180,上证转债,96965.97
2026-09-18,SSE,511190,信用债,17113.43
2026-09-18,SSE,511200,信用债基,28308.75
2026-09-18,SSE,511220,城投ETF,532118.14
2026-09-18,SSE,511260,XD十年国,18186.65
2026-09-18,SSE,511270,10年地债,9454.75
2026-09-18,SSE,511360,短融ETF,77387.46
2026-09-18,SSE,511380,转债ETF,468928.67
2026-09-18,SSE,511520,政金债,40232.65
2026-09-18,SSE,511580,国债政金,7586.48
2026-09-18,SSE,512000,券商ETF,7168383.54
2026-09-18,SSE,512010,医药ETF,3983369.49
2026-09-18,SSE,512020,A500,110001.27
2026-09-18,SSE,512030,A50增,4324
2026-09-18,SSE,512040,国信价值,467371.59
2026-09-18,SSE,512050,A500E,1605799.22
2026-09-18,SSE,512060,A100指基,892.8
2026-09-18,SSE,512070,证券保险,1663547.97
2026-09-18,SSE,512080,A500中金,77918.61
2026-09-18,SSE,512090,MSCI易基,30759.23
2026-09-18,SSE,512100,1000ETF,638721.76
2026-09-18,SSE,512120,医药50,77024.19
2026-09-18,SSE,512130,现金全指,1189.5
2026-09-18,SSE,512140,电力事业,13104.9
2026-09-18,SSE,512150,A50ETF,1907.34
2026-09-18,SSE,512160,MSCI基金,11777.78
2026-09-18,SSE,512170,医疗ETF,7120882.05
2026-09-18,SSE,512180,建信MSCI,4804.8
2026-09-18,SSE,512190,之江凤凰,21691.84
2026-09-18,SSE,512200,地产ETF,324334.79
2026-09-18,SSE,512220,TMTETF,21446.76
2026-09-18,SSE,512240,A50龙头,2318.6
2026-09-18,SSE,512250,A50指数E,11960.01
2026-09-18,SSE,512260,500低波,2049.77
2026-09-18,SSE,512290,生物医药,320782.07
2026-09-18,SSE,512330,信息ETF,35518.8
2026-09-18,SSE,512360,MSCI国际,2733.77
2026-09-18,SSE,512370,A500增指,29931.3
2026-09-18,SSE,512380,MSCI中国,7280.56
2026-09-18,SSE,512390,MSCI低波,968.2
2026-09-18,SSE,512400,有色ETF,1419953.9
2026-09-18,SSE,512410,银行广发,4287.17
2026-09-18,SSE,512420,机械华安,7123.89
2026-09-18,SSE,512430,家电家居,3872
2026-09-18,SSE,512450,广发养殖,9836.7
2026-09-18,SSE,512460,电池主题,31282.3
2026-09-18,SSE,512480,半导体,1954200.72
2026-09-18,SSE,512500,中证500,184160.88
2026-09-18,SSE,512510,ETF500,43192.98
2026-09-18,SSE,512520,MSCIETF,4505.64
2026-09-18,SSE,512530,300红利,9250.2
2026-09-18,SSE,512550,A50基金,10890.6
2026-09-18,SSE,512560,中证军工,90412.7
2026-09-18,SSE,512570,中证证券,405580.61
2026-09-18,SSE,512580,环保ETF,53847.17
2026-09-18,SSE,512600,必选消费,169215.61
2026-09-18,SSE,512620,农业TH,134066.6
2026-09-18,SSE,512630,卫星基金,157142.6
2026-09-18,SSE,512640,金融地产,2074.09
2026-09-18,SSE,512650,长三角,3494.16
2026-09-18,SSE,512660,军工ETF,680908
2026-09-18,SSE,512670,国防ETF,206665.26
2026-09-18,SSE,512680,军工基金,305613.01
2026-09-18,SSE,512690,酒ETF,3217255.02
2026-09-18,SSE,512700,银行基金,68508.1
2026-09-18,SSE,512710,军工龙头,1110165.84
2026-09-18,SSE,512720,计算机,35445.34
2026-09-18,SSE,512730,银行FUND,4958.39
2026-09-18,SSE,512740,车零件GF,15089.84
2026-09-18,SSE,512750,基本面50,4565.49
2026-09-18,SSE,512760,芯片ETF,984144.55
2026-09-18,SSE,512770,战略新兴,9826.78
2026-09-18,SSE,512800,银行ETF,1179327.99
2026-09-18,SSE,512810,国防军工,95558.35
2026-09-18,SSE,512820,银行股基,43600.19
2026-09-18,SSE,512870,杭州湾区,2241.06
2026-09-18,SSE,512880,证券ETF,5660529.15
2026-09-18,SSE,512890,红利低波,2608611.08
2026-09-18,SSE,512900,证券基金,740340.6
2026-09-18,SSE,512910,100ETF,12962.88
2026-09-18,SSE,512930,AIETF,475252.13
2026-09-18,SSE,512940,有色矿业,215770.5
2026-09-18,SSE,512950,央企改革,404255.1
2026-09-18,SSE,512960,央调ETF,385365.73
2026-09-18,SSE,512970,湾区ETF,598.76
2026-09-18,SSE,512980,传媒ETF,512242.44
2026-09-18,SSE,512990,MSCIA股,9901.54
2026-09-18,SSE,513000,225ETF,106741.14
2026-09-18,SSE,513010,港股科技,4479530.7
2026-09-18,SSE,513020,科技HK,231514.54
2026-09-18,SSE,513030,德国ETF,103077.9
2026-09-18,SSE,513040,HK互联网,663584.13
2026-09-18,SSE,513050,中概互联,3475543.27
2026-09-18,SSE,513060,恒生医疗,845539.33
2026-09-18,SSE,513070,HK消费50,131276.08
2026-09-18,SSE,513080,法国ETF,67391.6
2026-09-18,SSE,513090,香港证券,996098.8
2026-09-18,SSE,513100,纳指ETF,950211.06
2026-09-18,SSE,513110,纳指100,221443.5
2026-09-18,SSE,513120,HK创新药,1742713.54
2026-09-18,SSE,513130,恒生科技,6076634.7
2026-09-18,SSE,513140,港股金融,7836.8
2026-09-18,SSE,513150,港科技50,10055.98
2026-09-18,SSE,513160,科技30,306418.93
2026-09-18,SSE,513170,恒生央企,15557.3
2026-09-18,SSE,513180,恒指科技,7126275.95
2026-09-18,SSE,513190,H股金融,108893.6
2026-09-18,SSE,513200,港股医药,83728.21
2026-09-18,SSE,513210,恒生E,3994.2
2026-09-18,SSE,513220,互联网30,53110.94
2026-09-18,SSE,513230,H股消费,32942.27
2026-09-18,SSE,513240,港信息,10449.6
2026-09-18,SSE,513260,恒科技,495024.3
2026-09-18,SSE,513280,恒生生物,33811.45
2026-09-18,SSE,513290,纳指生物,106757.21
2026-09-18,SSE,513300,纳斯达克,543442.1
2026-09-18,SSE,513310,中韩芯片,250542.7
2026-09-18,SSE,513320,HK新经济,9101.06
2026-09-18,SSE,513330,恒生互联,7490148
2026-09-18,SSE,513350,油气ETF,85674.6
2026-09-18,SSE,513360,教育ETF,61771.39
2026-09-18,SSE,513380,科技恒生,1811678.49
2026-09-18,SSE,513390,纳指基金,215737.91
2026-09-18,SSE,513400,道琼斯,301206.2
2026-09-18,SSE,513500,标普500,1027863.86
2026-09-18,SSE,513520,日经ETF,108388.72
2026-09-18,SSE,513530,港股红利,328993.87
2026-09-18,SSE,513550,港股通50,162999.2
2026-09-18,SSE,513560,香港科技,53138.6
2026-09-18,SSE,513580,HS科技,605511.8
2026-09-18,SSE,513590,香港消费,13051.89
2026-09-18,SSE,513600,恒指ETF,58082.95
2026-09-18,SSE,513620,港医疗指,5621.6
2026-09-18,SSE,513630,XD香港红,727135.9
2026-09-18,SSE,513650,标普ETF,438973.4
2026-09-18,SSE,513660,恒生通,176400.02
2026-09-18,SSE,513690,港红利股,310647.99
2026-09-18,SSE,513700,香港医药,76784.6
2026-09-18,SSE,513720,香港互联,25085.9
2026-09-18,SSE,513730,东南亚,78635.5
2026-09-18,SSE,513750,港股非银,776133.8
2026-09-18,SSE,513770,港股互联,1435513.79
2026-09-18,SSE,513780,港股新药,176465.7
2026-09-18,SSE,513800,东证ETF,104624.44
2026-09-18,SSE,513810,港股国企,4399.2
2026-09-18,SSE,513820,港股分红,169066.9
2026-09-18,SSE,513830,红利港股,5231.1
2026-09-18,SSE,513850,美国50,131189.26
2026-09-18,SSE,513860,HKC科技,256847.06
2026-09-18,SSE,513870,纳指指数,141667.1
2026-09-18,SSE,513880,日经225,132697
2026-09-18,SSE,513890,HK科技,89112.8
2026-09-18,SSE,513900,港股100,8997.8
2026-09-18,SSE,513910,红利央企,192127.6
2026-09-18,SSE,513920,央企40,238073.1
2026-09-18,SSE,513930,香港生科,8090.8
2026-09-18,SSE,513950,恒生红利,235861.9
2026-09-18,SSE,513970,恒生消费,140504.1
2026-09-18,SSE,513980,科技港股,1630020.4
2026-09-18,SSE,513990,港股通综,4300
2026-09-18,SSE,515000,科技ETF,321057.93
2026-09-18,SSE,515010,华夏证券,209927.16
2026-09-18,SSE,515020,银行指数,38484.53
2026-09-18,SSE,515030,新汽车,144738.4
2026-09-18,SSE,515040,工业金属,5331.96
2026-09-18,SSE,515050,5GETF,1792320.54
2026-09-18,SSE,515060,华夏地产,100447.81
2026-09-18,SSE,515070,AI智能,754894.04
2026-09-18,SSE,515080,中证红利,714914.89
2026-09-18,SSE,515090,可持续,880.17
2026-09-18,SSE,515100,红利100,365344.15
2026-09-18,SSE,515110,国企方达,21229.5
2026-09-18,SSE,515120,创新药,1749999.36
2026-09-18,SSE,515130,HS300E,9746.32
2026-09-18,SSE,515150,国企富国,39870.32
2026-09-18,SSE,515160,MSCI招商,24395.51
2026-09-18,SSE,515170,食品饮料,860575.79
2026-09-18,SSE,515180,100红利,1261163.7
2026-09-18,SSE,515190,BOCI500,29546.61
2026-09-18,SSE,515200,创新100,3894.32
2026-09-18,SSE,515210,钢铁ETF,93472.61
2026-09-18,SSE,515220,煤炭ETF,789917.69
2026-09-18,SSE,515230,软件ETF,803069.09
2026-09-18,SSE,515250,智能汽车,33794.45
2026-09-18,SSE,515260,电子ETF,86456.84
2026-09-18,SSE,515290,银行,244667.29
2026-09-18,SSE,515300,红利300,269167.52
2026-09-18,SSE,515310,添富300,32861.12
2026-09-18,SSE,515320,电子50,8830.9
2026-09-18,SSE,515330,天弘300,615870.95
2026-09-18,SSE,515350,民生300,1169.92
2026-09-18,SSE,515360,方正300,3727.93
2026-09-18,SSE,515370,中证光伏,97771.3
2026-09-18,SSE,515380,泰康300,66159.98
2026-09-18,SSE,515390,HS300,191068.3
2026-09-18,SSE,515400,大数据,173863.14
2026-09-18,SSE,515440,A股南方,14517.93
2026-09-18,SSE,515450,红利50,1448483.5
2026-09-18,SSE,515460,质量红利,27409.1
2026-09-18,SSE,515480,红利一百,2434.07
2026-09-18,SSE,515530,泰康500,1384.27
2026-09-18,SSE,515550,国联500,2034.57
2026-09-18,SSE,515560,证券E,19088.33
2026-09-18,SSE,515580,中证科技,30203.14
2026-09-18,SSE,515590,500ETFEW,3411.37
2026-09-18,SSE,515600,央企创新,103579.74
2026-09-18,SSE,515630,保险证券,93971.77
2026-09-18,SSE,515640,家电指数,1705
2026-09-18,SSE,515650,消费50,309918.4
2026-09-18,SSE,515660,沪深300E,43449.42
2026-09-18,SSE,515680,创新央企,109626.47
2026-09-18,SSE,515700,新能车,58051.02
2026-09-18,SSE,515710,食品ETF,233509.98
2026-09-18,SSE,515720,金科富国,45061.1
2026-09-18,SSE,515730,家居家电,4089.2
2026-09-18,SSE,515750,科技50,26414.05
2026-09-18,SSE,515760,浙江国资,9488.81
2026-09-18,SSE,515770,MSCIAETF,3972.73
2026-09-18,SSE,515790,光伏ETF,593549.4
2026-09-18,SSE,515800,800ETF,380443.72
2026-09-18,SSE,515810,ZZ800ETF,27590.88
2026-09-18,SSE,515840,食品南方,3042.64
2026-09-18,SSE,515850,证券龙头,65429.1
2026-09-18,SSE,515860,科技100,10287.89
2026-09-18,SSE,515880,通信ETF,6472177.4
2026-09-18,SSE,515890,红利博时,38344.39
2026-09-18,SSE,515900,央创ETF,222184.65
2026-09-18,SSE,515910,质量ETF,22450.7
2026-09-18,SSE,515920,智能消费,5990.57
2026-09-18,SSE,515940,电网南方,12141.23
2026-09-18,SSE,515950,医药龙头,53720.06
2026-09-18,SSE,515960,医药100,23999.19
2026-09-18,SSE,515970,华夏机械,44508.8
2026-09-18,SSE,515980,人工智能,631112.9
2026-09-18,SSE,515990,添富国企,5235.02
2026-09-18,SSE,516000,数据ETF,43485.5
2026-09-18,SSE,516010,游戏ETF,237169.3
2026-09-18,SSE,516020,化工ETF,352182.62
2026-09-18,SSE,516040,N300现金,15551.66
2026-09-18,SSE,516050,科技龙头,15822.8
2026-09-18,SSE,516060,新药ETF,30423.74
2026-09-18,SSE,516070,碳中和50,29864.6
2026-09-18,SSE,516080,创新医药,513655.48
2026-09-18,SSE,516090,新能源E,169684.48
2026-09-18,SSE,516100,科技金融,115775.97
2026-09-18,SSE,516110,汽车ETF,24362.31
2026-09-18,SSE,516120,化工50,477158.2
2026-09-18,SSE,516130,消费龙头,156789
2026-09-18,SSE,516150,稀土基金,374707.7
2026-09-18,SSE,516160,新能源,153164.2
2026-09-18,SSE,516180,光伏产业,15298.7
2026-09-18,SSE,516190,文娱ETF,11181.85
2026-09-18,SSE,516200,证券行业,45160.4
2026-09-18,SSE,516210,银行股,6973.1
2026-09-18,SSE,516220,化工龙头,25417
2026-09-18,SSE,516230,光伏招商,75492.1
2026-09-18,SSE,516250,富国机械,6087.8
2026-09-18,SSE,516260,物联网50,4588.26
2026-09-18,SSE,516270,新能源50,33140.9
2026-09-18,SSE,516290,光伏基金,75319.69
2026-09-18,SSE,516300,中证1000,3901.26
2026-09-18,SSE,516310,银行指基,165655.85
2026-09-18,SSE,516320,装备ETF,8858.93
2026-09-18,SSE,516330,物联网,727.13
2026-09-18,SSE,516350,芯片50,132841.53
2026-09-18,SSE,516360,新材料,6155.18
2026-09-18,SSE,516370,全指电力,27440.8
2026-09-18,SSE,516380,智能电车,8844.93
2026-09-18,SSE,516390,电动车,18876.1
2026-09-18,SSE,516440,南方机械,12762.66
2026-09-18,SSE,516460,现金流E,41969.3
2026-09-18,SSE,516500,生物ETF,20793.72
2026-09-18,SSE,516510,云计算,151989
2026-09-18,SSE,516520,智能驾驶,76576.55
2026-09-18,SSE,516530,物流快递,1680.23
2026-09-18,SSE,516550,农业ETF,26441.44
2026-09-18,SSE,516560,养老ETF,21525.8
2026-09-18,SSE,516570,石化ETF,114135.76
2026-09-18,SSE,516580,新能源BS,14912.41
2026-09-18,SSE,516590,电动汽车,5201.5
2026-09-18,SSE,516600,消服ETF,11033.21
2026-09-18,SSE,516610,医服ETF,23297.48
2026-09-18,SSE,516620,影视ETF,21326.75
2026-09-18,SSE,516630,云计算50,44915.6
2026-09-18,SSE,516640,芯片龙头,128848.28
2026-09-18,SSE,516650,有色50,528646.48
2026-09-18,SSE,516660,新能汽车,15768.9
2026-09-18,SSE,516670,畜牧养殖,333426.63
2026-09-18,SSE,516700,数据产业,18062.2
2026-09-18,SSE,516710,新材料50,7427.2
2026-09-18,SSE,516720,ESGETF,783.78
2026-09-18,SSE,516730,证券公司,22688.08
2026-09-18,SSE,516750,建材ETF,13916.73
2026-09-18,SSE,516760,养殖ETF,28821.51
2026-09-18,SSE,516770,游戏动漫,24004.8
2026-09-18,SSE,516780,稀土ETF,232359.97
2026-09-18,SSE,516790,保健ETF,18268.22
2026-09-18,SSE,516800,智能制造,18230.8
2026-09-18,SSE,516810,农业,54947.89
2026-09-18,SSE,516820,医疗创新,465641.52
2026-09-18,SSE,516830,300ESG,8967.69
2026-09-18,SSE,516840,汽车基金,12927.7
2026-09-18,SSE,516850,新能源80,14523.7
2026-09-18,SSE,516860,金融科技,120452.2
2026-09-18,SSE,516880,光伏50,91394.41
2026-09-18,SSE,516890,新材ETF,3531.14
2026-09-18,SSE,516900,食品50,28022.9
2026-09-18,SSE,516910,物流ETF,6064.18
2026-09-18,SSE,516920,芯片基金,49196.3
2026-09-18,SSE,516930,生科ETF,11063.96
2026-09-18,SSE,516950,基建ETF,10882.1
2026-09-18,SSE,516960,机械ETF,1605.11
2026-09-18,SSE,516970,基建50,109404.25
2026-09-18,SSE,516980,证券先锋,5451.6
2026-09-18,SSE,517000,沪港深,12279.3
2026-09-18,SSE,517010,HGS500E,7814.42
2026-09-18,SSE,517030,HGS300,8404.03
2026-09-18,SSE,517050,互联网50,34760.5
2026-09-18,SSE,517080,HGS500,16916.6
2026-09-18,SSE,517090,共赢ETF,8107.5
2026-09-18,SSE,517100,AH500ETF,14360.21
2026-09-18,SSE,517110,创新药HK,124509.85
2026-09-18,SSE,517120,创新药50,51896.64
2026-09-18,SSE,517130,云计算JS,18615.4
2026-09-18,SSE,517160,长江ETF,182677.75
2026-09-18,SSE,517170,沪港深E,1613.18
2026-09-18,SSE,517180,中国国企,8349.63
2026-09-18,SSE,517200,互联网,14478.2
2026-09-18,SSE,517230,云计算MW,14654.58
2026-09-18,SSE,517300,AH300ETF,100243.45
2026-09-18,SSE,517330,长江保护,180916.9
2026-09-18,SSE,517350,龙头科技,4604.2
2026-09-18,SSE,517360,AH科技,2358.3
2026-09-18,SSE,517380,创新药AH,285632.63
2026-09-18,SSE,517390,云计算AH,12811.26
2026-09-18,SSE,517400,黄金股票,99679.2
2026-09-18,SSE,517520,黄金股,693390.4
2026-09-18,SSE,517550,消费主题,8041.74
2026-09-18,SSE,517660,物联网AH,3988.07
2026-09-18,SSE,517770,游戏传媒,19094.78
2026-09-18,SSE,517800,AI50,21553.97
2026-09-18,SSE,517850,张江ETF,3818.52
2026-09-18,SSE,517880,品牌消费,4933.71
2026-09-18,SSE,517900,银行优选,39599.35
2026-09-18,SSE,517950,交银科技,4862.32
2026-09-18,SSE,517990,医药基金,4498.79
2026-09-18,SSE,518600,上海金,85471.63
2026-09-18,SSE,518660,工银黄金,101025.27
2026-09-18,SSE,518680,金ETF,85986.95
2026-09-18,SSE,518800,黄金基金,397537.92
2026-09-18,SSE,518850,黄金9999,198367.87
2026-09-18,SSE,518860,上海金E,47145.98
2026-09-18,SSE,518880,黄金ETF,1201674.08
2026-09-18,SSE,518890,中银黄金,37735.48
2026-09-18,SSE,520500,恒生新药,186880.5
2026-09-18,SSE,520510,港股医疗,32772.8
2026-09-18,SSE,520520,HK消费,5160.6
2026-09-18,SSE,520530,港科ETF,25377.6
2026-09-18,SSE,520550,红利恒生,117552.4
2026-09-18,SSE,520560,香港30,60741.9
2026-09-18,SSE,520570,科技恒指,364587.6
2026-09-18,SSE,520580,新兴亚洲,29298.39
2026-09-18,SSE,520590,恒科,24023.5
2026-09-18,SSE,520600,汽车港股,26586.8
2026-09-18,SSE,520610,港红利指,40096.3
2026-09-18,SSE,520620,港股消费,28440.9
2026-09-18,SSE,520630,互联港股,59261
2026-09-18,SSE,520650,互联网HK,246675.5
2026-09-18,SSE,520660,港红利CS,191548.55
2026-09-18,SSE,520670,港科基金,21992.81
2026-09-18,SSE,520680,港股通车,7336.9
2026-09-18,SSE,520690,恒生港药,63645.4
2026-09-18,SSE,520700,创新药WJ,46107.6
2026-09-18,SSE,520710,信息港股,8802.9
2026-09-18,SSE,520720,香港汽车,13594.2
2026-09-18,SSE,520730,汽车WJ,12039.44
2026-09-18,SSE,520740,互联香港,4001.26
2026-09-18,SSE,520750,HK信息,12938.4
2026-09-18,SSE,520760,港股生物,13046.6
2026-09-18,SSE,520770,港股恒指,21337.38
2026-09-18,SSE,520780,港股车50,4046
2026-09-18,SSE,520790,港互联网,65807.5
2026-09-18,SSE,520810,港高股息,31836
2026-09-18,SSE,520820,恒指通,5868.2
2026-09-18,SSE,520830,沙特ETF,103261.9
2026-09-18,SSE,520840,港科技,115904.9
2026-09-18,SSE,520850,港医疗,15324.96
2026-09-18,SSE,520860,港股通科,34419.5
2026-09-18,SSE,520870,巴西ETF,51747.72
2026-09-18,SSE,520880,港创新药,437161.8
2026-09-18,SSE,520890,港红利,7900.8
2026-09-18,SSE,520900,红利香港,151067.5
2026-09-18,SSE,520910,HK互联,75644.5
2026-09-18,SSE,520920,恒生科TH,1925101.9
2026-09-18,SSE,520930,恒生生科,15073.3
2026-09-18,SSE,520940,恒指基金,2229.7
2026-09-18,SSE,520950,港股50,34642.1
2026-09-18,SSE,520960,恒指港通,5060.34
2026-09-18,SSE,520970,港股通药,116835.8
2026-09-18,SSE,520980,港科技30,313338.7
2026-09-18,SSE,520990,国新红利,327047.05
2026-09-18,SSE,526000,港股信息,17114.2
2026-09-18,SSE,526010,香港医疗,3645.8
2026-09-18,SSE,526030,港信息基,14646.5
2026-09-18,SSE,526050,香港信息,4363
2026-09-18,SSE,526060,港股技术,4887.7
2026-09-18,SSE,526070,恒生博时,4937.7
2026-09-18,SSE,530000,50ETF基,94002.94
2026-09-18,SSE,530050,SH50ETF,13181.3
2026-09-18,SSE,530060,上证综E,91519.3
2026-09-18,SSE,530080,180指基,2291.7
2026-09-18,SSE,530100,上证580,12069.6
2026-09-18,SSE,530180,上证180,6395.2
2026-09-18,SSE,530280,180ETF指,2993.4
2026-09-18,SSE,530300,180指数,3364.3
2026-09-18,SSE,530380,上证380,13470.5
2026-09-18,SSE,530530,580ETF,13146
2026-09-18,SSE,530580,180基金,4914.9
2026-09-18,SSE,530680,180E,10289.19
2026-09-18,SSE,530800,上180ETF,1820.18
2026-09-18,SSE,530880,上证红利,3733.6
2026-09-18,SSE,551000,科创债,7691.41
2026-09-18,SSE,551030,科创债券,18562
2026-09-18,SSE,551060,科创债沪,5761.1
2026-09-18,SSE,551300,科创债摩,5539.75
2026-09-18,SSE,551500,科创债易,15277
2026-09-18,SSE,551510,科债AAA,15352.61
2026-09-18,SSE,551520,科创债汇,22382.16
2026-09-18,SSE,551550,科创AAA,19336.82
2026-09-18,SSE,551560,科创债兴,17299.88
2026-09-18,SSE,551580,科创债TK,10777.68
2026-09-18,SSE,551800,国泰科债,11713.14
2026-09-18,SSE,551900,科创债指,14095.17
2026-09-18,SSE,560010,1000基金,189662.17
2026-09-18,SSE,560020,红利添富,13156.2
2026-09-18,SSE,560030,800价值,2143.2
2026-09-18,SSE,560050,MSCIA50,215243.44
2026-09-18,SSE,560060,碳中和基,7509
2026-09-18,SSE,560070,央企分红,8186.23
2026-09-18,SSE,560080,中药ETF,227276.5
2026-09-18,SSE,560090,证券指数,233236.5
2026-09-18,SSE,560100,增强ETF,7158.03
2026-09-18,SSE,560110,ZZ1000,35890.35
2026-09-18,SSE,560120,500现金,56968.9
2026-09-18,SSE,560130,食品基金,6677.62
2026-09-18,SSE,560150,红利TK,66327.93
2026-09-18,SSE,560160,食品E,10870.6
2026-09-18,SSE,560170,央企科技,42649.55
2026-09-18,SSE,560180,ESG300,1560.3
2026-09-18,SSE,560190,公用事业,2733.4
2026-09-18,SSE,560210,景顺农牧,48652.2
2026-09-18,SSE,560220,2000基金,6071.7
2026-09-18,SSE,560230,光伏富国,8588.9
2026-09-18,SSE,560250,红利质量,12733.3
2026-09-18,SSE,560260,医疗50,171466.47
2026-09-18,SSE,560270,电力指数,15843.9
2026-09-18,SSE,560280,工程机械,137475.2
2026-09-18,SSE,560290,景顺有色,38169.4
2026-09-18,SSE,560300,电信50,2680.34
2026-09-18,SSE,560310,光伏博时,18712.2
2026-09-18,SSE,560320,食品富国,10333.2
2026-09-18,SSE,560330,300价值E,1613
2026-09-18,SSE,560350,A50指数,81953.21
2026-09-18,SSE,560360,软件指数,22834.5
2026-09-18,SSE,560370,全指红利,21758.4
2026-09-18,SSE,560380,A100,13886.1
2026-09-18,SSE,560390,电网E,196925.8
2026-09-18,SSE,560400,证券华泰,17449.3
2026-09-18,SSE,560410,电池鹏华,6078.61
2026-09-18,SSE,560420,食品Q,12478.02
2026-09-18,SSE,560450,电力TH,24606.9
2026-09-18,SSE,560460,电力平安,27053.7
2026-09-18,SSE,560470,有色E,29834
2026-09-18,SSE,560480,中证电力,12630.3
2026-09-18,SSE,560490,华泰有色,10848.2
2026-09-18,SSE,560500,500质量,29733.9
2026-09-18,SSE,560510,中证A500,255202.69
2026-09-18,SSE,560520,红利大成,5675.1
2026-09-18,SSE,560530,A500ETF,396462.37
2026-09-18,SSE,560550,碳中和,12359.74
2026-09-18,SSE,560560,碳中和TK,7019.01
2026-09-18,SSE,560570,XDA500低,118454.12
2026-09-18,SSE,560580,电力指基,41100.3
2026-09-18,SSE,560590,1000鹏华,1671
2026-09-18,SSE,560610,A500指数,525198.84
2026-09-18,SSE,560620,公用WJ,2586.7
2026-09-18,SSE,560630,机器人WJ,14939.4
2026-09-18,SSE,560660,云50ETF,12493.8
2026-09-18,SSE,560670,中证银行,3397.4
2026-09-18,SSE,560680,龙头消费,33222.56
2026-09-18,SSE,560690,电信主题,1963.9
2026-09-18,SSE,560700,央红利50,44953.69
2026-09-18,SSE,560710,船舶ETF,167658
2026-09-18,SSE,560720,工银红利,9454.8
2026-09-18,SSE,560730,红利GTHT,6983.63
2026-09-18,SSE,560750,A500申万,7555.48
2026-09-18,SSE,560770,机器人ZS,165613.3
2026-09-18,SSE,560780,半导设备,1182448.8
2026-09-18,SSE,560790,软件服务,21745.59
2026-09-18,SSE,560800,数字ETF,29395.11
2026-09-18,SSE,560810,央企ESG,18011.6
2026-09-18,SSE,560820,A50新华,4092.6
2026-09-18,SSE,560830,电指数,66001.9
2026-09-18,SSE,560850,信创50,7116.4
2026-09-18,SSE,560860,工业有色,533123.3
2026-09-18,SSE,560870,中银有色,9135.19
2026-09-18,SSE,560880,家电基金,18773.2
2026-09-18,SSE,560900,创新药企,21196.91
2026-09-18,SSE,560910,中证电池,22472.1
2026-09-18,SSE,560920,招商机械,4537.33
2026-09-18,SSE,560930,电力E,19552.4
2026-09-18,SSE,560950,500增,1348.3
2026-09-18,SSE,560970,有色金属,6913.8
2026-09-18,SSE,560980,光伏龙头,33602.2
2026-09-18,SSE,560990,科技先锋,1618.71
2026-09-18,SSE,561000,300指增,4992
2026-09-18,SSE,561010,软件开发,29535.6
2026-09-18,SSE,561020,食品招商,2602.22
2026-09-18,SSE,561030,机械华泰,18255
2026-09-18,SSE,561050,稀金属E,23325
2026-09-18,SSE,561060,红利国企,4506.5
2026-09-18,SSE,561080,现金自由,2425
2026-09-18,SSE,561090,A500增,20997.4
2026-09-18,SSE,561100,电子龙头,58474.69
2026-09-18,SSE,561120,家电ETF,2815.99
2026-09-18,SSE,561130,国货ETF,8393.52
2026-09-18,SSE,561160,锂电池,228533.5
2026-09-18,SSE,561170,绿电50,50653.27
2026-09-18,SSE,561180,A100ETF,4960.96
2026-09-18,SSE,561190,双碳ETF,19331.8
2026-09-18,SSE,561200,A100基金,3147.05
2026-09-18,SSE,561220,国企数字,4605.3
2026-09-18,SSE,561230,A50,46047.78
2026-09-18,SSE,561250,稀金属PH,5975.22
2026-09-18,SSE,561260,能源ETF,2329.52
2026-09-18,SSE,561280,增强1000,7884.77
2026-09-18,SSE,561300,300增ETF,55096.5
2026-09-18,SSE,561310,消电ETF,10783.31
2026-09-18,SSE,561320,交运ETF,3536.9
2026-09-18,SSE,561330,矿业ETF,181839.21
2026-09-18,SSE,561350,国泰500,11870
2026-09-18,SSE,561360,石油ETF,126914.8
2026-09-18,SSE,561370,2000ETF,3235.6
2026-09-18,SSE,561380,电网ETF,615603.4
2026-09-18,SSE,561390,稀金属PA,8712.81
2026-09-18,SSE,561400,鑫元养殖,2551.9
2026-09-18,SSE,561410,光伏工银,19261.33
2026-09-18,SSE,561420,300现金,100623.7
2026-09-18,SSE,561430,全指质量,2972.32
2026-09-18,SSE,561450,华泰红利,7462.43
2026-09-18,SSE,561460,AITH,265852
2026-09-18,SSE,561470,畜牧TH,7893.6
2026-09-18,SSE,561490,红利财通,7763.13
2026-09-18,SSE,561500,漂亮50,5460.03
2026-09-18,SSE,561510,中医药,6520.6
2026-09-18,SSE,561530,银华银行,5733.4
2026-09-18,SSE,561550,500指增,138598.96
2026-09-18,SSE,561560,电力ETF,190962.42
2026-09-18,SSE,561570,油气基金,7114.7
2026-09-18,SSE,561580,央企红利,199387.07
2026-09-18,SSE,561590,1000增强,10149.96
2026-09-18,SSE,561600,消费电子,29254.8
2026-09-18,SSE,561610,鑫元绿电,16112.38
2026-09-18,SSE,561620,华泰化工,3172.7
2026-09-18,SSE,561630,华泰质量,4189.8
2026-09-18,SSE,561660,通航基金,6471
2026-09-18,SSE,561680,A500红低,5416.9
2026-09-18,SSE,561690,质量300,29788.06
2026-09-18,SSE,561700,电力基金,34581.36
2026-09-18,SSE,561730,中证A股,6674.81
2026-09-18,SSE,561750,A50博时,6149.6
2026-09-18,SSE,561760,油气博时,16069.5
2026-09-18,SSE,561770,指基A100,3555
2026-09-18,SSE,561780,1000指增,1735.58
2026-09-18,SSE,561790,现代能源,5513.4
2026-09-18,SSE,561800,稀金属,20807.72
2026-09-18,SSE,561810,华泰医疗,5263.84
2026-09-18,SSE,561830,有色GTHT,18357.11
2026-09-18,SSE,561870,现金流指,8876.5
2026-09-18,SSE,561880,A100指数,8438.9
2026-09-18,SSE,561890,A股E,3611.26
2026-09-18,SSE,561900,沪深ESG,2633.44
2026-09-18,SSE,561910,电池ETF,483607.66
2026-09-18,SSE,561920,疫苗龙头,5269.2
2026-09-18,SSE,561930,招商300,18726.06
2026-09-18,SSE,561950,500增强A,7215.6
2026-09-18,SSE,561960,央企回报,5578.52
2026-09-18,SSE,561980,芯片设备,835055
2026-09-18,SSE,561990,300增强,33164.92
2026-09-18,SSE,562000,中证A100,59273.79
2026-09-18,SSE,562010,绿色能源,1829.87
2026-09-18,SSE,562030,信创基金,15697.39
2026-09-18,SSE,562050,药ETF,11746.8
2026-09-18,SSE,562060,标普红利,508479.26
2026-09-18,SSE,562070,300ETF增,55554.2
2026-09-18,SSE,562080,自由现金,56875.72
2026-09-18,SSE,562110,东证云50,18848.13
2026-09-18,SSE,562150,红利PH,19956.75
2026-09-18,SSE,562170,300现金E,23059.22
2026-09-18,SSE,562180,红低A500,9215
2026-09-18,SSE,562300,低碳ETF,6249.5
2026-09-18,SSE,562310,300成长,41857.23
2026-09-18,SSE,562320,300价值A,5229.55
2026-09-18,SSE,562330,500价值,1201.89
2026-09-18,SSE,562340,500成长,814.43
2026-09-18,SSE,562350,电力,12441.09
2026-09-18,SSE,562360,机器人YH,30147.4
2026-09-18,SSE,562380,科技引领,7312.89
2026-09-18,SSE,562390,中药,8142.9
2026-09-18,SSE,562500,机器人,1836418.73
2026-09-18,SSE,562510,旅游ETF,115559.5
2026-09-18,SSE,562520,1000成长,2456.8
2026-09-18,SSE,562530,1000价值,14514.4
2026-09-18,SSE,562550,绿电ETF,142141.93
2026-09-18,SSE,562560,信息技术,2276.55
2026-09-18,SSE,562570,信创ETF,31428.1
2026-09-18,SSE,562580,可选消费,3922.33
2026-09-18,SSE,562590,半导材料,858198.9
2026-09-18,SSE,562600,医疗器械,44693.74
2026-09-18,SSE,562660,ZZ2000,34087.4
2026-09-18,SSE,562700,汽车零件,9775
2026-09-18,SSE,562800,稀有金属,583829.5
2026-09-18,SSE,562810,上证增强,4795.1
2026-09-18,SSE,562820,集成电路,44140.8
2026-09-18,SSE,562850,央企能源,17598.15
2026-09-18,SSE,562860,疫苗ETF,33289.5
2026-09-18,SSE,562870,证券全指,59150.52
2026-09-18,SSE,562880,电池基金,89239.96
2026-09-18,SSE,562890,A50中证,27355.1
2026-09-18,SSE,562900,现代农业,22270.63
2026-09-18,SSE,562910,高端制造,29722.73
2026-09-18,SSE,562920,信息安全,9406.9
2026-09-18,SSE,562930,软件30,171243.7
2026-09-18,SSE,562950,消电50,101825.83
2026-09-18,SSE,562960,绿色电力,116039.1
2026-09-18,SSE,562970,光伏E,37444.8
2026-09-18,SSE,562990,碳中和E,37775.6
2026-09-18,SSE,563000,中国A50,147345.11
2026-09-18,SSE,563010,电信ETF,11118.93
2026-09-18,SSE,563020,低波红利,1037791
2026-09-18,SSE,563030,增强500,12716.9
2026-09-18,SSE,563050,科技央企,15920.84
2026-09-18,SSE,563060,央企50,17852.7
2026-09-18,SSE,563080,中证A50E,107458.84
2026-09-18,SSE,563090,上50增强,5584.8
2026-09-18,SSE,563150,油气资源,3439.9
2026-09-18,SSE,563180,高股息,9542
2026-09-18,SSE,563200,2000指数,5145.88
2026-09-18,SSE,563210,专精特新,10606.7
2026-09-18,SSE,563220,A500富国,627501.37
2026-09-18,SSE,563230,卫星ETF,314123.7
2026-09-18,SSE,563280,A50增强,520.66
2026-09-18,SSE,563300,中证2000,390117.4
2026-09-18,SSE,563320,通用航空,21789.2
2026-09-18,SSE,563330,A股ETF,3596.06
2026-09-18,SSE,563350,中证A50,17599.76
2026-09-18,SSE,563360,A500基金,3073698.74
2026-09-18,SSE,563380,航空航天,79695
2026-09-18,SSE,563390,现金基金,214334.4
2026-09-18,SSE,563500,A500华宝,76595.87
2026-09-18,SSE,563510,A500红利,28353.7
2026-09-18,SSE,563520,300永赢,44806.5
2026-09-18,SSE,563530,卫星E,149274.8
2026-09-18,SSE,563550,增强A500,7655.9
2026-09-18,SSE,563560,科技成长,5776.9
2026-09-18,SSE,563570,金融科,10237.4
2026-09-18,SSE,563580,现金800,23964.8
2026-09-18,SSE,563590,红利A500,5994.44
2026-09-18,SSE,563600,A500增强,6648.3
2026-09-18,SSE,563620,现金流全,5104.9
2026-09-18,SSE,563630,A500指增,3794.71
2026-09-18,SSE,563650,A500中证,14090.9
2026-09-18,SSE,563660,A500银河,6608.52
2026-09-18,SSE,563670,金科基金,18598.7
2026-09-18,SSE,563680,现金流TF,10295.9
2026-09-18,SSE,563690,红利永赢,5688.2
2026-09-18,SSE,563700,红利价值,35015
2026-09-18,SSE,563750,500添富,36223.7
2026-09-18,SSE,563760,中银现金,71391.32
2026-09-18,SSE,563770,全指现金,2730.7
2026-09-18,SSE,563780,现金指数,23502.71
2026-09-18,SSE,563790,卫星产业,114544.7
2026-09-18,SSE,563800,A500龙头,900197.81
2026-09-18,SSE,563830,现金流基,12789.6
2026-09-18,SSE,563850,食品广发,10468.17
2026-09-18,SSE,563860,A500海富,18284.43
2026-09-18,SSE,563870,航空通用,10330.39
2026-09-18,SSE,563880,A500添富,150799.64
2026-09-18,SSE,563890,红利国有,1983.6
2026-09-18,SSE,563900,现金流,45896.57
2026-09-18,SSE,563930,上指增强,2559.2
2026-09-18,SSE,563960,300质量,35101.2
2026-09-18,SSE,563980,800红利,21696.7
2026-09-18,SSE,563990,800现金,29457.3
2026-09-18,SSE,588000,科创50,5499866.82
2026-09-18,SSE,588010,科创材料,102542.58
2026-09-18,SSE,588020,科创50E,221937.3
2026-09-18,SSE,588030,科创指基,227383.81
2026-09-18,SSE,588040,科创板指,13988.9
2026-09-18,SSE,588050,科创ETF,667324.13
2026-09-18,SSE,588060,上证科创,765714
2026-09-18,SSE,588070,科创万家,3643.7
2026-09-18,SSE,588080,科创板50,2595462.81
2026-09-18,SSE,588090,科创板,315607.28
2026-09-18,SSE,588100,科创信息,22974.62
2026-09-18,SSE,588110,科创成长,91903.2
2026-09-18,SSE,588120,科100ETF,89562.2
2026-09-18,SSE,588130,科创药,46758.26
2026-09-18,SSE,588140,科200GF,21475.1
2026-09-18,SSE,588150,科创龙头,39443.26
2026-09-18,SSE,588160,科创新材,89949.6
2026-09-18,SSE,588170,科创半导,4328744.7
2026-09-18,SSE,588180,科创50基,77335.37
2026-09-18,SSE,588190,科创100,135761.83
2026-09-18,SSE,588200,科创芯片,4293718.43
2026-09-18,SSE,588210,科创100E,24825.4
2026-09-18,SSE,588220,科创100F,372219.79
2026-09-18,SSE,588230,科创200,73193.9
2026-09-18,SSE,588240,科200,11063.3
2026-09-18,SSE,588250,KC医药,28367.5
2026-09-18,SSE,588260,科创技术,4674.6
2026-09-18,SSE,588270,科创200F,29241
2026-09-18,SSE,588280,科创五零,39612.1
2026-09-18,SSE,588290,芯片科创,464069.1
2026-09-18,SSE,588300,双创ETF,154321.05
2026-09-18,SSE,588310,双创基金,3063.75
2026-09-18,SSE,588320,双创增强,8982.46
2026-09-18,SSE,588330,双创龙头,120773.78
2026-09-18,SSE,588350,双创,65854.6
2026-09-18,SSE,588360,创创ETF,22188.18
2026-09-18,SSE,588370,科创策略,7577.2
2026-09-18,SSE,588380,创50ETF,297577
2026-09-18,SSE,588390,科创创业,15893.59
2026-09-18,SSE,588400,双创50,138360.06
2026-09-18,SSE,588410,双创AI,10925
2026-09-18,SSE,588420,AI双创,33164.8
2026-09-18,SSE,588430,科创创AI,9445.8
2026-09-18,SSE,588450,科创50增,6356.87
2026-09-18,SSE,588460,科创增强,66751.4
2026-09-18,SSE,588470,双创智能,27490.7
2026-09-18,SSE,588480,AI50双创,23371.7
2026-09-18,SSE,588500,科创100Z,4364.7
2026-09-18,SSE,588510,智能双创,30717.5
2026-09-18,SSE,588520,科创增,1295.7
2026-09-18,SSE,588530,AIBOCI,21463.33
2026-09-18,SSE,588550,科创增指,6329
2026-09-18,SSE,588660,双创五零,3834.4
2026-09-18,SSE,588670,科综增强,3979.2
2026-09-18,SSE,588680,科100增,3536.1
2026-09-18,SSE,588690,科综指增,4763.6
2026-09-18,SSE,588700,科创生物,46533.62
2026-09-18,SSE,588710,科半导体,1108888.5
2026-09-18,SSE,588720,中银科创,11224.18
2026-09-18,SSE,588730,科创AI,73539.63
2026-09-18,SSE,588750,科创芯50,297122.8
2026-09-18,SSE,588760,AI科创,249753.2
2026-09-18,SSE,588770,信息科创,30559.71
2026-09-18,SSE,588780,芯片设计,97990.2
2026-09-18,SSE,588790,科创智能,337938.4
2026-09-18,SSE,588800,科创100C,164737.7
2026-09-18,SSE,588810,科创板芯,172264.8
2026-09-18,SSE,588820,科创200E,14840
2026-09-18,SSE,588830,科创新能,69684.79
2026-09-18,SSE,588840,50科创,5823.6
2026-09-18,SSE,588850,科创机械,8277.9
2026-09-18,SSE,588860,科创医药,36088.94
2026-09-18,SSE,588870,科创50指,89355.2
2026-09-18,SSE,588880,科创指数,11136.8
2026-09-18,SSE,588890,科创芯,269343
2026-09-18,SSE,588900,科创100S,36178.3
2026-09-18,SSE,588910,科创价值,10004.91
2026-09-18,SSE,588920,KC芯片,30687.6
2026-09-18,SSE,588930,科创板AI,63132.9
2026-09-18,SSE,588940,科创富国,301484
2026-09-18,SSE,588950,景顺科创,70772.97
2026-09-18,SSE,588960,新能科创,15057.98
2026-09-18,SSE,588980,科创广发,1442
2026-09-18,SSE,588990,科芯片,19574.54
2026-09-18,SSE,589000,科创综指,106350.78
2026-09-18,SSE,589010,科创AI指,93879.3
2026-09-18,SSE,589020,KC半导体,426443.8
2026-09-18,SSE,589030,科芯设计,89807.7
2026-09-18,SSE,589050,科创E,5096.8
2026-09-18,SSE,589060,科综东财,7713.79
2026-09-18,SSE,589070,科芯TH,195929.3
2026-09-18,SSE,589080,科创综E,14806.1
2026-09-18,SSE,589090,KCAI,18943.1
2026-09-18,SSE,589100,国泰芯片,87544.25
2026-09-18,SSE,589110,科AI国泰,54941.3
2026-09-18,SSE,589120,创新药基,144462
2026-09-18,SSE,589130,科创芯易,327278
2026-09-18,SSE,589150,科创平安,84143.72
2026-09-18,SSE,589160,科芯片GF,26629.6
2026-09-18,SSE,589170,芯设计KC,14190.9
2026-09-18,SSE,589180,科创材基,13131.8
2026-09-18,SSE,589190,科创芯基,372156.2
2026-09-18,SSE,589200,科200E,2250.7
2026-09-18,SSE,589210,芯设计GF,132093.8
2026-09-18,SSE,589220,科200GT,31049.58
2026-09-18,SSE,589230,AI科创CS,25355.3
2026-09-18,SSE,589250,芯设计PY,7110.13
2026-09-18,SSE,589260,科创芯设,12715.6
2026-09-18,SSE,589270,科创100Q,2151.66
2026-09-18,SSE,589280,科综增指,13906.9
2026-09-18,SSE,589290,芯片主题,13584.89
2026-09-18,SSE,589300,科综嘉实,4158.25
2026-09-18,SSE,589310,科创人工,32249.18
2026-09-18,SSE,589320,科200JS,11105.3
2026-09-18,SSE,589330,科200DC,16590.2
2026-09-18,SSE,589350,科芯片指,22228.15
2026-09-18,SSE,589360,科创50GT,269317.4
2026-09-18,SSE,589380,AI科创指,10169.43
2026-09-18,SSE,589390,芯设计,131581.05
2026-09-18,SSE,589400,芯设计FG,29178.52
2026-09-18,SSE,589410,科创AIJS,56256.56
2026-09-18,SSE,589420,芯设计MW,36248.15
2026-09-18,SSE,589430,科芯片设,19284.99
2026-09-18,SSE,589460,科200HB,19063.09
2026-09-18,SSE,589500,科综工银,8006.4
2026-09-18,SSE,589510,科新材料,10258.69
2026-09-18,SSE,589520,AI科创板,86410.46
2026-09-18,SSE,589550,KC价值,2829.55
2026-09-18,SSE,589560,科创AITF,26235.5
2026-09-18,SSE,589580,科综价格,1435.48
2026-09-18,SSE,589600,富国科综,22553.5
2026-09-18,SSE,589630,科综国泰,34325.8
2026-09-18,SSE,589660,综指科创,26153
2026-09-18,SSE,589680,科创综Z,143994.37
2026-09-18,SSE,589700,成长科创,2829.1
2026-09-18,SSE,589720,科创新药,543882.3
2026-09-18,SSE,589770,科创全指,15356.92
2026-09-18,SSE,589780,科200FG,6621.5
2026-09-18,SSE,589800,科创综合,107998.82
2026-09-18,SSE,589820,科200F,12972.02
2026-09-18,SSE,589850,科创东财,80505.7
2026-09-18,SSE,589860,天弘科综,16222.4
2026-09-18,SSE,589880,科创综,47499.6
2026-09-18,SSE,589890,景顺科综,8498.7
2026-09-18,SSE,589900,博时科综,16890.82
2026-09-18,SSE,589950,科100FG,36087.3
2026-09-18,SSE,589960,科创新源,17331.6
2026-09-18,SSE,589980,科基100,12912.2
2026-09-18,SSE,589990,科创板综,10609
2026-09-18,SZSE,158000,港股通金融ETF鹏华,6392.58
2026-09-18,SZSE,158001,价值ETF嘉实,12039.26
2026-09-18,SZSE,158003,港股通医疗ETF嘉实,6765.43
2026-09-18,SZSE,158005,工程机械ETF博时,11906.13
2026-09-18,SZSE,158006,化工ETF博时,4304.60
2026-09-18,SZSE,158008,新能源电池ETF华夏,23741.31
2026-09-18,SZSE,158009,航空航天ETF南方,3037.38
2026-09-18,SZSE,158010,医疗ETF嘉实,36921.33
2026-09-18,SZSE,158011,创业板软件ETF国泰,5234.26
2026-09-18,SZSE,158012,云计算ETF南方,27482.55
2026-09-18,SZSE,158013,航空航天ETF易方达,5934.52
2026-09-18,SZSE,158017,化工ETF易方达,6659.45
2026-09-18,SZSE,158019,电池ETF永赢,27028.19
2026-09-18,SZSE,158022,创业板综增强ETF国联,14191.53
2026-09-18,SZSE,158023,红利低波ETF万家,55808.07
2026-09-18,SZSE,158027,工业互联网ETF易方达,18314.30
2026-09-18,SZSE,158028,稀有金属ETF招商,20218.77
2026-09-18,SZSE,158032,化工ETF景顺,23283.55
2026-09-18,SZSE,158038,粮食ETF富国,17706.00
2026-09-18,SZSE,158041,创业板算力ETF华夏,30839.25
2026-09-18,SZSE,158050,创业板算力ETF易方达,102144.74
2026-09-18,SZSE,158061,创业板算力ETF天弘,35006.64
2026-09-18,SZSE,159001,货币ETF易方达,3352.92
2026-09-18,SZSE,159003,招商快线ETF,213.50
2026-09-18,SZSE,159005,快钱ETF汇添富,131.49
2026-09-18,SZSE,159007,养殖ETF华泰柏瑞,18260.32
2026-09-18,SZSE,159008,证券ETF景顺,13178.45
2026-09-18,SZSE,159009,创业板新能源ETF易方达,15739.27
2026-09-18,SZSE,159010,港股通科技ETF博时,20409.76
2026-09-18,SZSE,159011,养殖ETF华安,2350.51
2026-09-18,SZSE,159012,科创创业50ETF鹏华,13488.11
2026-09-18,SZSE,159013,工业互联网ETF大成,4157.88
2026-09-18,SZSE,159015,恒生港股通科技ETF国联,11035.29
2026-09-18,SZSE,159016,证券ETF广发,34654.01
2026-09-18,SZSE,159017,石油ETF工银,15025.68
2026-09-18,SZSE,159018,石油ETF广发,2590.42
2026-09-18,SZSE,159019,石油ETF华宝,4232.77
2026-09-18,SZSE,159020,养殖ETF易方达,11356.70
2026-09-18,SZSE,159021,大盘价值ETF华夏,6090.77
2026-09-18,SZSE,159022,科创创业人工智能ETF富国,17163.09
2026-09-18,SZSE,159023,养殖ETF万家,3677.79
2026-09-18,SZSE,159025,家电ETF华安,5393.50
2026-09-18,SZSE,159026,石油ETF南方,4351.34
2026-09-18,SZSE,159027,畜牧养殖ETF大成,10447.22
2026-09-18,SZSE,159028,港股汽车ETF天弘,13344.90
2026-09-18,SZSE,159029,有色ETF广发,30312.77
2026-09-18,SZSE,159030,粮食ETF华夏,42996.81
2026-09-18,SZSE,159031,粮食ETF博时,52802.86
2026-09-18,SZSE,159032,工业有色ETF易方达,26284.50
2026-09-18,SZSE,159033,粮食ETF国泰,13732.34
2026-09-18,SZSE,159035,软件ETF天弘,66785.97
2026-09-18,SZSE,159036,软件开发ETF华宝,28274.01
2026-09-18,SZSE,159037,价值ETF鹏华,5924.98
2026-09-18,SZSE,159038,粮食ETF易方达,17502.69
2026-09-18,SZSE,159039,机器人ETF华安,117546.14
2026-09-18,SZSE,159040,港股通互联网ETF鹏华,2948.10
2026-09-18,SZSE,159041,农业ETF鹏华,3447.18
2026-09-18,SZSE,159042,价值ETF汇添富,8180.11
2026-09-18,SZSE,159043,食品ETF华安,6277.06
2026-09-18,SZSE,159045,稀有金属ETF大成,17833.02
2026-09-18,SZSE,159046,绿电ETF天弘,80047.68
2026-09-18,SZSE,159048,机器人ETF大成,19480.38
2026-09-18,SZSE,159049,有色ETF工银,3407.33
2026-09-18,SZSE,159050,机器人ETF广发,63670.36
2026-09-18,SZSE,159051,医疗器械ETF易方达,8411.78
2026-09-18,SZSE,159052,新能源电池ETF嘉实,19992.60
2026-09-18,SZSE,159053,稀有金属ETF华夏,16669.81
2026-09-18,SZSE,159055,稀有金属ETF富国,12929.39
2026-09-18,SZSE,159056,医疗器械ETF富国,5693.43
2026-09-18,SZSE,159057,医疗器械ETF鹏华,2471.53
2026-09-18,SZSE,159058,证券ETF大成,6933.12
2026-09-18,SZSE,159059,电力ETF大成,5183.00
2026-09-18,SZSE,159060,粮食ETF浦银,1748.34
2026-09-18,SZSE,159061,绿色电力ETF南方,20604.02
2026-09-18,SZSE,159062,稀有金属ETF南方,11870.12
2026-09-18,SZSE,159063,粮食ETF南方,5498.66
2026-09-18,SZSE,159065,工程机械ETF景顺,10735.08
2026-09-18,SZSE,159066,A股ETF建信,19873.30
2026-09-18,SZSE,159067,绿色电力ETF鹏华,1690.87
2026-09-18,SZSE,159068,软件ETF华夏,6033.65
2026-09-18,SZSE,159069,创业板新能源ETF华泰柏瑞,4277.04
2026-09-18,SZSE,159070,工程机械ETF嘉实,10036.68
2026-09-18,SZSE,159071,新能源电池ETF华宝,12191.17
2026-09-18,SZSE,159072,粮食ETF景顺,4928.51
2026-09-18,SZSE,159073,粮食ETF汇添富,6617.38
2026-09-18,SZSE,159075,工业互联网ETF华夏,17019.71
2026-09-18,SZSE,159076,创业板新能源ETF华宝,24837.30
2026-09-18,SZSE,159077,电池ETF鑫元,3324.25
2026-09-18,SZSE,159078,A股ETF富国,16726.24
2026-09-18,SZSE,159079,价值ETF兴全,7180.68
2026-09-18,SZSE,159082,化工ETF华夏,7553.12
2026-09-18,SZSE,159083,红利低波100ETF嘉实,12837.04
2026-09-18,SZSE,159085,价值ETF永赢,2953.54
2026-09-18,SZSE,159086,金融科技ETF广发,2839.98
2026-09-18,SZSE,159087,化工ETF万家,2899.21
2026-09-18,SZSE,159091,港股通金融ETF易方达,2337.41
2026-09-18,SZSE,159093,化工ETF汇添富,2668.14
2026-09-18,SZSE,159095,云计算ETF银华,21346.81
2026-09-18,SZSE,159096,价值ETF华夏,14063.13
2026-09-18,SZSE,159098,价值ETF招商,8389.15
2026-09-18,SZSE,159099,云计算ETF华宝,10361.05
2026-09-18,SZSE,159100,巴西ETF华夏,48204.69
2026-09-18,SZSE,159101,港股通科技ETF华夏,287331.14
2026-09-18,SZSE,159102,港股通生物科技ETF华安,61412.20
2026-09-18,SZSE,159103,金融科技ETF汇添富,32940.67
2026-09-18,SZSE,159105,恒生生物科技ETF易方达,17027.29
2026-09-18,SZSE,159106,民企300ETF前海开源,3957.94
2026-09-18,SZSE,159107,创业板软件ETF富国,75282.30
2026-09-18,SZSE,159108,工业软件ETF博时,11973.85
2026-09-18,SZSE,159109,恒生50ETF景顺,55816.38
2026-09-18,SZSE,159110,科创债ETF万家,2312.70
2026-09-18,SZSE,159111,科创债ETF天弘,14437.66
2026-09-18,SZSE,159112,科创债ETF银华,23868.78
2026-09-18,SZSE,159113,科创债ETF大成,9662.62
2026-09-18,SZSE,159115,科创债ETF华安,5354.34
2026-09-18,SZSE,159116,科创债ETF工银,11925.27
2026-09-18,SZSE,159117,港股通红利低波ETF鹏华,6040.11
2026-09-18,SZSE,159118,港股通红利低波ETF华夏,6767.70
2026-09-18,SZSE,159119,800现金流ETF招商,15405.42
2026-09-18,SZSE,159120,港股通科技ETF国联安,19702.44
2026-09-18,SZSE,159121,港股通汽车ETF易方达,15248.11
2026-09-18,SZSE,159122,创业板新能源ETF富国,6916.09
2026-09-18,SZSE,159123,光伏ETF嘉实,39704.70
2026-09-18,SZSE,159125,港股通科技ETF招商,84024.58
2026-09-18,SZSE,159126,港股通50ETF南方,22761.65
2026-09-18,SZSE,159127,港股通红利ETF南方,15134.42
2026-09-18,SZSE,159128,港股科技ETF天弘,190876.08
2026-09-18,SZSE,159129,化工ETF嘉实,112640.65
2026-09-18,SZSE,159130,恒生生物科技ETF鹏华,19538.94
2026-09-18,SZSE,159131,港股通信息技术ETF华宝,206791.99
2026-09-18,SZSE,159132,恒生生物科技ETF富国,11396.35
2026-09-18,SZSE,159133,化工ETF天弘,155091.33
2026-09-18,SZSE,159135,港股通科技ETF前海开源,61946.63
2026-09-18,SZSE,159136,A50ETF广发,10941.40
2026-09-18,SZSE,159137,港股通医疗ETF华宝,16563.26
2026-09-18,SZSE,159138,工程机械ETF易方达,29226.79
2026-09-18,SZSE,159139,科创创业人工智能ETF华泰柏瑞,16410.92
2026-09-18,SZSE,159140,科创创业人工智能ETF易方达,46593.68
2026-09-18,SZSE,159141,科创创业人工智能ETF永赢,145706.07
2026-09-18,SZSE,159142,科创创业人工智能ETF景顺,112526.01
2026-09-18,SZSE,159143,港股通央企红利ETF平安,4955.44
2026-09-18,SZSE,159145,工业软件ETF广发,7158.18
2026-09-18,SZSE,159146,电力ETF华宝,68444.08
2026-09-18,SZSE,159147,电池ETF南方,223290.95
2026-09-18,SZSE,159148,石油ETF富国,21546.66
2026-09-18,SZSE,159149,创业板新能源ETF工银,5851.52
2026-09-18,SZSE,159150,深证50ETF易方达,9799.76
2026-09-18,SZSE,159151,食品ETF华夏,18645.10
2026-09-18,SZSE,159152,港股通科技ETF平安,82855.60
2026-09-18,SZSE,159153,消费电子ETF鹏华,8672.59
2026-09-18,SZSE,159155,电池ETF大成,71951.32
2026-09-18,SZSE,159156,电池ETF万家,22946.12
2026-09-18,SZSE,159157,有色金属ETF天弘,809275.87
2026-09-18,SZSE,159158,电力ETF景顺,85403.53
2026-09-18,SZSE,159159,公用事业ETF国投瑞银,11381.85
2026-09-18,SZSE,159160,电池ETF东财,26181.92
2026-09-18,SZSE,159161,工程机械ETF东财,6833.12
2026-09-18,SZSE,159162,工业有色ETF鹏华,42493.98
2026-09-18,SZSE,159163,有色ETF泰康,26280.70
2026-09-18,SZSE,159165,养殖ETF永赢,10157.12
2026-09-18,SZSE,159166,现金流ETF长城,55281.60
2026-09-18,SZSE,159167,港股通医疗ETF工银,14954.91
2026-09-18,SZSE,159168,有色ETF富国,51845.50
2026-09-18,SZSE,159169,恒生生物科技ETF广发,12687.44
2026-09-18,SZSE,159170,港股通互联网ETF永赢,38763.83
2026-09-18,SZSE,159171,工业有色ETF博时,21953.29
2026-09-18,SZSE,159172,养殖ETF汇添富,38182.92
2026-09-18,SZSE,159173,农牧ETF南方,4645.53
2026-09-18,SZSE,159175,电池ETF易方达,50527.03
2026-09-18,SZSE,159176,家电ETF华宝,1930.33
2026-09-18,SZSE,159177,工程机械ETF鹏华,4561.92
2026-09-18,SZSE,159178,消费电子ETF汇添富,9543.29
2026-09-18,SZSE,159179,港股通互联网ETF工银,10290.35
2026-09-18,SZSE,159180,软件ETF银华,3315.59
2026-09-18,SZSE,159181,石油ETF易方达,13040.53
2026-09-18,SZSE,159182,家电ETF南方,3448.56
2026-09-18,SZSE,159183,新能源车ETF招商,5138.77
2026-09-18,SZSE,159185,港股通信息技术ETF鹏华,18409.90
2026-09-18,SZSE,159186,港股通汽车ETF鹏华,8886.92
2026-09-18,SZSE,159187,创业板新能源ETF景顺,6617.62
2026-09-18,SZSE,159188,红利100ETF景顺,6560.18
2026-09-18,SZSE,159189,石油ETF华夏,10708.31
2026-09-18,SZSE,159190,创业板新能源ETF天弘,7606.92
2026-09-18,SZSE,159191,港股通科技ETF易方达,6810.48
2026-09-18,SZSE,159192,家电ETF汇添富,1798.70
2026-09-18,SZSE,159193,新能源电池ETF银华,25508.03
2026-09-18,SZSE,159195,石油ETF华安,7349.01
2026-09-18,SZSE,159196,港股通信息技术ETF易方达,20353.03
2026-09-18,SZSE,159197,石油ETF招商,4138.82
2026-09-18,SZSE,159198,港股通信息技术ETF富国,8534.43
2026-09-18,SZSE,159199,石油ETF平安,6115.49
2026-09-18,SZSE,159200,科创债ETF富国,15384.26
2026-09-18,SZSE,159201,自由现金流ETF华夏,1315327.59
2026-09-18,SZSE,159202,恒生互联网ETF万家,124940.19
2026-09-18,SZSE,159203,大盘成长ETF博时,979.19
2026-09-18,SZSE,159205,创业板ETF东财,66305.60
2026-09-18,SZSE,159206,卫星ETF永赢,920895.33
2026-09-18,SZSE,159207,高股息ETF广发,232298.33
2026-09-18,SZSE,159208,航空航天ETF万家,29846.27
2026-09-18,SZSE,159209,红利质量ETF招商,231063.50
2026-09-18,SZSE,159210,港股通汽车ETF汇添富,4974.98
2026-09-18,SZSE,159211,深证100ETF富国,1968.32
2026-09-18,SZSE,159212,深100ETF南方,8120.43
2026-09-18,SZSE,159213,机器人ETF汇添富,48273.75
2026-09-18,SZSE,159215,A500ETF平安,95858.28
2026-09-18,SZSE,159216,深证100ETF大成,1104.82
2026-09-18,SZSE,159217,港股通创新药ETF工银,547215.75
2026-09-18,SZSE,159218,卫星ETF招商,196561.63
2026-09-18,SZSE,159219,深证100ETF融通,1038.80
2026-09-18,SZSE,159220,港股通红利低波ETF华宝,42156.95
2026-09-18,SZSE,159221,现金流ETF嘉实,106801.32
2026-09-18,SZSE,159222,自由现金流ETF易方达,170837.04
2026-09-18,SZSE,159223,现金流ETF永赢,17484.47
2026-09-18,SZSE,159225,现金流ETF银华,25974.48
2026-09-18,SZSE,159226,中证A500增强ETF国泰,8409.48
2026-09-18,SZSE,159227,航空航天ETF华夏,431691.11
2026-09-18,SZSE,159228,红利低波ETF长城,10321.26
2026-09-18,SZSE,159229,自由现金流ETF广发,13605.60
2026-09-18,SZSE,159230,通用航空ETF华夏,29830.42
2026-09-18,SZSE,159231,通用航空ETF华宝,32709.18
2026-09-18,SZSE,159232,自由现金流ETF南方,207094.85
2026-09-18,SZSE,159233,自由现金流ETF平安,61962.34
2026-09-18,SZSE,159235,中证现金流ETF大成,190472.95
2026-09-18,SZSE,159236,自由现金流ETF工银,3772.21
2026-09-18,SZSE,159237,港股汽车ETF工银,4233.42
2026-09-18,SZSE,159238,沪深300增强ETF景顺,5401.61
2026-09-18,SZSE,159239,港股通汽车ETF富国,11078.07
2026-09-18,SZSE,159240,A500增强ETF天弘,1761.97
2026-09-18,SZSE,159241,航空航天ETF天弘,128607.42
2026-09-18,SZSE,159242,创业板人工智能ETF大成,40527.85
2026-09-18,SZSE,159243,创业板人工智能ETF招商,13603.02
2026-09-18,SZSE,159245,港股通消费ETF富国,7211.32
2026-09-18,SZSE,159246,创业板人工智能ETF富国,314165.56
2026-09-18,SZSE,159247,创业板ETF汇添富,54198.49
2026-09-18,SZSE,159248,人工智能ETF万家,12609.56
2026-09-18,SZSE,159249,A500增强ETF工银,11119.19
2026-09-18,SZSE,159251,港股通科技ETF万家,24378.77
2026-09-18,SZSE,159253,银行ETF博时,48140.49
2026-09-18,SZSE,159255,通用航空ETF易方达,6533.88
2026-09-18,SZSE,159256,创业板软件ETF华夏,57718.37
2026-09-18,SZSE,159257,航空ETF汇添富,14641.69
2026-09-18,SZSE,159258,机器人ETF南方,133176.56
2026-09-18,SZSE,159259,成长ETF易方达,696169.64
2026-09-18,SZSE,159260,证券ETF博时,103521.35
2026-09-18,SZSE,159261,创业板新能源ETF鹏华,4981.49
2026-09-18,SZSE,159262,港股通科技ETF广发,554572.04
2026-09-18,SZSE,159263,价值ETF易方达,751110.51
2026-09-18,SZSE,159265,港股消费ETF鹏华,17895.08
2026-09-18,SZSE,159266,港股央企红利ETF永赢,33571.00
2026-09-18,SZSE,159267,航天ETF华安,247450.61
2026-09-18,SZSE,159268,港股通消费ETF汇添富,38905.50
2026-09-18,SZSE,159269,港股通科技ETF南方,146631.17
2026-09-18,SZSE,159270,创业板200ETF南方,9076.36
2026-09-18,SZSE,159271,恒生ETF鹏华,23238.67
2026-09-18,SZSE,159272,机器人ETF富国,369216.46
2026-09-18,SZSE,159273,云计算ETF汇添富,70577.75
2026-09-18,SZSE,159275,农牧渔ETF华宝,25030.29
2026-09-18,SZSE,159276,现金流ETF汇添富,54969.66
2026-09-18,SZSE,159277,港股通红利ETF富国,3255.70
2026-09-18,SZSE,159278,机器人ETF鹏华,199954.58
2026-09-18,SZSE,159279,创业板人工智能ETF华安,14138.75
2026-09-18,SZSE,159280,港股通互联网ETF汇添富,10771.71
2026-09-18,SZSE,159281,港股央企红利ETF天弘,23923.30
2026-09-18,SZSE,159283,通用航空ETF南方,28643.79
2026-09-18,SZSE,159285,港股通消费ETF华安,24748.66
2026-09-18,SZSE,159286,港股通创新药ETF鹏华,71278.54
2026-09-18,SZSE,159287,创业板综ETF博时,10956.87
2026-09-18,SZSE,159288,创业板综ETF银华,9217.49
2026-09-18,SZSE,159289,创业板综指ETF鹏华,3390.26
2026-09-18,SZSE,159290,创业板综指增强ETF东财,4210.03
2026-09-18,SZSE,159291,创业板综增强ETF招商,1745.73
2026-09-18,SZSE,159292,创业板综增强ETF华宝,17818.95
2026-09-18,SZSE,159293,创业板综增强ETF建信,2315.93
2026-09-18,SZSE,159295,创业综指ETF西部利得,8295.82
2026-09-18,SZSE,159296,A500红利低波ETF华宝,3404.29
2026-09-18,SZSE,159297,港股通创新药ETF南方,338841.86
2026-09-18,SZSE,159298,创业板50ETF大成,16528.10
2026-09-18,SZSE,159299,金融科技ETF易方达,66847.29
2026-09-18,SZSE,159300,沪深300ETF富国,34925.80
2026-09-18,SZSE,159301,公用事业ETF华夏,11945.83
2026-09-18,SZSE,159302,港股高股息ETF银华,4829.76
2026-09-18,SZSE,159303,恒生医疗ETF大成,7199.16
2026-09-18,SZSE,159305,储能电池ETF广发,118264.03
2026-09-18,SZSE,159306,汽车零部件ETF平安,2124.46
2026-09-18,SZSE,159307,红利低波100ETF博时,681390.35
2026-09-18,SZSE,159309,油气ETF汇添富,81237.17
2026-09-18,SZSE,159310,芯片ETF天弘,50298.10
2026-09-18,SZSE,159311,数字经济ETF易方达,3738.39
2026-09-18,SZSE,159312,恒指港股通ETF广发,3222.43
2026-09-18,SZSE,159315,黄金股ETF工银,18358.96
2026-09-18,SZSE,159316,港股通创新药ETF易方达,531033.61
2026-09-18,SZSE,159318,恒指港股通ETF银华,1360.16
2026-09-18,SZSE,159320,电网设备ETF广发,167023.55
2026-09-18,SZSE,159321,黄金股ETF华安,44890.03
2026-09-18,SZSE,159322,黄金股ETF平安,11741.16
2026-09-18,SZSE,159323,港股通汽车ETF华夏,12509.73
2026-09-18,SZSE,159325,半导体ETF南方,104892.10
2026-09-18,SZSE,159326,电网设备ETF华夏,1122526.55
2026-09-18,SZSE,159327,半导体设备ETF万家,272557.40
2026-09-18,SZSE,159328,家电ETF易方达,22455.67
2026-09-21,SSE,510010,治理ETF,13152.44
2026-09-21,SSE,510020,超大ETF,3584.8
2026-09-21,SSE,510030,价值ETF,13822.98
2026-09-21,SSE,510040,上证180E,2648
2026-09-21,SSE,510050,50ETF,768936.68
2026-09-21,SSE,510060,央企ETF,3495.92
2026-09-21,SSE,510090,ESG建信,2458.11
2026-09-21,SSE,510100,SZ50ETF,99140.68
2026-09-21,SSE,510130,中盘ETF,3148.51
2026-09-21,SSE,510140,上证指,7723.05
2026-09-21,SSE,510150,消费ETF,280117.86
2026-09-21,SSE,510160,产业升级,18205.74
2026-09-21,SSE,510170,商品ETF,31091.48
2026-09-21,SSE,510180,180ETF,442405.77
2026-09-21,SSE,510190,上证50基,2365.08
2026-09-21,SSE,510200,上证券商,14588.55
2026-09-21,SSE,510210,综指ETF,1348419.26
2026-09-21,SSE,510230,金融ETF,68580.8
2026-09-21,SSE,510270,国企ETF,1583.21
2026-09-21,SSE,510290,380ETF,5444.89
2026-09-21,SSE,510300,300ETF,2371368.77
2026-09-21,SSE,510310,HS300ETF,1137664.4
2026-09-21,SSE,510320,300中金,63706.85
2026-09-21,SSE,510330,华夏300,831894.98
2026-09-21,SSE,510350,工银300,67871.47
2026-09-21,SSE,510360,广发300,183538.12
2026-09-21,SSE,510370,兴业300,8725.81
2026-09-21,SSE,510380,国寿300,140180.24
2026-09-21,SSE,510390,平安300,13745
2026-09-21,SSE,510410,资源ETF,44025.84
2026-09-21,SSE,510500,500ETF,560696.86
2026-09-21,SSE,510510,广发500,84703.83
2026-09-21,SSE,510530,工银500,4747.94
2026-09-21,SSE,510550,方正500,2374.33
2026-09-21,SSE,510560,国寿500,5231.87
2026-09-21,SSE,510570,兴业500,4806.06
2026-09-21,SSE,510580,ZZ500ETF,116056.83
2026-09-21,SSE,510590,平安500,11478.61
2026-09-21,SSE,510600,沪50ETF,1301.51
2026-09-21,SSE,510630,消费30,53336.15
2026-09-21,SSE,510650,金融行业,1295.25
2026-09-21,SSE,510660,医药行业,4987.97
2026-09-21,SSE,510670,180指,17549.3
2026-09-21,SSE,510680,万家50,2112.47
2026-09-21,SSE,510710,上50ETF,10791.89
2026-09-21,SSE,510720,红利国泰,177576.6
2026-09-21,SSE,510760,上证ETF,331750.37
2026-09-21,SSE,510770,G60创新,2011.07
2026-09-21,SSE,510800,上证50,17857.6
2026-09-21,SSE,510810,上海国企,574699.37
2026-09-21,SSE,510850,工银上50,4849.89
2026-09-21,SSE,510880,红利ETF,563867.57
2026-09-21,SSE,510900,恒生中国,319702.19
2026-09-21,SSE,510910,上证指CS,15979.6
2026-09-21,SSE,510950,上证广发,12802.08
2026-09-21,SSE,510980,上证综合,61779.8
2026-09-21,SSE,510990,ESG180,3894.86
2026-09-21,SSE,511010,国债ETF,5312.63
2026-09-21,SSE,511020,活跃国债,3910.75
2026-09-21,SSE,511030,公司债,40373.07
2026-09-21,SSE,511060,5年地债,2134.63
2026-09-21,SSE,511070,沪公司债,32650.1
2026-09-21,SSE,511090,30年国债,31602.81
2026-09-21,SSE,511100,基准国债,9908.05
2026-09-21,SSE,511110,公司债易,36819.96
2026-09-21,SSE,511120,科创债基,14542.06
2026-09-21,SSE,511130,国债30年,20909.97
2026-09-21,SSE,511150,科债永赢,11359.09
2026-09-21,SSE,511160,国债东财,2280.09
2026-09-21,SSE,511180,上证转债,94395.97
2026-09-21,SSE,511190,信用债,18093.43
2026-09-21,SSE,511200,信用债基,28558.75
2026-09-21,SSE,511220,城投ETF,532128.14
2026-09-21,SSE,511260,十年国债,18188.65
2026-09-21,SSE,511270,10年地债,9454.75
2026-09-21,SSE,511360,短融ETF,74505.46
2026-09-21,SSE,511380,转债ETF,467968.67
2026-09-21,SSE,511520,政金债,40258.65
2026-09-21,SSE,511580,国债政金,7582.68
2026-09-21,SSE,512000,券商ETF,7138863.54
2026-09-21,SSE,512010,医药ETF,3919869.49
2026-09-21,SSE,512020,A500,110001.27
2026-09-21,SSE,512030,A50增,4324
2026-09-21,SSE,512040,国信价值,464971.59
2026-09-21,SSE,512050,A500E,1593199.22
2026-09-21,SSE,512060,A100指基,892.8
2026-09-21,SSE,512070,证券保险,1668447.97
2026-09-21,SSE,512080,A500中金,77918.61
2026-09-21,SSE,512090,MSCI易基,30959.23
2026-09-21,SSE,512100,1000ETF,629921.76
2026-09-21,SSE,512120,医药50,76424.19
2026-09-21,SSE,512130,现金全指,1189.5
2026-09-21,SSE,512140,电力事业,13104.9
2026-09-21,SSE,512150,A50ETF,1907.34
2026-09-21,SSE,512160,MSCI基金,11977.78
2026-09-21,SSE,512170,医疗ETF,7075282.05
2026-09-21,SSE,512180,建信MSCI,4804.8
2026-09-21,SSE,512190,之江凤凰,22321.84
2026-09-21,SSE,512200,地产ETF,325134.79
2026-09-21,SSE,512220,TMTETF,21446.76
2026-09-21,SSE,512240,A50龙头,2318.6
2026-09-21,SSE,512250,A50指数E,11960.01
2026-09-21,SSE,512260,500低波,2049.77
2026-09-21,SSE,512290,生物医药,317582.07
2026-09-21,SSE,512330,信息ETF,35518.8
2026-09-21,SSE,512360,MSCI国际,2733.77
2026-09-21,SSE,512370,A500增指,29931.3
2026-09-21,SSE,512380,MSCI中国,7280.56
2026-09-21,SSE,512390,MSCI低波,968.2
2026-09-21,SSE,512400,有色ETF,1421253.9
2026-09-21,SSE,512410,银行广发,4197.17
2026-09-21,SSE,512420,机械华安,7123.89
2026-09-21,SSE,512430,家电家居,3872
2026-09-21,SSE,512450,广发养殖,9836.7
2026-09-21,SSE,512460,电池主题,31182.3
2026-09-21,SSE,512480,半导体,1964600.72
2026-09-21,SSE,512500,中证500,184080.88
2026-09-21,SSE,512510,ETF500,43192.98
2026-09-21,SSE,512520,MSCIETF,4205.64
2026-09-21,SSE,512530,300红利,9250.2
2026-09-21,SSE,512550,A50基金,10890.6
2026-09-21,SSE,512560,中证军工,91012.7
2026-09-21,SSE,512570,中证证券,404080.61
2026-09-21,SSE,512580,环保ETF,53847.17
2026-09-21,SSE,512600,必选消费,169215.61
2026-09-21,SSE,512620,农业TH,133866.6
2026-09-21,SSE,512630,卫星基金,156142.6
2026-09-21,SSE,512640,金融地产,2074.09
2026-09-21,SSE,512650,长三角,3494.16
2026-09-21,SSE,512660,军工ETF,684108
2026-09-21,SSE,512670,国防ETF,208165.26
2026-09-21,SSE,512680,军工基金,305933.01
2026-09-21,SSE,512690,酒ETF,3213115.02
2026-09-21,SSE,512700,银行基金,69108.1
2026-09-21,SSE,512710,军工龙头,1118265.84
2026-09-21,SSE,512720,计算机,35345.34
2026-09-21,SSE,512730,银行FUND,4958.39
2026-09-21,SSE,512740,车零件GF,11189.84
2026-09-21,SSE,512750,基本面50,4565.49
2026-09-21,SSE,512760,芯片ETF,983344.55
2026-09-21,SSE,512770,战略新兴,9826.78
2026-09-21,SSE,512800,银行ETF,1168407.99
2026-09-21,SSE,512810,国防军工,95758.35
2026-09-21,SSE,512820,银行股基,40780.19
2026-09-21,SSE,512870,杭州湾区,2241.06
2026-09-21,SSE,512880,证券ETF,5660229.15
2026-09-21,SSE,512890,红利低波,2594211.08
2026-09-21,SSE,512900,证券基金,741140.6
2026-09-21,SSE,512910,100ETF,12962.88
2026-09-21,SSE,512930,AIETF,472852.13
2026-09-21,SSE,512940,有色矿业,215170.5
2026-09-21,SSE,512950,央企改革,404455.1
2026-09-21,SSE,512960,央调ETF,385365.73
2026-09-21,SSE,512970,湾区ETF,598.76
2026-09-21,SSE,512980,传媒ETF,517642.44
2026-09-21,SSE,512990,MSCIA股,9901.54
2026-09-21,SSE,513000,225ETF,106741.14
2026-09-21,SSE,513010,港股科技,4479630.7
2026-09-21,SSE,513020,科技HK,231514.54
2026-09-21,SSE,513030,德国ETF,103177.9
2026-09-21,SSE,513040,HK互联网,663584.13
2026-09-21,SSE,513050,中概互联,3475543.27
2026-09-21,SSE,513060,恒生医疗,834789.33
2026-09-21,SSE,513070,HK消费50,130876.08
2026-09-21,SSE,513080,法国ETF,67491.6
2026-09-21,SSE,513090,香港证券,995648.8
2026-09-21,SSE,513100,纳指ETF,955211.06
2026-09-21,SSE,513110,纳指100,221543.5
2026-09-21,SSE,513120,HK创新药,1704013.54
2026-09-21,SSE,513130,恒生科技,6076634.7
2026-09-21,SSE,513140,港股金融,7836.8
2026-09-21,SSE,513150,港科技50,10055.98
2026-09-21,SSE,513160,科技30,306418.93
2026-09-21,SSE,513170,恒生央企,15557.3
2026-09-21,SSE,513180,恒指科技,7126375.95
2026-09-21,SSE,513190,H股金融,109193.6
2026-09-21,SSE,513200,港股医药,83128.21
2026-09-21,SSE,513210,恒生E,3994.2
2026-09-21,SSE,513220,互联网30,53110.94
2026-09-21,SSE,513230,H股消费,32942.27
2026-09-21,SSE,513240,港信息,10449.6
2026-09-21,SSE,513260,恒科技,495024.3
2026-09-21,SSE,513280,恒生生物,33611.45
2026-09-21,SSE,513290,纳指生物,106807.21
2026-09-21,SSE,513300,纳斯达克,544567.1
2026-09-21,SSE,513310,中韩芯片,251142.7
2026-09-21,SSE,513320,HK新经济,9101.06
2026-09-21,SSE,513330,恒生互联,7490148
2026-09-21,SSE,513350,油气ETF,85774.6
2026-09-21,SSE,513360,教育ETF,61771.39
2026-09-21,SSE,513380,科技恒生,1811678.49
2026-09-21,SSE,513390,纳指基金,216237.91
2026-09-21,SSE,513400,道琼斯,303206.2
2026-09-21,SSE,513500,标普500,1028363.86
2026-09-21,SSE,513520,日经ETF,108388.72
2026-09-21,SSE,513530,港股红利,329793.87
2026-09-21,SSE,513550,港股通50,160399.2
2026-09-21,SSE,513560,香港科技,53138.6
2026-09-21,SSE,513580,HS科技,605511.8
2026-09-21,SSE,513590,香港消费,13051.89
2026-09-21,SSE,513600,恒指ETF,57982.95
2026-09-21,SSE,513620,港医疗指,5521.6
2026-09-21,SSE,513630,香港红利,719535.9
2026-09-21,SSE,513650,标普ETF,439173.4
2026-09-21,SSE,513660,恒生通,176400.02
2026-09-21,SSE,513690,港红利股,310347.99
2026-09-21,SSE,513700,香港医药,76784.6
2026-09-21,SSE,513720,香港互联,25085.9
2026-09-21,SSE,513730,东南亚,78735.5
2026-09-21,SSE,513750,港股非银,776033.8
2026-09-21,SSE,513770,港股互联,1435513.79
2026-09-21,SSE,513780,港股新药,174715.7
2026-09-21,SSE,513800,东证ETF,104624.44
2026-09-21,SSE,513810,港股国企,4399.2
2026-09-21,SSE,513820,港股分红,169066.9
2026-09-21,SSE,513830,红利港股,5231.1
2026-09-21,SSE,513850,美国50,131489.26
2026-09-21,SSE,513860,HKC科技,256847.06
2026-09-21,SSE,513870,纳指指数,142667.1
2026-09-21,SSE,513880,日经225,132697
2026-09-21,SSE,513890,HK科技,89112.8
2026-09-21,SSE,513900,港股100,8997.8
2026-09-21,SSE,513910,红利央企,191527.6
2026-09-21,SSE,513920,央企40,236223.1
2026-09-21,SSE,513930,香港生科,8090.8
2026-09-21,SSE,513950,恒生红利,235811.9
2026-09-21,SSE,513970,恒生消费,140504.1
2026-09-21,SSE,513980,科技港股,1629020.4
2026-09-21,SSE,513990,港股通综,4300
2026-09-21,SSE,515000,科技ETF,321057.93
2026-09-21,SSE,515010,华夏证券,209477.16
2026-09-21,SSE,515020,银行指数,38334.53
2026-09-21,SSE,515030,新汽车,144938.4
2026-09-21,SSE,515040,工业金属,5431.96
2026-09-21,SSE,515050,5GETF,1798120.54
2026-09-21,SSE,515060,华夏地产,97347.81
2026-09-21,SSE,515070,AI智能,750094.04
2026-09-21,SSE,515080,中证红利,717314.89
2026-09-21,SSE,515090,可持续,880.17
2026-09-21,SSE,515100,红利100,366919.15
2026-09-21,SSE,515110,国企方达,21229.5
2026-09-21,SSE,515120,创新药,1698899.36
2026-09-21,SSE,515130,HS300E,9746.32
2026-09-21,SSE,515150,国企富国,39770.32
2026-09-21,SSE,515160,MSCI招商,24395.51
2026-09-21,SSE,515170,食品饮料,860275.79
2026-09-21,SSE,515180,100红利,1263163.7
2026-09-21,SSE,515190,BOCI500,29546.61
2026-09-21,SSE,515200,创新100,3894.32
2026-09-21,SSE,515210,钢铁ETF,93072.61
2026-09-21,SSE,515220,煤炭ETF,794717.69
2026-09-21,SSE,515230,软件ETF,801169.09
2026-09-21,SSE,515250,智能汽车,33794.45
2026-09-21,SSE,515260,电子ETF,86456.84
2026-09-21,SSE,515290,银行,244037.29
2026-09-21,SSE,515300,红利300,269317.52
2026-09-21,SSE,515310,添富300,32861.12
2026-09-21,SSE,515320,电子50,8830.9
2026-09-21,SSE,515330,天弘300,615570.95
2026-09-21,SSE,515350,民生300,1169.92
2026-09-21,SSE,515360,方正300,3727.93
2026-09-21,SSE,515370,中证光伏,97771.3
2026-09-21,SSE,515380,泰康300,65979.98
2026-09-21,SSE,515390,HS300,194668.3
2026-09-21,SSE,515400,大数据,171163.14
2026-09-21,SSE,515440,A股南方,12117.93
2026-09-21,SSE,515450,红利50,1453433.5
2026-09-21,SSE,515460,质量红利,27309.1
2026-09-21,SSE,515480,红利一百,2434.07
2026-09-21,SSE,515530,泰康500,1384.27
2026-09-21,SSE,515550,国联500,2034.57
2026-09-21,SSE,515560,证券E,19188.33
2026-09-21,SSE,515580,中证科技,30203.14
2026-09-21,SSE,515590,500ETFEW,3411.37
2026-09-21,SSE,515600,央企创新,103579.74
2026-09-21,SSE,515630,保险证券,93871.77
2026-09-21,SSE,515640,家电指数,2155
2026-09-21,SSE,515650,消费50,309918.4
2026-09-21,SSE,515660,沪深300E,43449.42
2026-09-21,SSE,515680,创新央企,109626.47
2026-09-21,SSE,515700,新能车,58051.02
2026-09-21,SSE,515710,食品ETF,233509.98
2026-09-21,SSE,515720,金科富国,44461.1
2026-09-21,SSE,515730,家居家电,4089.2
2026-09-21,SSE,515750,科技50,26414.05
2026-09-21,SSE,515760,浙江国资,9488.81
2026-09-21,SSE,515770,MSCIAETF,3972.73
2026-09-21,SSE,515790,光伏ETF,594749.4
2026-09-21,SSE,515800,800ETF,376393.72
2026-09-21,SSE,515810,ZZ800ETF,27590.88
2026-09-21,SSE,515840,食品南方,3042.64
2026-09-21,SSE,515850,证券龙头,65129.1
2026-09-21,SSE,515860,科技100,10287.89
2026-09-21,SSE,515880,通信ETF,6458577.4
2026-09-21,SSE,515890,红利博时,38344.39
2026-09-21,SSE,515900,央创ETF,222184.65
2026-09-21,SSE,515910,质量ETF,22150.7
2026-09-21,SSE,515920,智能消费,5990.57
2026-09-21,SSE,515940,电网南方,10841.23
2026-09-21,SSE,515950,医药龙头,53520.06
2026-09-21,SSE,515960,医药100,23999.19
2026-09-21,SSE,515970,华夏机械,44008.8
2026-09-21,SSE,515980,人工智能,610112.9
2026-09-21,SSE,515990,添富国企,5335.02
2026-09-21,SSE,516000,数据ETF,43085.5
2026-09-21,SSE,516010,游戏ETF,237369.3
2026-09-21,SSE,516020,化工ETF,352932.62
2026-09-21,SSE,516040,现金300,13951.66
2026-09-21,SSE,516050,科技龙头,15822.8
2026-09-21,SSE,516060,新药ETF,29923.74
2026-09-21,SSE,516070,碳中和50,29864.6
2026-09-21,SSE,516080,创新医药,503955.48
2026-09-21,SSE,516090,新能源E,170084.48
2026-09-21,SSE,516100,科技金融,115675.97
2026-09-21,SSE,516110,汽车ETF,24262.31
2026-09-21,SSE,516120,化工50,475708.2
2026-09-21,SSE,516130,消费龙头,156789
2026-09-21,SSE,516150,稀土基金,376207.7
2026-09-21,SSE,516160,新能源,153164.2
2026-09-21,SSE,516180,光伏产业,15298.7
2026-09-21,SSE,516190,文娱ETF,11281.85
2026-09-21,SSE,516200,证券行业,45060.4
2026-09-21,SSE,516210,银行股,6973.1
2026-09-21,SSE,516220,化工龙头,25417
2026-09-21,SSE,516230,光伏招商,75492.1
2026-09-21,SSE,516250,富国机械,6087.8
2026-09-21,SSE,516260,物联网50,4588.26
2026-09-21,SSE,516270,新能源50,33290.9
2026-09-21,SSE,516290,光伏基金,74919.69
2026-09-21,SSE,516300,中证1000,3901.26
2026-09-21,SSE,516310,银行指基,165085.85
2026-09-21,SSE,516320,装备ETF,8858.93
2026-09-21,SSE,516330,物联网,727.13
2026-09-21,SSE,516350,芯片50,133441.53
2026-09-21,SSE,516360,新材料,6155.18
2026-09-21,SSE,516370,全指电力,27440.8
2026-09-21,SSE,516380,智能电车,8844.93
2026-09-21,SSE,516390,电动车,18876.1
2026-09-21,SSE,516440,南方机械,12662.66
2026-09-21,SSE,516460,现金流E,41969.3
2026-09-21,SSE,516500,生物ETF,20393.72
2026-09-21,SSE,516510,云计算,151489
2026-09-21,SSE,516520,智能驾驶,76176.55
2026-09-21,SSE,516530,物流快递,1680.23
2026-09-21,SSE,516550,农业ETF,26441.44
2026-09-21,SSE,516560,养老ETF,21525.8
2026-09-21,SSE,516570,石化ETF,114035.76
2026-09-21,SSE,516580,新能源BS,14812.41
2026-09-21,SSE,516590,电动汽车,5201.5
2026-09-21,SSE,516600,消服ETF,11033.21
2026-09-21,SSE,516610,医服ETF,22797.48
2026-09-21,SSE,516620,影视ETF,21326.75
2026-09-21,SSE,516630,云计算50,44615.6
2026-09-21,SSE,516640,芯片龙头,130848.28
2026-09-21,SSE,516650,有色50,529846.48
2026-09-21,SSE,516660,新能汽车,15768.9
2026-09-21,SSE,516670,畜牧养殖,333826.63
2026-09-21,SSE,516700,数据产业,17862.2
2026-09-21,SSE,516710,新材料50,7427.2
2026-09-21,SSE,516720,ESGETF,783.78
2026-09-21,SSE,516730,证券公司,22638.08
2026-09-21,SSE,516750,建材ETF,13866.73
2026-09-21,SSE,516760,养殖ETF,28821.51
2026-09-21,SSE,516770,游戏动漫,24104.8
2026-09-21,SSE,516780,稀土ETF,232709.97
2026-09-21,SSE,516790,保健ETF,18268.22
2026-09-21,SSE,516800,智能制造,18230.8
2026-09-21,SSE,516810,农业,54447.89
2026-09-21,SSE,516820,医疗创新,460841.52
2026-09-21,SSE,516830,300ESG,8967.69
2026-09-21,SSE,516840,汽车基金,12927.7
2026-09-21,SSE,516850,新能源80,14523.7
2026-09-21,SSE,516860,金融科技,120352.2
2026-09-21,SSE,516880,光伏50,91394.41
2026-09-21,SSE,516890,新材ETF,3531.14
2026-09-21,SSE,516900,食品50,28022.9
2026-09-21,SSE,516910,物流ETF,6314.18
2026-09-21,SSE,516920,芯片基金,48946.3
2026-09-21,SSE,516930,生科ETF,10913.96
2026-09-21,SSE,516950,基建ETF,10882.1
2026-09-21,SSE,516960,机械ETF,1605.11
2026-09-21,SSE,516970,基建50,109304.25
2026-09-21,SSE,516980,证券先锋,5451.6
2026-09-21,SSE,517000,沪港深,12279.3
2026-09-21,SSE,517010,HGS500E,8114.42
2026-09-21,SSE,517030,HGS300,8404.03
2026-09-21,SSE,517050,互联网50,34760.5
2026-09-21,SSE,517080,HGS500,16916.6
2026-09-21,SSE,517090,共赢ETF,8207.5
2026-09-21,SSE,517100,AH500ETF,14360.21
2026-09-21,SSE,517110,创新药HK,124009.85
2026-09-21,SSE,517120,创新药50,51296.64
2026-09-21,SSE,517130,云计算JS,18615.4
2026-09-21,SSE,517160,长江ETF,182677.75
2026-09-21,SSE,517170,沪港深E,1613.18
2026-09-21,SSE,517180,中国国企,8349.63
2026-09-21,SSE,517200,互联网,14478.2
2026-09-21,SSE,517230,云计算MW,14454.58
2026-09-21,SSE,517300,AH300ETF,100243.45
2026-09-21,SSE,517330,长江保护,180916.9
2026-09-21,SSE,517350,龙头科技,4604.2
2026-09-21,SSE,517360,AH科技,2358.3
2026-09-21,SSE,517380,创新药AH,285432.63
2026-09-21,SSE,517390,云计算AH,12811.26
2026-09-21,SSE,517400,黄金股票,101179.2
2026-09-21,SSE,517520,黄金股,702790.4
2026-09-21,SSE,517550,消费主题,8041.74
2026-09-21,SSE,517660,物联网AH,3988.07
2026-09-21,SSE,517770,游戏传媒,19094.78
2026-09-21,SSE,517800,AI50,21153.97
2026-09-21,SSE,517850,张江ETF,3818.52
2026-09-21,SSE,517880,品牌消费,4933.71
2026-09-21,SSE,517900,银行优选,39299.35
2026-09-21,SSE,517950,交银科技,4862.32
2026-09-21,SSE,517990,医药基金,4498.79
2026-09-21,SSE,518600,上海金,88471.63
2026-09-21,SSE,518660,工银黄金,101475.27
2026-09-21,SSE,518680,金ETF,86166.95
2026-09-21,SSE,518800,黄金基金,398127.92
2026-09-21,SSE,518850,黄金9999,198757.87
2026-09-21,SSE,518860,上海金E,47235.98
2026-09-21,SSE,518880,黄金ETF,1207524.08
2026-09-21,SSE,518890,中银黄金,37795.48
2026-09-21,SSE,520500,恒生新药,185630.5
2026-09-21,SSE,520510,港股医疗,32072.8
2026-09-21,SSE,520520,HK消费,5160.6
2026-09-21,SSE,520530,港科ETF,25377.6
2026-09-21,SSE,520550,红利恒生,117802.4
2026-09-21,SSE,520560,香港30,60741.9
2026-09-21,SSE,520570,科技恒指,364487.6
2026-09-21,SSE,520580,新兴亚洲,29298.39
2026-09-21,SSE,520590,恒科,22123.5
2026-09-21,SSE,520600,汽车港股,26686.8
2026-09-21,SSE,520610,港红利指,39796.3
2026-09-21,SSE,520620,港股消费,28440.9
2026-09-21,SSE,520630,互联港股,59261
2026-09-21,SSE,520650,互联网HK,246275.5
2026-09-21,SSE,520660,港红利CS,191448.55
2026-09-21,SSE,520670,港科基金,21992.81
2026-09-21,SSE,520680,港股通车,7336.9
2026-09-21,SSE,520690,恒生港药,63645.4
2026-09-21,SSE,520700,创新药WJ,46107.6
2026-09-21,SSE,520710,信息港股,8802.9
2026-09-21,SSE,520720,香港汽车,13594.2
2026-09-21,SSE,520730,汽车WJ,12039.44
2026-09-21,SSE,520740,互联香港,4001.26
2026-09-21,SSE,520750,HK信息,12638.4
2026-09-21,SSE,520760,港股生物,12846.6
2026-09-21,SSE,520770,港股恒指,21337.38
2026-09-21,SSE,520780,港股车50,4146
2026-09-21,SSE,520790,港互联网,65807.5
2026-09-21,SSE,520810,港高股息,31836
2026-09-21,SSE,520820,恒指通,5868.2
2026-09-21,SSE,520830,沙特ETF,103261.9
2026-09-21,SSE,520840,港科技,115904.9
2026-09-21,SSE,520850,港医疗,15224.96
2026-09-21,SSE,520860,港股通科,34419.5
2026-09-21,SSE,520870,巴西ETF,51797.72
2026-09-21,SSE,520880,港创新药,435361.8
2026-09-21,SSE,520890,港红利,7900.8
2026-09-21,SSE,520900,红利香港,151067.5
2026-09-21,SSE,520910,HK互联,75644.5
2026-09-21,SSE,520920,恒生科TH,1923401.9
2026-09-21,SSE,520930,恒生生科,14773.3
2026-09-21,SSE,520940,恒指基金,2229.7
2026-09-21,SSE,520950,港股50,34642.1
2026-09-21,SSE,520960,恒指港通,5060.34
2026-09-21,SSE,520970,港股通药,116735.8
2026-09-21,SSE,520980,港科技30,313338.7
2026-09-21,SSE,520990,国新红利,326947.05
2026-09-21,SSE,526000,港股信息,17114.2
2026-09-21,SSE,526010,香港医疗,3445.8
2026-09-21,SSE,526030,港信息基,14546.5
2026-09-21,SSE,526050,香港信息,4363
2026-09-21,SSE,526060,港股技术,4887.7
2026-09-21,SSE,526070,恒生博时,4937.7
2026-09-21,SSE,530000,50ETF基,92702.94
2026-09-21,SSE,530050,SH50ETF,13281.3
2026-09-21,SSE,530060,上证综E,87919.3
2026-09-21,SSE,530080,180指基,2291.7
2026-09-21,SSE,530100,上证580,12069.6
2026-09-21,SSE,530180,上证180,6395.2
2026-09-21,SSE,530280,180ETF指,2993.4
2026-09-21,SSE,530300,180指数,3364.3
2026-09-21,SSE,530380,上证380,13470.5
2026-09-21,SSE,530530,580ETF,13146
2026-09-21,SSE,530580,180基金,4914.9
2026-09-21,SSE,530680,180E,10289.19
2026-09-21,SSE,530800,上180ETF,1820.18
2026-09-21,SSE,530880,上证红利,3783.6
2026-09-21,SSE,551000,科创债,7662.41
2026-09-21,SSE,551030,科创债券,18662
2026-09-21,SSE,551060,科创债沪,5761.1
2026-09-21,SSE,551300,科创债摩,5599.75
2026-09-21,SSE,551500,科创债易,15697
2026-09-21,SSE,551510,科债AAA,15572.61
2026-09-21,SSE,551520,科创债汇,23107.16
2026-09-21,SSE,551550,科创AAA,19456.82
2026-09-21,SSE,551560,科创债兴,17312.88
2026-09-21,SSE,551580,科创债TK,10777.68
2026-09-21,SSE,551800,国泰科债,11713.14
2026-09-21,SSE,551900,科创债指,14095.17
2026-09-21,SSE,560010,1000基金,188462.17
2026-09-21,SSE,560020,红利添富,13156.2
2026-09-21,SSE,560030,800价值,2143.2
2026-09-21,SSE,560050,MSCIA50,215993.44
2026-09-21,SSE,560060,碳中和基,7509
2026-09-21,SSE,560070,央企分红,8136.23
2026-09-21,SSE,560080,中药ETF,227026.5
2026-09-21,SSE,560090,证券指数,232536.5
2026-09-21,SSE,560100,增强ETF,6258.03
2026-09-21,SSE,560110,ZZ1000,35890.35
2026-09-21,SSE,560120,500现金,56968.9
2026-09-21,SSE,560130,食品基金,6677.62
2026-09-21,SSE,560150,红利TK,66327.93
2026-09-21,SSE,560160,食品E,10970.6
2026-09-21,SSE,560170,央企科技,43349.55
2026-09-21,SSE,560180,ESG300,1310.3
2026-09-21,SSE,560190,公用事业,2733.4
2026-09-21,SSE,560210,景顺农牧,48652.2
2026-09-21,SSE,560220,2000基金,6071.7
2026-09-21,SSE,560230,光伏富国,8588.9
2026-09-21,SSE,560250,红利质量,12733.3
2026-09-21,SSE,560260,医疗50,170766.47
2026-09-21,SSE,560270,电力指数,15843.9
2026-09-21,SSE,560280,工程机械,135725.2
2026-09-21,SSE,560290,景顺有色,38169.4
2026-09-21,SSE,560300,电信50,2680.34
2026-09-21,SSE,560310,光伏博时,18712.2
2026-09-21,SSE,560320,食品富国,10333.2
2026-09-21,SSE,560330,300价值E,1613
2026-09-21,SSE,560350,A50指数,81753.21
2026-09-21,SSE,560360,软件指数,22834.5
2026-09-21,SSE,560370,全指红利,21758.4
2026-09-21,SSE,560380,A100,13886.1
2026-09-21,SSE,560390,电网E,196625.8
2026-09-21,SSE,560400,证券华泰,17549.3
2026-09-21,SSE,560410,电池鹏华,6078.61
2026-09-21,SSE,560420,食品Q,12478.02
2026-09-21,SSE,560450,电力TH,24606.9
2026-09-21,SSE,560460,电力平安,27003.7
2026-09-21,SSE,560470,有色E,29834
2026-09-21,SSE,560480,中证电力,12580.3
2026-09-21,SSE,560490,华泰有色,10848.2
2026-09-21,SSE,560500,500质量,29733.9
2026-09-21,SSE,560510,中证A500,255202.69
2026-09-21,SSE,560520,红利大成,5675.1
2026-09-21,SSE,560530,A500ETF,402162.37
2026-09-21,SSE,560550,碳中和,12359.74
2026-09-21,SSE,560560,碳中和TK,7019.01
2026-09-21,SSE,560570,A500低波,118654.12
2026-09-21,SSE,560580,电力指基,41100.3
2026-09-21,SSE,560590,1000鹏华,1671
2026-09-21,SSE,560610,A500指数,525198.84
2026-09-21,SSE,560620,公用WJ,2586.7
2026-09-21,SSE,560630,机器人WJ,14839.4
2026-09-21,SSE,560660,云50ETF,12193.8
2026-09-21,SSE,560670,中证银行,3397.4
2026-09-21,SSE,560680,龙头消费,33222.56
2026-09-21,SSE,560690,电信主题,1963.9
2026-09-21,SSE,560700,央红利50,44853.69
2026-09-21,SSE,560710,船舶ETF,172258
2026-09-21,SSE,560720,工银红利,9454.8
2026-09-21,SSE,560730,红利GTHT,6983.63
2026-09-21,SSE,560750,A500申万,7555.48
2026-09-21,SSE,560770,机器人ZS,165163.3
2026-09-21,SSE,560780,半导设备,1196248.8
2026-09-21,SSE,560790,软件服务,21645.59
2026-09-21,SSE,560800,数字ETF,29395.11
2026-09-21,SSE,560810,央企ESG,18011.6
2026-09-21,SSE,560820,A50新华,4092.6
2026-09-21,SSE,560830,电指数,66101.9
2026-09-21,SSE,560850,信创50,7116.4
2026-09-21,SSE,560860,工业有色,531923.3
2026-09-21,SSE,560870,中银有色,9135.19
2026-09-21,SSE,560880,家电基金,18773.2
2026-09-21,SSE,560900,创新药企,20596.91
2026-09-21,SSE,560910,中证电池,22372.1
2026-09-21,SSE,560920,招商机械,4537.33
2026-09-21,SSE,560930,电力E,19502.4
2026-09-21,SSE,560950,500增,1348.3
2026-09-21,SSE,560970,有色金属,6913.8
2026-09-21,SSE,560980,光伏龙头,33152.2
2026-09-21,SSE,560990,科技先锋,1618.71
2026-09-21,SSE,561000,300指增,4742
2026-09-21,SSE,561010,软件开发,29535.6
2026-09-21,SSE,561020,食品招商,2602.22
2026-09-21,SSE,561030,机械华泰,18255
2026-09-21,SSE,561050,稀金属E,23225
2026-09-21,SSE,561060,红利国企,4506.5
2026-09-21,SSE,561080,现金自由,2425
2026-09-21,SSE,561090,A500增,20997.4
2026-09-21,SSE,561100,电子龙头,58474.69
2026-09-21,SSE,561120,家电ETF,2815.99
2026-09-21,SSE,561130,国货ETF,8393.52
2026-09-21,SSE,561160,锂电池,228533.5
2026-09-21,SSE,561170,绿电50,50403.27
2026-09-21,SSE,561180,A100ETF,4960.96
2026-09-21,SSE,561190,双碳ETF,19331.8
2026-09-21,SSE,561200,A100基金,3147.05
2026-09-21,SSE,561220,国企数字,4605.3
2026-09-21,SSE,561230,A50,46047.78
2026-09-21,SSE,561250,稀金属PH,5875.22
2026-09-21,SSE,561260,能源ETF,2329.52
2026-09-21,SSE,561280,增强1000,7884.77
2026-09-21,SSE,561300,300增ETF,55996.5
2026-09-21,SSE,561310,消电ETF,10783.31
2026-09-21,SSE,561320,交运ETF,5636.9
2026-09-21,SSE,561330,矿业ETF,181739.21
2026-09-21,SSE,561350,国泰500,11570
2026-09-21,SSE,561360,石油ETF,126514.8
2026-09-21,SSE,561370,2000ETF,3235.6
2026-09-21,SSE,561380,电网ETF,611853.4
2026-09-21,SSE,561390,稀金属PA,8712.81
2026-09-21,SSE,561400,鑫元养殖,2451.9
2026-09-21,SSE,561410,光伏工银,19161.33
2026-09-21,SSE,561420,300现金,100623.7
2026-09-21,SSE,561430,全指质量,2972.32
2026-09-21,SSE,561450,华泰红利,7262.43
2026-09-21,SSE,561460,AITH,278602
2026-09-21,SSE,561470,畜牧TH,7893.6
2026-09-21,SSE,561490,红利财通,7763.13
2026-09-21,SSE,561500,漂亮50,5460.03
2026-09-21,SSE,561510,中医药,6520.6
2026-09-21,SSE,561530,银华银行,5733.4
2026-09-21,SSE,561550,500指增,138598.96
2026-09-21,SSE,561560,电力ETF,191312.42
2026-09-21,SSE,561570,油气基金,7214.7
2026-09-21,SSE,561580,央企红利,197437.07
2026-09-21,SSE,561590,1000增强,10149.96
2026-09-21,SSE,561600,消费电子,28854.8
2026-09-21,SSE,561610,鑫元绿电,15812.38
2026-09-21,SSE,561620,华泰化工,3172.7
2026-09-21,SSE,561630,华泰质量,4189.8
2026-09-21,SSE,561660,通航基金,6471
2026-09-21,SSE,561680,A500红低,5416.9
2026-09-21,SSE,561690,质量300,29188.06
2026-09-21,SSE,561700,电力基金,34231.36
2026-09-21,SSE,561730,中证A股,6674.81
2026-09-21,SSE,561750,A50博时,6149.6
2026-09-21,SSE,561760,油气博时,15919.5
2026-09-21,SSE,561770,指基A100,3555
2026-09-21,SSE,561780,1000指增,1735.58
2026-09-21,SSE,561790,现代能源,5513.4
2026-09-21,SSE,561800,稀金属,20807.72
2026-09-21,SSE,561810,华泰医疗,5063.84
2026-09-21,SSE,561830,有色GTHT,18357.11
2026-09-21,SSE,561870,现金流指,8876.5
2026-09-21,SSE,561880,A100指数,8438.9
2026-09-21,SSE,561890,A股E,3611.26
2026-09-21,SSE,561900,沪深ESG,2633.44
2026-09-21,SSE,561910,电池ETF,479007.66
2026-09-21,SSE,561920,疫苗龙头,4869.2
2026-09-21,SSE,561930,招商300,18726.06
2026-09-21,SSE,561950,500增强A,7365.6
2026-09-21,SSE,561960,央企回报,5578.52
2026-09-21,SSE,561980,芯片设备,836555
2026-09-21,SSE,561990,300增强,33164.92
2026-09-21,SSE,562000,中证A100,59273.79
2026-09-21,SSE,562010,绿色能源,1829.87
2026-09-21,SSE,562030,信创基金,15497.39
2026-09-21,SSE,562050,药ETF,11846.8
2026-09-21,SSE,562060,标普红利,508279.26
2026-09-21,SSE,562070,300ETF增,55854.2
2026-09-21,SSE,562080,自由现金,56675.72
2026-09-21,SSE,562110,东证云50,16548.13
2026-09-21,SSE,562150,红利PH,19256.75
2026-09-21,SSE,562170,300现金E,22959.22
2026-09-21,SSE,562180,红低A500,9215
2026-09-21,SSE,562300,低碳ETF,6249.5
2026-09-21,SSE,562310,300成长,41657.23
2026-09-21,SSE,562320,300价值A,5229.55
2026-09-21,SSE,562330,500价值,1201.89
2026-09-21,SSE,562340,500成长,814.43
2026-09-21,SSE,562350,电力,12441.09
2026-09-21,SSE,562360,机器人YH,30147.4
2026-09-21,SSE,562380,科技引领,7312.89
2026-09-21,SSE,562390,中药,8042.9
2026-09-21,SSE,562500,机器人,1832818.73
2026-09-21,SSE,562510,旅游ETF,115609.5
2026-09-21,SSE,562520,1000成长,2456.8
2026-09-21,SSE,562530,1000价值,14514.4
2026-09-21,SSE,562550,绿电ETF,142191.93
2026-09-21,SSE,562560,信息技术,2276.55
2026-09-21,SSE,562570,信创ETF,31428.1
2026-09-21,SSE,562580,可选消费,4072.33
2026-09-21,SSE,562590,半导材料,864498.9
2026-09-21,SSE,562600,医疗器械,44093.74
2026-09-21,SSE,562660,ZZ2000,34087.4
2026-09-21,SSE,562700,汽车零件,9775
2026-09-21,SSE,562800,稀有金属,579194.5
2026-09-21,SSE,562810,上证增强,4795.1
2026-09-21,SSE,562820,集成电路,44140.8
2026-09-21,SSE,562850,央企能源,17598.15
2026-09-21,SSE,562860,疫苗ETF,33089.5
2026-09-21,SSE,562870,证券全指,59400.52
2026-09-21,SSE,562880,电池基金,89239.96
2026-09-21,SSE,562890,A50中证,27355.1
2026-09-21,SSE,562900,现代农业,22270.63
2026-09-21,SSE,562910,高端制造,29822.73
2026-09-21,SSE,562920,信息安全,9406.9
2026-09-21,SSE,562930,软件30,170243.7
2026-09-21,SSE,562950,消电50,102025.83
2026-09-21,SSE,562960,绿色电力,115839.1
2026-09-21,SSE,562970,光伏E,37344.8
2026-09-21,SSE,562990,碳中和E,37775.6
2026-09-21,SSE,563000,中国A50,147345.11
2026-09-21,SSE,563010,电信ETF,11218.93
2026-09-21,SSE,563020,低波红利,1039591
2026-09-21,SSE,563030,增强500,12716.9
2026-09-21,SSE,563050,科技央企,17120.84
2026-09-21,SSE,563060,央企50,17852.7
2026-09-21,SSE,563080,中证A50E,107458.84
2026-09-21,SSE,563090,上50增强,5584.8
2026-09-21,SSE,563150,油气资源,3439.9
2026-09-21,SSE,563180,高股息,9542
2026-09-21,SSE,563200,2000指数,4945.88
2026-09-21,SSE,563210,专精特新,10406.7
2026-09-21,SSE,563220,A500富国,629601.37
2026-09-21,SSE,563230,卫星ETF,312123.7
2026-09-21,SSE,563280,A50增强,520.66
2026-09-21,SSE,563300,中证2000,393117.4
2026-09-21,SSE,563320,通用航空,21789.2
2026-09-21,SSE,563330,A股ETF,3726.06
2026-09-21,SSE,563350,中证A50,17599.76
2026-09-21,SSE,563360,A500基金,3032598.74
2026-09-21,SSE,563380,航空航天,79495
2026-09-21,SSE,563390,现金基金,214034.4
2026-09-21,SSE,563500,A500华宝,76595.87
2026-09-21,SSE,563510,A500红利,28353.7
2026-09-21,SSE,563520,300永赢,44806.5
2026-09-21,SSE,563530,卫星E,149374.8
2026-09-21,SSE,563550,增强A500,7655.9
2026-09-21,SSE,563560,科技成长,5776.9
2026-09-21,SSE,563570,金融科,10237.4
2026-09-21,SSE,563580,现金800,23964.8
2026-09-21,SSE,563590,红利A500,5994.44
2026-09-21,SSE,563600,A500增强,6648.3
2026-09-21,SSE,563620,现金流全,4804.9
2026-09-21,SSE,563630,A500指增,3794.71
2026-09-21,SSE,563650,A500中证,14090.9
2026-09-21,SSE,563660,A500银河,6608.52
2026-09-21,SSE,563670,金科基金,18598.7
2026-09-21,SSE,563680,现金流TF,10295.9
2026-09-21,SSE,563690,红利永赢,5788.2
2026-09-21,SSE,563700,红利价值,35015
2026-09-21,SSE,563750,500添富,36223.7
2026-09-21,SSE,563760,中银现金,71991.32
2026-09-21,SSE,563770,全指现金,2730.7
2026-09-21,SSE,563780,现金指数,23502.71
2026-09-21,SSE,563790,卫星产业,113244.7
2026-09-21,SSE,563800,A500龙头,896897.81
2026-09-21,SSE,563830,现金流基,12789.6
2026-09-21,SSE,563850,食品广发,10468.17
2026-09-21,SSE,563860,A500海富,17984.43
2026-09-21,SSE,563870,航空通用,10330.39
2026-09-21,SSE,563880,A500添富,149899.64
2026-09-21,SSE,563890,红利国有,1983.6
2026-09-21,SSE,563900,现金流,45896.57
2026-09-21,SSE,563930,上指增强,2559.2
2026-09-21,SSE,563960,300质量,34951.2
2026-09-21,SSE,563980,800红利,21696.7
2026-09-21,SSE,563990,800现金,29457.3
2026-09-21,SSE,588000,科创50,5527766.82
2026-09-21,SSE,588010,科创材料,100042.58
2026-09-21,SSE,588020,科创50E,236337.3
2026-09-21,SSE,588030,科创指基,227983.81
2026-09-21,SSE,588040,科创板指,13988.9
2026-09-21,SSE,588050,科创ETF,666124.13
2026-09-21,SSE,588060,上证科创,769914
2026-09-21,SSE,588070,科创万家,3643.7
2026-09-21,SSE,588080,科创板50,2593062.81
2026-09-21,SSE,588090,科创板,313807.28
2026-09-21,SSE,588100,科创信息,22974.62
2026-09-21,SSE,588110,科创成长,91903.2
2026-09-21,SSE,588120,科100ETF,88962.2
2026-09-21,SSE,588130,科创药,46308.26
2026-09-21,SSE,588140,科200GF,21475.1
2026-09-21,SSE,588150,科创龙头,40493.26
2026-09-21,SSE,588160,科创新材,88749.6
2026-09-21,SSE,588170,科创半导,4441544.7
2026-09-21,SSE,588180,科创50基,76985.37
2026-09-21,SSE,588190,科创100,136061.83
2026-09-21,SSE,588200,科创芯片,4313068.43
2026-09-21,SSE,588210,科创100E,24575.4
2026-09-21,SSE,588220,科创100F,375019.79
2026-09-21,SSE,588230,科创200,75893.9
2026-09-21,SSE,588240,科200,10763.3
2026-09-21,SSE,588250,KC医药,27967.5
2026-09-21,SSE,588260,科创技术,4674.6
2026-09-21,SSE,588270,科创200F,29841
2026-09-21,SSE,588280,科创五零,39612.1
2026-09-21,SSE,588290,芯片科创,463619.1
2026-09-21,SSE,588300,双创ETF,155821.05
2026-09-21,SSE,588310,双创基金,3063.75
2026-09-21,SSE,588320,双创增强,8982.46
2026-09-21,SSE,588330,双创龙头,120373.78
2026-09-21,SSE,588350,双创,65654.6
2026-09-21,SSE,588360,创创ETF,22468.18
2026-09-21,SSE,588370,科创策略,7577.2
2026-09-21,SSE,588380,创50ETF,299377
2026-09-21,SSE,588390,科创创业,16193.59
2026-09-21,SSE,588400,双创50,144960.06
2026-09-21,SSE,588410,双创AI,10725
2026-09-21,SSE,588420,AI双创,32964.8
2026-09-21,SSE,588430,科创创AI,9445.8
2026-09-21,SSE,588450,科创50增,6356.87
2026-09-21,SSE,588460,科创增强,65401.4
2026-09-21,SSE,588470,双创智能,26590.7
2026-09-21,SSE,588480,AI50双创,22971.7
2026-09-21,SSE,588500,科创100Z,4364.7
2026-09-21,SSE,588510,智能双创,30517.5
2026-09-21,SSE,588520,科创增,1295.7
2026-09-21,SSE,588530,AIBOCI,20943.33
2026-09-21,SSE,588550,科创增指,6729
2026-09-21,SSE,588660,双创五零,3834.4
2026-09-21,SSE,588670,科综增强,3979.2
2026-09-21,SSE,588680,科100增,3536.1
2026-09-21,SSE,588690,科综指增,4763.6
2026-09-21,SSE,588700,科创生物,46533.62
2026-09-21,SSE,588710,科半导体,1110688.5
2026-09-21,SSE,588720,中银科创,11224.18
2026-09-21,SSE,588730,科创AI,72939.63
2026-09-21,SSE,588750,科创芯50,297722.8
2026-09-21,SSE,588760,AI科创,246153.2
2026-09-21,SSE,588770,信息科创,30559.71
2026-09-21,SSE,588780,芯片设计,97190.2
2026-09-21,SSE,588790,科创智能,333138.4
2026-09-21,SSE,588800,科创100C,165237.7
2026-09-21,SSE,588810,科创板芯,172264.8
2026-09-21,SSE,588820,科创200E,14840
2026-09-21,SSE,588830,科创新能,67984.79
2026-09-21,SSE,588840,50科创,5823.6
2026-09-21,SSE,588850,科创机械,8277.9
2026-09-21,SSE,588860,科创医药,35288.94
2026-09-21,SSE,588870,科创50指,89055.2
2026-09-21,SSE,588880,科创指数,10836.8
2026-09-21,SSE,588890,科创芯,269943
2026-09-21,SSE,588900,科创100S,36178.3
2026-09-21,SSE,588910,科创价值,10004.91
2026-09-21,SSE,588920,KC芯片,31187.6
2026-09-21,SSE,588930,科创板AI,62132.9
2026-09-21,SSE,588940,科创富国,302684
2026-09-21,SSE,588950,景顺科创,69572.97
2026-09-21,SSE,588960,新能科创,14557.98
2026-09-21,SSE,588980,科创广发,1442
2026-09-21,SSE,588990,科芯片,19574.54
2026-09-21,SSE,589000,科创综指,106350.78
2026-09-21,SSE,589010,科创AI指,93279.3
2026-09-21,SSE,589020,KC半导体,444843.8
2026-09-21,SSE,589030,科芯设计,88907.7
2026-09-21,SSE,589050,科创E,5096.8
2026-09-21,SSE,589060,科综东财,8213.79
2026-09-21,SSE,589070,科芯TH,191929.3
2026-09-21,SSE,589080,科创综E,14306.1
2026-09-21,SSE,589090,KCAI,18693.1
2026-09-21,SSE,589100,国泰芯片,88144.25
2026-09-21,SSE,589110,科AI国泰,54341.3
2026-09-21,SSE,589120,创新药基,136762
2026-09-21,SSE,589130,科创芯易,323978
2026-09-21,SSE,589150,科创平安,84543.72
2026-09-21,SSE,589160,科芯片GF,27229.6
2026-09-21,SSE,589170,芯设计KC,13890.9
2026-09-21,SSE,589180,科创材基,12981.8
2026-09-21,SSE,589190,科创芯基,370356.2
2026-09-21,SSE,589200,科200E,2550.7
2026-09-21,SSE,589210,芯设计GF,130093.8
2026-09-21,SSE,589220,科200GT,30749.58
2026-09-21,SSE,589230,AI科创CS,24855.3
2026-09-21,SSE,589250,芯设计PY,7110.13
2026-09-21,SSE,589260,科创芯设,12715.6
2026-09-21,SSE,589270,科创100Q,2151.66
2026-09-21,SSE,589280,科综增指,13906.9
2026-09-21,SSE,589290,芯片主题,13184.89
2026-09-21,SSE,589300,科综嘉实,4158.25
2026-09-21,SSE,589310,科创人工,32249.18
2026-09-21,SSE,589320,科200JS,11105.3
2026-09-21,SSE,589330,科200DC,16090.2
2026-09-21,SSE,589350,科芯片指,21828.15
2026-09-21,SSE,589360,科创50GT,269317.4
2026-09-21,SSE,589380,AI科创指,10169.43
2026-09-21,SSE,589390,芯设计,131181.05
2026-09-21,SSE,589400,芯设计FG,28778.52
2026-09-21,SSE,589410,科创AIJS,56256.56
2026-09-21,SSE,589420,芯设计MW,36248.15
2026-09-21,SSE,589430,科芯片设,17284.99
2026-09-21,SSE,589460,科200HB,17563.09
2026-09-21,SSE,589500,科综工银,8006.4
2026-09-21,SSE,589510,科新材料,7658.69
2026-09-21,SSE,589520,AI科创板,84010.46
2026-09-21,SSE,589550,KC价值,2829.55
2026-09-21,SSE,589560,科创AITF,26235.5
2026-09-21,SSE,589580,科综价格,1435.48
2026-09-21,SSE,589600,富国科综,22553.5
2026-09-21,SSE,589630,科综国泰,34325.8
2026-09-21,SSE,589660,综指科创,25753
2026-09-21,SSE,589680,科创综Z,144994.37
2026-09-21,SSE,589700,成长科创,2829.1
2026-09-21,SSE,589720,科创新药,508582.3
2026-09-21,SSE,589770,科创全指,15356.92
2026-09-21,SSE,589780,科200FG,6321.5
2026-09-21,SSE,589800,科创综合,107598.82
2026-09-21,SSE,589820,科200F,12972.02
2026-09-21,SSE,589850,科创东财,79905.7
2026-09-21,SSE,589860,天弘科综,16222.4
2026-09-21,SSE,589880,科创综,47999.6
2026-09-21,SSE,589890,景顺科综,8498.7
2026-09-21,SSE,589900,博时科综,16890.82
2026-09-21,SSE,589950,科100FG,36087.3
2026-09-21,SSE,589960,科创新源,17431.6
2026-09-21,SSE,589980,科基100,12912.2
2026-09-21,SSE,589990,科创板综,10609
2026-09-21,SZSE,158000,港股通金融ETF鹏华,6092.58
2026-09-21,SZSE,158001,价值ETF嘉实,12039.26
2026-09-21,SZSE,158003,港股通医疗ETF嘉实,6565.43
2026-09-21,SZSE,158005,工程机械ETF博时,11906.13
2026-09-21,SZSE,158006,化工ETF博时,4304.60
2026-09-21,SZSE,158008,储能电池ETF华夏,23741.31
2026-09-21,SZSE,158009,航空航天ETF南方,3037.38
2026-09-21,SZSE,158010,医疗ETF嘉实,37021.33
2026-09-21,SZSE,158011,创业板软件ETF国泰,5234.26
2026-09-21,SZSE,158012,云计算ETF南方,27182.55
2026-09-21,SZSE,158013,航空航天ETF易方达,5734.52
2026-09-21,SZSE,158017,化工ETF易方达,6559.45
2026-09-21,SZSE,158019,电池ETF永赢,26728.19
2026-09-21,SZSE,158022,创业板综增强ETF国联,23791.53
2026-09-21,SZSE,158023,红利低波ETF万家,56208.07
2026-09-21,SZSE,158027,工业互联网ETF易方达,18114.30
2026-09-21,SZSE,158028,稀有金属ETF招商,20018.77
2026-09-21,SZSE,158032,化工ETF景顺,22783.55
2026-09-21,SZSE,158038,粮食ETF富国,14706.00
2026-09-21,SZSE,158041,创业板算力ETF华夏,34739.25
2026-09-21,SZSE,158050,创业板算力ETF易方达,84144.74
2026-09-21,SZSE,158061,创业板算力ETF天弘,34006.64
2026-09-21,SZSE,159001,货币ETF易方达,3174.84
2026-09-21,SZSE,159003,招商快线ETF,208.54
2026-09-21,SZSE,159005,快钱ETF汇添富,126.51
2026-09-21,SZSE,159007,养殖ETF华泰柏瑞,18160.32
2026-09-21,SZSE,159008,证券ETF景顺,13278.45
2026-09-21,SZSE,159009,创业板新能源ETF易方达,19739.27
2026-09-21,SZSE,159010,港股通科技ETF博时,20409.76
2026-09-21,SZSE,159011,养殖ETF华安,2350.51
2026-09-21,SZSE,159012,科创创业50ETF鹏华,13488.11
2026-09-21,SZSE,159013,工业互联网ETF大成,4057.88
2026-09-21,SZSE,159015,恒生港股通科技ETF国联,11035.29
2026-09-21,SZSE,159016,证券ETF广发,34754.01
2026-09-21,SZSE,159017,石油ETF工银,14925.68
2026-09-21,SZSE,159018,石油ETF广发,2590.42
2026-09-21,SZSE,159019,石油ETF华宝,4232.77
2026-09-21,SZSE,159020,养殖ETF易方达,11356.70
2026-09-21,SZSE,159021,大盘价值ETF华夏,6190.77
2026-09-21,SZSE,159022,科创创业人工智能ETF富国,17163.09
2026-09-21,SZSE,159023,养殖ETF万家,3677.79
2026-09-21,SZSE,159025,家电ETF华安,5393.50
2026-09-21,SZSE,159026,石油ETF南方,4351.34
2026-09-21,SZSE,159027,畜牧养殖ETF大成,10147.22
2026-09-21,SZSE,159028,港股汽车ETF天弘,13344.90
2026-09-21,SZSE,159029,有色ETF广发,30412.77
2026-09-21,SZSE,159030,粮食ETF华夏,42546.81
2026-09-21,SZSE,159031,粮食ETF博时,52652.86
2026-09-21,SZSE,159032,工业有色ETF易方达,26284.50
2026-09-21,SZSE,159033,粮食ETF国泰,13632.34
2026-09-21,SZSE,159035,软件ETF天弘,66685.97
2026-09-21,SZSE,159036,软件开发ETF华宝,28174.01
2026-09-21,SZSE,159037,价值ETF鹏华,5924.98
2026-09-21,SZSE,159038,粮食ETF易方达,16902.69
2026-09-21,SZSE,159039,机器人ETF华安,119046.14
2026-09-21,SZSE,159040,港股通互联网ETF鹏华,2948.10
2026-09-21,SZSE,159041,农业ETF鹏华,3347.18
2026-09-21,SZSE,159042,价值ETF汇添富,8180.11
2026-09-21,SZSE,159043,食品ETF华安,6177.06
2026-09-21,SZSE,159045,稀有金属ETF大成,17833.02
2026-09-21,SZSE,159046,绿电ETF天弘,80097.68
2026-09-21,SZSE,159048,机器人ETF大成,19080.38
2026-09-21,SZSE,159049,有色ETF工银,3407.33
2026-09-21,SZSE,159050,机器人ETF广发,63270.36
2026-09-21,SZSE,159051,医疗器械ETF易方达,7911.78
2026-09-21,SZSE,159052,储能电池ETF嘉实,19992.60
2026-09-21,SZSE,159053,稀有金属ETF华夏,16619.81
2026-09-21,SZSE,159055,稀有金属ETF富国,12929.39
2026-09-21,SZSE,159056,医疗器械ETF富国,5693.43
2026-09-21,SZSE,159057,医疗器械ETF鹏华,2471.53
2026-09-21,SZSE,159058,证券ETF大成,6933.12
2026-09-21,SZSE,159059,电力ETF大成,5183.00
2026-09-21,SZSE,159060,粮食ETF浦银,1648.34
2026-09-21,SZSE,159061,绿色电力ETF南方,20604.02
2026-09-21,SZSE,159062,稀有金属ETF南方,11870.12
2026-09-21,SZSE,159063,粮食ETF南方,6198.66
2026-09-21,SZSE,159065,工程机械ETF景顺,10735.08
2026-09-21,SZSE,159066,A股ETF建信,19873.30
2026-09-21,SZSE,159067,绿色电力ETF鹏华,1690.87
2026-09-21,SZSE,159068,软件ETF华夏,6033.65
2026-09-21,SZSE,159069,创业板新能源ETF华泰柏瑞,4277.04
2026-09-21,SZSE,159070,工程机械ETF嘉实,10036.68
2026-09-21,SZSE,159071,储能电池ETF华宝,12191.17
2026-09-21,SZSE,159072,粮食ETF景顺,4828.51
2026-09-21,SZSE,159073,粮食ETF汇添富,6317.38
2026-09-21,SZSE,159075,工业互联网ETF华夏,17019.71
2026-09-21,SZSE,159076,创业板新能源ETF华宝,24837.30
2026-09-21,SZSE,159077,电池ETF鑫元,3324.25
2026-09-21,SZSE,159078,A股ETF富国,16226.24
2026-09-21,SZSE,159079,价值ETF兴全,7180.68
2026-09-21,SZSE,159082,化工ETF华夏,7353.12
2026-09-21,SZSE,159083,红利低波100ETF嘉实,12837.04
2026-09-21,SZSE,159085,价值ETF永赢,3153.54
2026-09-21,SZSE,159086,金融科技ETF广发,2739.98
2026-09-21,SZSE,159087,化工ETF万家,2799.21
2026-09-21,SZSE,159091,港股通金融ETF易方达,2337.41
2026-09-21,SZSE,159093,化工ETF汇添富,2668.14
2026-09-21,SZSE,159095,云计算ETF银华,21046.81
2026-09-21,SZSE,159096,价值ETF华夏,14063.13
2026-09-21,SZSE,159098,价值ETF招商,8389.15
2026-09-21,SZSE,159099,云计算ETF华宝,10361.05
2026-09-21,SZSE,159100,巴西ETF华夏,48204.69
2026-09-21,SZSE,159101,港股通科技ETF华夏,287331.14
2026-09-21,SZSE,159102,港股通生物科技ETF华安,60162.20
2026-09-21,SZSE,159103,金融科技ETF汇添富,32740.67
2026-09-21,SZSE,159105,恒生生物科技ETF易方达,16627.29
2026-09-21,SZSE,159106,民企300ETF前海开源,3957.94
2026-09-21,SZSE,159107,创业板软件ETF富国,73882.30
2026-09-21,SZSE,159108,工业软件ETF博时,11973.85
2026-09-21,SZSE,159109,恒生50ETF景顺,55816.38
2026-09-21,SZSE,159110,科创债ETF万家,2312.70
2026-09-21,SZSE,159111,科创债ETF天弘,14437.66
2026-09-21,SZSE,159112,科创债ETF银华,24478.78
2026-09-21,SZSE,159113,科创债ETF大成,9662.62
2026-09-21,SZSE,159115,科创债ETF华安,5354.34
2026-09-21,SZSE,159116,科创债ETF工银,12413.27
2026-09-21,SZSE,159117,港股通红利低波ETF鹏华,6040.11
2026-09-21,SZSE,159118,港股通红利低波ETF华夏,6767.70
2026-09-21,SZSE,159119,800现金流ETF招商,15405.42
2026-09-21,SZSE,159120,港股通科技ETF国联安,19702.44
2026-09-21,SZSE,159121,港股通汽车ETF易方达,15248.11
2026-09-21,SZSE,159122,创业板新能源ETF富国,6916.09
2026-09-21,SZSE,159123,光伏ETF嘉实,39804.70
2026-09-21,SZSE,159125,港股通科技ETF招商,84024.58
2026-09-21,SZSE,159126,港股通50ETF南方,22761.65
2026-09-21,SZSE,159127,港股通红利ETF南方,15134.42
2026-09-21,SZSE,159128,港股科技ETF天弘,190576.08
2026-09-21,SZSE,159129,化工ETF嘉实,112340.65
2026-09-21,SZSE,159130,恒生生物科技ETF鹏华,19538.94
2026-09-21,SZSE,159131,港股通信息技术ETF华宝,205491.99
2026-09-21,SZSE,159132,恒生生物科技ETF富国,11296.35
2026-09-21,SZSE,159133,化工ETF天弘,155141.33
2026-09-21,SZSE,159135,港股通科技ETF前海开源,61946.63
2026-09-21,SZSE,159136,A50ETF广发,10941.40
2026-09-21,SZSE,159137,港股通医疗ETF华宝,16263.26
2026-09-21,SZSE,159138,工程机械ETF易方达,29226.79
2026-09-21,SZSE,159139,科创创业人工智能ETF华泰柏瑞,16210.92
2026-09-21,SZSE,159140,科创创业人工智能ETF易方达,46393.68
2026-09-21,SZSE,159141,科创创业人工智能ETF永赢,143706.07
2026-09-21,SZSE,159142,科创创业人工智能ETF景顺,111926.01
2026-09-21,SZSE,159143,港股通央企红利ETF平安,4655.44
2026-09-21,SZSE,159145,工业软件ETF广发,7058.18
2026-09-21,SZSE,159146,电力ETF华宝,68444.08
2026-09-21,SZSE,159147,电池ETF南方,223290.95
2026-09-21,SZSE,159148,石油ETF富国,20746.66
2026-09-21,SZSE,159149,创业板新能源ETF工银,5851.52
2026-09-21,SZSE,159150,深证50ETF易方达,9799.76
2026-09-21,SZSE,159151,食品ETF华夏,18765.10
2026-09-21,SZSE,159152,港股通科技ETF平安,82855.60
2026-09-21,SZSE,159153,消费电子ETF鹏华,8672.59
2026-09-21,SZSE,159155,电池ETF大成,71651.32
2026-09-21,SZSE,159156,电池ETF万家,22946.12
2026-09-21,SZSE,159157,有色金属ETF天弘,807575.87
2026-09-21,SZSE,159158,电力ETF景顺,85403.53
2026-09-21,SZSE,159159,公用事业ETF国投瑞银,11381.85
2026-09-21,SZSE,159160,电池ETF东财,25981.92
2026-09-21,SZSE,159161,工程机械ETF东财,6733.12
2026-09-21,SZSE,159162,工业有色ETF鹏华,42493.98
2026-09-21,SZSE,159163,有色ETF泰康,26280.70
2026-09-21,SZSE,159165,养殖ETF永赢,10157.12
2026-09-21,SZSE,159166,现金流ETF长城,55281.60
2026-09-21,SZSE,159167,港股通医疗ETF工银,14754.91
2026-09-21,SZSE,159168,有色ETF富国,51945.50
2026-09-21,SZSE,159169,恒生生物科技ETF广发,12087.44
2026-09-21,SZSE,159170,港股通互联网ETF永赢,38763.83
2026-09-21,SZSE,159171,工业有色ETF博时,22053.29
2026-09-21,SZSE,159172,养殖ETF汇添富,38182.92
2026-09-21,SZSE,159173,农牧ETF南方,4645.53
2026-09-21,SZSE,159175,电池ETF易方达,50527.03
2026-09-21,SZSE,159176,家电ETF华宝,1830.33
2026-09-21,SZSE,159177,工程机械ETF鹏华,4561.92
2026-09-21,SZSE,159178,消费电子ETF汇添富,9343.29
2026-09-21,SZSE,159179,港股通互联网ETF工银,10290.35
2026-09-21,SZSE,159180,软件ETF银华,3315.59
2026-09-21,SZSE,159181,石油ETF易方达,12940.53
2026-09-21,SZSE,159182,家电ETF南方,3448.56
2026-09-21,SZSE,159183,新能源车ETF招商,5138.77
2026-09-21,SZSE,159185,港股通信息技术ETF鹏华,18409.90
2026-09-21,SZSE,159186,港股通汽车ETF鹏华,8886.92
2026-09-21,SZSE,159187,创业板新能源ETF景顺,6617.62
2026-09-21,SZSE,159188,红利100ETF景顺,6560.18
2026-09-21,SZSE,159189,石油ETF华夏,10708.31
2026-09-21,SZSE,159190,创业板新能源ETF天弘,7606.92
2026-09-21,SZSE,159191,港股通科技ETF易方达,6810.48
2026-09-21,SZSE,159192,家电ETF汇添富,1798.70
2026-09-21,SZSE,159193,储能电池ETF银华,25208.03
2026-09-21,SZSE,159195,石油ETF华安,7349.01
2026-09-21,SZSE,159196,港股通信息技术ETF易方达,20353.03
2026-09-21,SZSE,159197,石油ETF招商,4038.82
2026-09-21,SZSE,159198,港股通信息技术ETF富国,8534.43
2026-09-21,SZSE,159199,石油ETF平安,6115.49
2026-09-21,SZSE,159200,科创债ETF富国,15434.26
2026-09-21,SZSE,159201,自由现金流ETF华夏,1289527.59
2026-09-21,SZSE,159202,恒生互联网ETF万家,124940.19
2026-09-21,SZSE,159203,大盘成长ETF博时,979.19
2026-09-21,SZSE,159205,创业板ETF东财,65105.60
2026-09-21,SZSE,159206,卫星ETF永赢,916495.33
2026-09-21,SZSE,159207,高股息ETF广发,232348.33
2026-09-21,SZSE,159208,航空航天ETF万家,29746.27
2026-09-21,SZSE,159209,红利质量ETF招商,231463.50
2026-09-21,SZSE,159208,航空航天ETF万家,29746.27
2026-09-21,SZSE,159209,红利质量ETF招商,231463.50
2026-09-21,SZSE,159210,港股通汽车ETF汇添富,4974.98
2026-09-21,SZSE,159211,深证100ETF富国,1968.32
2026-09-21,SZSE,159212,深100ETF南方,9120.43
2026-09-21,SZSE,159213,机器人ETF汇添富,48123.75
2026-09-21,SZSE,159215,A500ETF平安,95558.28
2026-09-21,SZSE,159216,深证100ETF大成,1104.82
2026-09-21,SZSE,159217,港股通创新药ETF工银,540615.75
2026-09-21,SZSE,159218,卫星ETF招商,193461.63
2026-09-21,SZSE,159219,深证100ETF融通,1038.80
2026-09-21,SZSE,159220,港股通红利低波ETF华宝,42156.95
2026-09-21,SZSE,159221,现金流ETF嘉实,106801.32
2026-09-21,SZSE,159222,自由现金流ETF易方达,170737.04
2026-09-21,SZSE,159223,现金流ETF永赢,17484.47
2026-09-21,SZSE,159225,现金流ETF银华,25974.48
2026-09-21,SZSE,159226,中证A500增强ETF国泰,8409.48
2026-09-21,SZSE,159227,航空航天ETF华夏,430891.11
2026-09-21,SZSE,159228,红利低波ETF长城,10321.26
2026-09-21,SZSE,159229,自由现金流ETF广发,13605.60
2026-09-21,SZSE,159230,通用航空ETF华夏,29830.42
2026-09-21,SZSE,159231,通用航空ETF华宝,32709.18
2026-09-21,SZSE,159232,自由现金流ETF南方,207094.85
2026-09-21,SZSE,159233,自由现金流ETF平安,61762.34
2026-09-21,SZSE,159235,中证现金流ETF大成,190472.95
2026-09-21,SZSE,159236,自由现金流ETF工银,3772.21
2026-09-21,SZSE,159237,港股汽车ETF工银,4233.42
2026-09-21,SZSE,159238,沪深300增强ETF景顺,5401.61
2026-09-21,SZSE,159239,港股通汽车ETF富国,11078.07
2026-09-21,SZSE,159240,A500增强ETF天弘,1761.97
2026-09-21,SZSE,159241,航空航天ETF天弘,128707.42
2026-09-21,SZSE,159242,创业板人工智能ETF大成,39627.85
2026-09-21,SZSE,159243,创业板人工智能ETF招商,13303.02
2026-09-21,SZSE,159245,港股通消费ETF富国,7411.32
2026-09-21,SZSE,159246,创业板人工智能ETF富国,308165.56
2026-09-21,SZSE,159247,创业板ETF汇添富,51798.49
2026-09-21,SZSE,159248,人工智能ETF万家,12609.56
2026-09-21,SZSE,159249,A500增强ETF工银,11119.19
2026-09-21,SZSE,159251,港股通科技ETF万家,24378.77
2026-09-21,SZSE,159253,银行ETF博时,48170.49
2026-09-21,SZSE,159255,通用航空ETF易方达,6533.88
2026-09-21,SZSE,159256,创业板软件ETF华夏,57018.37
2026-09-21,SZSE,159257,航空ETF汇添富,14641.69
2026-09-21,SZSE,159258,机器人ETF南方,133176.56
2026-09-21,SZSE,159259,成长ETF易方达,691169.64
2026-09-21,SZSE,159260,证券ETF博时,103771.35
2026-09-21,SZSE,159261,创业板新能源ETF鹏华,4981.49
2026-09-21,SZSE,159262,港股通科技ETF广发,554572.04
2026-09-21,SZSE,159263,价值ETF易方达,751110.51
2026-09-21,SZSE,159265,港股消费ETF鹏华,18195.08
2026-09-21,SZSE,159266,港股央企红利ETF永赢,33571.00
2026-09-21,SZSE,159267,航天ETF华安,246850.61
2026-09-21,SZSE,159268,港股通消费ETF汇添富,38905.50
2026-09-21,SZSE,159269,港股通科技ETF南方,146631.17
2026-09-21,SZSE,159270,创业板200ETF南方,8876.36
2026-09-21,SZSE,159271,恒生ETF鹏华,23138.67
2026-09-21,SZSE,159272,机器人ETF富国,368216.46
2026-09-21,SZSE,159273,云计算ETF汇添富,70377.75
2026-09-21,SZSE,159275,农牧渔ETF华宝,25030.29
2026-09-21,SZSE,159276,现金流ETF汇添富,54969.66
2026-09-21,SZSE,159277,港股通红利ETF富国,3255.70
2026-09-21,SZSE,159278,机器人ETF鹏华,199154.58
2026-09-21,SZSE,159279,创业板人工智能ETF华安,14238.75
2026-09-21,SZSE,159280,港股通互联网ETF汇添富,10771.71
2026-09-21,SZSE,159281,港股央企红利ETF天弘,23923.30
2026-09-21,SZSE,159283,通用航空ETF南方,28543.79
2026-09-21,SZSE,159285,港股通消费ETF华安,24648.66
2026-09-21,SZSE,159286,港股通创新药ETF鹏华,71278.54
2026-09-21,SZSE,159287,创业板综ETF博时,10956.87
2026-09-21,SZSE,159288,创业板综ETF银华,9217.49
2026-09-21,SZSE,159289,创业板综指ETF鹏华,3390.26
2026-09-21,SZSE,159290,创业板综指增强ETF东财,4210.03
2026-09-21,SZSE,159291,创业板综增强ETF招商,1745.73
2026-09-21,SZSE,159292,创业板综增强ETF华宝,17518.95
2026-09-21,SZSE,159293,创业板综增强ETF建信,2315.93
2026-09-21,SZSE,159295,创业综指ETF西部利得,8095.82
2026-09-21,SZSE,159296,A500红利低波ETF华宝,3404.29
2026-09-21,SZSE,159297,港股通创新药ETF南方,338741.86
2026-09-21,SZSE,159298,创业板50ETF大成,16428.10
2026-09-21,SZSE,159299,金融科技ETF易方达,66547.29
2026-09-21,SZSE,159300,沪深300ETF富国,34295.80
2026-09-21,SZSE,159301,公用事业ETF华夏,12045.83
2026-09-21,SZSE,159302,港股高股息ETF银华,4829.76
2026-09-21,SZSE,159303,恒生医疗ETF大成,6899.16
2026-09-21,SZSE,159305,储能电池ETF广发,118064.03
2026-09-21,SZSE,159306,汽车零部件ETF平安,2224.46
2026-09-21,SZSE,159307,红利低波100ETF博时,685290.35
2026-09-21,SZSE,159309,油气ETF汇添富,87537.17
2026-09-21,SZSE,159310,芯片ETF天弘,50298.10
2026-09-21,SZSE,159311,数字经济ETF易方达,3738.39
2026-09-21,SZSE,159312,恒指港股通ETF广发,3222.43
2026-09-21,SZSE,159315,黄金股ETF工银,18558.96
2026-09-21,SZSE,159316,港股通创新药ETF易方达,529633.61
2026-09-21,SZSE,159318,恒指港股通ETF银华,1360.16
2026-09-21,SZSE,159320,电网设备ETF广发,166123.55
2026-09-21,SZSE,159321,黄金股ETF华安,46840.03
2026-09-21,SZSE,159322,黄金股ETF平安,11841.16
2026-09-21,SZSE,159323,港股通汽车ETF华夏,12509.73
2026-09-21,SZSE,159325,半导体ETF南方,107692.10
2026-09-21,SZSE,159326,电网设备ETF华夏,1113726.55
2026-09-22,SSE,510010,治理ETF,12752.44
2026-09-22,SSE,510020,超大ETF,3584.8
2026-09-22,SSE,510030,价值ETF,13822.98
2026-09-22,SSE,510040,上证180E,2648
2026-09-22,SSE,510050,50ETF,747606.68
2026-09-22,SSE,510060,央企ETF,3495.92
2026-09-22,SSE,510090,ESG建信,2458.11
2026-09-22,SSE,510100,SZ50ETF,101390.68
2026-09-22,SSE,510130,中盘ETF,3148.51
2026-09-22,SSE,510140,上证指,7723.05
2026-09-22,SSE,510150,消费ETF,279917.86
2026-09-22,SSE,510160,产业升级,18205.74
2026-09-22,SSE,510170,商品ETF,31091.48
2026-09-22,SSE,510180,180ETF,442405.77
2026-09-22,SSE,510190,上证50基,2365.08
2026-09-22,SSE,510200,上证券商,14588.55
2026-09-22,SSE,510210,综指ETF,1287819.26
2026-09-22,SSE,510230,金融ETF,67880.8
2026-09-22,SSE,510270,国企ETF,1583.21
2026-09-22,SSE,510290,380ETF,5444.89
2026-09-22,SSE,510300,300ETF,2373798.77
2026-09-22,SSE,510310,HS300ETF,1145674.4
2026-09-22,SSE,510320,300中金,63706.85
2026-09-22,SSE,510330,华夏300,842874.98
2026-09-22,SSE,510350,工银300,68951.47
2026-09-22,SSE,510360,广发300,224638.12
2026-09-22,SSE,510370,兴业300,8725.81
2026-09-22,SSE,510380,国寿300,140180.24
2026-09-22,SSE,510390,平安300,13745
2026-09-22,SSE,510410,资源ETF,44025.84
2026-09-22,SSE,510500,500ETF,571856.86
2026-09-22,SSE,510510,广发500,85903.83
2026-09-22,SSE,510530,工银500,4747.94
2026-09-22,SSE,510550,方正500,2374.33
2026-09-22,SSE,510560,国寿500,5231.87
2026-09-22,SSE,510570,兴业500,5056.06
2026-09-22,SSE,510580,ZZ500ETF,116456.83
2026-09-22,SSE,510590,平安500,11478.61
2026-09-22,SSE,510600,沪50ETF,1361.51
2026-09-22,SSE,510630,消费30,53836.15
2026-09-22,SSE,510650,金融行业,1295.25
2026-09-22,SSE,510660,医药行业,5037.97
2026-09-22,SSE,510670,180指,17549.3
2026-09-22,SSE,510680,万家50,2142.47
2026-09-22,SSE,510710,上50ETF,10821.89
2026-09-22,SSE,510720,红利国泰,177776.6
2026-09-22,SSE,510760,上证ETF,324850.37
2026-09-22,SSE,510770,G60创新,2011.07
2026-09-22,SSE,510800,上证50,17857.6
2026-09-22,SSE,510810,上海国企,575869.37
2026-09-22,SSE,510850,工银上50,4909.89
2026-09-22,SSE,510880,红利ETF,563317.57
2026-09-22,SSE,510900,恒生中国,319702.19
2026-09-22,SSE,510910,上证指CS,15379.6
2026-09-22,SSE,510950,上证广发,12802.08
2026-09-22,SSE,510980,上证综合,59379.8
2026-09-22,SSE,510990,ESG180,3894.86
2026-09-22,SSE,511010,国债ETF,5290.63
2026-09-22,SSE,511020,活跃国债,3892.75
2026-09-22,SSE,511030,公司债,40533.07
2026-09-22,SSE,511060,5年地债,2134.63
2026-09-22,SSE,511070,沪公司债,32700.1
2026-09-22,SSE,511090,30年国债,31553.81
2026-09-22,SSE,511100,基准国债,9184.05
2026-09-22,SSE,511110,公司债易,37179.96
2026-09-22,SSE,511120,科创债基,15516.06
2026-09-22,SSE,511130,国债30年,21322.97
2026-09-22,SSE,511150,科债永赢,11409.09
2026-09-22,SSE,511160,国债东财,2270.09
2026-09-22,SSE,511180,上证转债,93815.97
2026-09-22,SSE,511190,信用债,18943.43
2026-09-22,SSE,511200,信用债基,28723.75
2026-09-22,SSE,511220,城投ETF,532128.14
2026-09-22,SSE,511260,十年国债,18018.65
2026-09-22,SSE,511270,10年地债,9467.75
2026-09-22,SSE,511360,短融ETF,73751.66
2026-09-22,SSE,511380,转债ETF,464728.67
2026-09-22,SSE,511520,政金债,40259.65
2026-09-22,SSE,511580,国债政金,7674.28
2026-09-22,SSE,512000,券商ETF,7115643.54
2026-09-22,SSE,512010,医药ETF,3920769.49
2026-09-22,SSE,512020,A500,110001.27
2026-09-22,SSE,512030,A50增,4324
2026-09-22,SSE,512040,国信价值,464171.59
2026-09-22,SSE,512050,A500E,1589899.22
2026-09-22,SSE,512060,A100指基,892.8
2026-09-22,SSE,512070,证券保险,1663847.97
2026-09-22,SSE,512080,A500中金,78218.61
2026-09-22,SSE,512090,MSCI易基,30959.23
2026-09-22,SSE,512100,1000ETF,653921.76
2026-09-22,SSE,512120,医药50,76224.19
2026-09-22,SSE,512130,现金全指,1189.5
2026-09-22,SSE,512140,电力事业,13104.9
2026-09-22,SSE,512150,A50ETF,1907.34
2026-09-22,SSE,512160,MSCI基金,11977.78
2026-09-22,SSE,512170,医疗ETF,7045282.05
2026-09-22,SSE,512180,建信MSCI,4804.8
2026-09-22,SSE,512190,之江凤凰,22321.84
2026-09-22,SSE,512200,地产ETF,316784.79
2026-09-22,SSE,512220,TMTETF,21446.76
2026-09-22,SSE,512240,A50龙头,2168.6
2026-09-22,SSE,512250,A50指数E,11960.01
2026-09-22,SSE,512260,500低波,2049.77
2026-09-22,SSE,512290,生物医药,317582.07
2026-09-22,SSE,512330,信息ETF,35668.8
2026-09-22,SSE,512360,MSCI国际,2733.77
2026-09-22,SSE,512370,A500增指,29631.3
2026-09-22,SSE,512380,MSCI中国,7280.56
2026-09-22,SSE,512390,MSCI低波,968.2
2026-09-22,SSE,512400,有色ETF,1419753.9
2026-09-22,SSE,512410,银行广发,4257.17
2026-09-22,SSE,512420,机械华安,7123.89
2026-09-22,SSE,512430,家电家居,3872
2026-09-22,SSE,512450,广发养殖,9836.7
2026-09-22,SSE,512460,电池主题,31482.3
2026-09-22,SSE,512480,半导体,1965400.72
2026-09-22,SSE,512500,中证500,185680.88
2026-09-22,SSE,512510,ETF500,43192.98
2026-09-22,SSE,512520,MSCIETF,4205.64
2026-09-22,SSE,512530,300红利,9250.2
2026-09-22,SSE,512550,A50基金,10890.6
2026-09-22,SSE,512560,中证军工,90612.7
2026-09-22,SSE,512570,中证证券,402780.61
2026-09-22,SSE,512580,环保ETF,53907.17
2026-09-22,SSE,512600,必选消费,169345.61
2026-09-22,SSE,512620,农业TH,133866.6
2026-09-22,SSE,512630,卫星基金,155542.6
2026-09-22,SSE,512640,金融地产,2074.09
2026-09-22,SSE,512650,长三角,3294.16
2026-09-22,SSE,512660,军工ETF,684208
2026-09-22,SSE,512670,国防ETF,210765.26
2026-09-22,SSE,512680,军工基金,306013.01
2026-09-22,SSE,512690,酒ETF,3205195.02
2026-09-22,SSE,512700,银行基金,68858.1
2026-09-22,SSE,512710,军工龙头,1124165.84
2026-09-22,SSE,512720,计算机,35345.34
2026-09-22,SSE,512730,银行FUND,4958.39
2026-09-22,SSE,512740,车零件GF,8189.84
2026-09-22,SSE,512750,基本面50,4565.49
2026-09-22,SSE,512760,芯片ETF,971944.55
2026-09-22,SSE,512770,战略新兴,9826.78
2026-09-22,SSE,512800,银行ETF,1166367.99
2026-09-22,SSE,512810,国防军工,95758.35
2026-09-22,SSE,512820,银行股基,40720.19
2026-09-22,SSE,512870,杭州湾区,2241.06
2026-09-22,SSE,512880,证券ETF,5637429.15
2026-09-22,SSE,512890,红利低波,2581311.08
2026-09-22,SSE,512900,证券基金,740540.6
2026-09-22,SSE,512910,100ETF,12962.88
2026-09-22,SSE,512930,AIETF,468452.13
2026-09-22,SSE,512940,有色矿业,214870.5
2026-09-22,SSE,512950,央企改革,404555.1
2026-09-22,SSE,512960,央调ETF,385425.73
2026-09-22,SSE,512970,湾区ETF,598.76
2026-09-22,SSE,512980,传媒ETF,541192.44
2026-09-22,SSE,512990,MSCIA股,9901.54
2026-09-22,SSE,513000,225ETF,106741.14
2026-09-22,SSE,513010,港股科技,4479630.7
2026-09-22,SSE,513020,科技HK,231514.54
2026-09-22,SSE,513030,德国ETF,103277.9
2026-09-22,SSE,513040,HK互联网,663584.13
2026-09-22,SSE,513050,中概互联,3475543.27
2026-09-22,SSE,513060,恒生医疗,827539.33
2026-09-22,SSE,513070,HK消费50,130876.08
2026-09-22,SSE,513080,法国ETF,67591.6
2026-09-22,SSE,513090,香港证券,995648.8
2026-09-22,SSE,513100,纳指ETF,962711.06
2026-09-22,SSE,513110,纳指100,221643.5
2026-09-22,SSE,513120,HK创新药,1704413.54
2026-09-22,SSE,513130,恒生科技,6076634.7
2026-09-22,SSE,513140,港股金融,7836.8
2026-09-22,SSE,513150,港科技50,10055.98
2026-09-22,SSE,513160,科技30,304118.93
2026-09-22,SSE,513170,恒生央企,15457.3
2026-09-22,SSE,513180,恒指科技,7126475.95
2026-09-22,SSE,513190,H股金融,110193.6
2026-09-22,SSE,513200,港股医药,82128.21
2026-09-22,SSE,513210,恒生E,3994.2
2026-09-22,SSE,513220,互联网30,53110.94
2026-09-22,SSE,513230,H股消费,32942.27
2026-09-22,SSE,513240,港信息,10349.6
2026-09-22,SSE,513260,恒科技,495424.3
2026-09-22,SSE,513280,恒生生物,33611.45
2026-09-22,SSE,513290,纳指生物,106857.21
2026-09-22,SSE,513300,纳斯达克,545692.1
2026-09-22,SSE,513310,中韩芯片,251742.7
2026-09-22,SSE,513320,HK新经济,9101.06
2026-09-22,SSE,513330,恒生互联,7490148
2026-09-22,SSE,513350,油气ETF,85874.6
2026-09-22,SSE,513360,教育ETF,61771.39
2026-09-22,SSE,513380,科技恒生,1811678.49
2026-09-22,SSE,513390,纳指基金,217037.91
2026-09-22,SSE,513400,道琼斯,305206.2
2026-09-22,SSE,513500,标普500,1029163.86
2026-09-22,SSE,513520,日经ETF,108388.72
2026-09-22,SSE,513530,港股红利,338243.87
2026-09-22,SSE,513550,港股通50,160299.2
2026-09-22,SSE,513560,香港科技,53138.6
2026-09-22,SSE,513580,HS科技,605511.8
2026-09-22,SSE,513590,香港消费,13111.89
2026-09-22,SSE,513600,恒指ETF,57982.95
2026-09-22,SSE,513620,港医疗指,5421.6
2026-09-22,SSE,513630,香港红利,709035.9
2026-09-22,SSE,513650,标普ETF,444173.4
2026-09-22,SSE,513660,恒生通,176400.02
2026-09-22,SSE,513690,港红利股,307497.99
2026-09-22,SSE,513700,香港医药,75884.6
2026-09-22,SSE,513720,香港互联,25085.9
2026-09-22,SSE,513730,东南亚,78835.5
2026-09-22,SSE,513750,港股非银,776033.8
2026-09-22,SSE,513770,港股互联,1443513.79
2026-09-22,SSE,513780,港股新药,174015.7
2026-09-22,SSE,513800,东证ETF,104624.44
2026-09-22,SSE,513810,港股国企,4399.2
2026-09-22,SSE,513820,港股分红,168666.9
2026-09-22,SSE,513830,红利港股,5231.1
2026-09-22,SSE,513850,美国50,131789.26
2026-09-22,SSE,513860,HKC科技,256747.06
2026-09-22,SSE,513870,纳指指数,143667.1
2026-09-22,SSE,513880,日经225,132697
2026-09-22,SSE,513890,HK科技,89112.8
2026-09-22,SSE,513900,港股100,9097.8
2026-09-22,SSE,513910,红利央企,190627.6
2026-09-22,SSE,513920,央企40,229223.1
2026-09-22,SSE,513930,香港生科,8090.8
2026-09-22,SSE,513950,恒生红利,235711.9
2026-09-22,SSE,513970,恒生消费,141504.1
2026-09-22,SSE,513980,科技港股,1629020.4
2026-09-22,SSE,513990,港股通综,4300
2026-09-22,SSE,515000,科技ETF,319657.93
2026-09-22,SSE,515010,华夏证券,208627.16
2026-09-22,SSE,515020,银行指数,38384.53
2026-09-22,SSE,515030,新汽车,145738.4
2026-09-22,SSE,515040,工业金属,5431.96
2026-09-22,SSE,515050,5GETF,1779920.54
2026-09-22,SSE,515060,华夏地产,94247.81
2026-09-22,SSE,515070,AI智能,748094.04
2026-09-22,SSE,515080,中证红利,714914.89
2026-09-22,SSE,515090,可持续,980.17
2026-09-22,SSE,515100,红利100,362419.15
2026-09-22,SSE,515110,国企方达,21229.5
2026-09-22,SSE,515120,创新药,1692999.36
2026-09-22,SSE,515130,HS300E,10046.32
2026-09-22,SSE,515150,国企富国,39770.32
2026-09-22,SSE,515160,MSCI招商,24395.51
2026-09-22,SSE,515170,食品饮料,860125.79
2026-09-22,SSE,515180,100红利,1268163.7
2026-09-22,SSE,515190,BOCI500,29346.61
2026-09-22,SSE,515200,创新100,3894.32
2026-09-22,SSE,515210,钢铁ETF,93122.61
2026-09-22,SSE,515220,煤炭ETF,809967.69
2026-09-22,SSE,515230,软件ETF,789269.09
2026-09-22,SSE,515250,智能汽车,33894.45
2026-09-22,SSE,515260,电子ETF,87056.84
2026-09-22,SSE,515290,银行,244127.29
2026-09-22,SSE,515300,红利300,268067.52
2026-09-22,SSE,515310,添富300,32511.12
2026-09-22,SSE,515320,电子50,8830.9
2026-09-22,SSE,515330,天弘300,655170.95
2026-09-22,SSE,515350,民生300,1169.92
2026-09-22,SSE,515360,方正300,3727.93
2026-09-22,SSE,515370,中证光伏,97771.3
2026-09-22,SSE,515380,泰康300,65979.98
2026-09-22,SSE,515390,HS300,202268.3
2026-09-22,SSE,515400,大数据,165163.14
2026-09-22,SSE,515440,A股南方,10117.93
2026-09-22,SSE,515450,红利50,1455283.5
2026-09-22,SSE,515460,质量红利,27509.1
2026-09-22,SSE,515480,红利一百,2434.07
2026-09-22,SSE,515530,泰康500,1384.27
2026-09-22,SSE,515550,国联500,2034.57
2026-09-22,SSE,515560,证券E,19188.33
2026-09-22,SSE,515580,中证科技,30203.14
2026-09-22,SSE,515590,500ETFEW,3411.37
2026-09-22,SSE,515600,央企创新,103579.74
2026-09-22,SSE,515630,保险证券,93771.77
2026-09-22,SSE,515640,家电指数,2605
2026-09-22,SSE,515650,消费50,309518.4
2026-09-22,SSE,515660,沪深300E,43449.42
2026-09-22,SSE,515680,创新央企,109526.47
2026-09-22,SSE,515700,新能车,58051.02
2026-09-22,SSE,515710,食品ETF,233359.98
2026-09-22,SSE,515720,金科富国,51861.1
2026-09-22,SSE,515730,家居家电,4089.2
2026-09-22,SSE,515750,科技50,26314.05
2026-09-22,SSE,515760,浙江国资,9538.81
2026-09-22,SSE,515770,MSCIAETF,3972.73
2026-09-22,SSE,515790,光伏ETF,594749.4
2026-09-22,SSE,515800,800ETF,376843.72
2026-09-22,SSE,515810,ZZ800ETF,27590.88
2026-09-22,SSE,515840,食品南方,3042.64
2026-09-22,SSE,515850,证券龙头,64829.1
2026-09-22,SSE,515860,科技100,10287.89
2026-09-22,SSE,515880,通信ETF,6485177.4
2026-09-22,SSE,515890,红利博时,38344.39
2026-09-22,SSE,515900,央创ETF,222184.65
2026-09-22,SSE,515910,质量ETF,22150.7
2026-09-22,SSE,515920,智能消费,5990.57
2026-09-22,SSE,515940,电网南方,10341.23
2026-09-22,SSE,515950,医药龙头,53420.06
2026-09-22,SSE,515960,医药100,23999.19
2026-09-22,SSE,515970,华夏机械,43608.8
2026-09-22,SSE,515980,人工智能,605012.9
2026-09-22,SSE,515990,添富国企,5235.02
2026-09-22,SSE,516000,数据ETF,42385.5
2026-09-22,SSE,516010,游戏ETF,239469.3
2026-09-22,SSE,516020,化工ETF,351932.62
2026-09-22,SSE,516040,现金300,13451.66
2026-09-22,SSE,516050,科技龙头,15822.8
2026-09-22,SSE,516060,新药ETF,29623.74
2026-09-22,SSE,516070,碳中和50,29864.6
2026-09-22,SSE,516080,创新医药,500655.48
2026-09-22,SSE,516090,新能源E,170284.48
2026-09-22,SSE,516100,科技金融,115975.97
2026-09-22,SSE,516110,汽车ETF,24262.31
2026-09-22,SSE,516120,化工50,467608.2
2026-09-22,SSE,516130,消费龙头,156789
2026-09-22,SSE,516150,稀土基金,376607.7
2026-09-22,SSE,516160,新能源,156414.2
2026-09-22,SSE,516180,光伏产业,15298.7
2026-09-22,SSE,516190,文娱ETF,11881.85
2026-09-22,SSE,516200,证券行业,44960.4
2026-09-22,SSE,516210,银行股,6973.1
2026-09-22,SSE,516220,化工龙头,25317
2026-09-22,SSE,516230,光伏招商,75492.1
2026-09-22,SSE,516250,富国机械,6087.8
2026-09-22,SSE,516260,物联网50,4588.26
2026-09-22,SSE,516270,新能源50,33290.9
2026-09-22,SSE,516290,光伏基金,74519.69
2026-09-22,SSE,516300,中证1000,3901.26
2026-09-22,SSE,516310,银行指基,165295.85
2026-09-22,SSE,516320,装备ETF,8958.93
2026-09-22,SSE,516330,物联网,727.13
2026-09-22,SSE,516350,芯片50,133241.53
2026-09-22,SSE,516360,新材料,6155.18
2026-09-22,SSE,516370,全指电力,27440.8
2026-09-22,SSE,516380,智能电车,8844.93
2026-09-22,SSE,516390,电动车,18726.1
2026-09-22,SSE,516440,南方机械,12562.66
2026-09-22,SSE,516460,现金流E,41969.3
2026-09-22,SSE,516500,生物ETF,20693.72
2026-09-22,SSE,516510,云计算,155789
2026-09-22,SSE,516520,智能驾驶,76176.55
2026-09-22,SSE,516530,物流快递,1680.23
2026-09-22,SSE,516550,农业ETF,26341.44
2026-09-22,SSE,516560,养老ETF,21425.8
2026-09-22,SSE,516570,石化ETF,113535.76
2026-09-22,SSE,516580,新能源BS,14912.41
2026-09-22,SSE,516590,电动汽车,5201.5
2026-09-22,SSE,516600,消服ETF,11033.21
2026-09-22,SSE,516610,医服ETF,22797.48
2026-09-22,SSE,516620,影视ETF,21076.75
2026-09-22,SSE,516630,云计算50,43715.6
2026-09-22,SSE,516640,芯片龙头,130248.28
2026-09-22,SSE,516650,有色50,528946.48
2026-09-22,SSE,516660,新能汽车,15868.9
2026-09-22,SSE,516670,畜牧养殖,335826.63
2026-09-22,SSE,516700,数据产业,17512.2
2026-09-22,SSE,516710,新材料50,7427.2
2026-09-22,SSE,516720,ESGETF,783.78
2026-09-22,SSE,516730,证券公司,22638.08
2026-09-22,SSE,516750,建材ETF,13866.73
2026-09-22,SSE,516760,养殖ETF,28821.51
2026-09-22,SSE,516770,游戏动漫,24104.8
2026-09-22,SSE,516780,稀土ETF,234009.97
2026-09-22,SSE,516790,保健ETF,18268.22
2026-09-22,SSE,516800,智能制造,18230.8
2026-09-22,SSE,516810,农业,53847.89
2026-09-22,SSE,516820,医疗创新,459641.52
2026-09-22,SSE,516830,300ESG,8967.69
2026-09-22,SSE,516840,汽车基金,12727.7
2026-09-22,SSE,516850,新能源80,14623.7
2026-09-22,SSE,516860,金融科技,118252.2
2026-09-22,SSE,516880,光伏50,90994.41
2026-09-22,SSE,516890,新材ETF,3531.14
2026-09-22,SSE,516900,食品50,28022.9
2026-09-22,SSE,516910,物流ETF,6564.18
2026-09-22,SSE,516920,芯片基金,48696.3
2026-09-22,SSE,516930,生科ETF,10913.96
2026-09-22,SSE,516950,基建ETF,10882.1
2026-09-22,SSE,516960,机械ETF,1605.11
2026-09-22,SSE,516970,基建50,109454.25
2026-09-22,SSE,516980,证券先锋,5451.6
2026-09-22,SSE,517000,沪港深,12279.3
2026-09-22,SSE,517010,HGS500E,7214.42
2026-09-22,SSE,517030,HGS300,7204.03
2026-09-22,SSE,517050,互联网50,34760.5
2026-09-22,SSE,517080,HGS500,16916.6
2026-09-22,SSE,517090,共赢ETF,8307.5
2026-09-22,SSE,517100,AH500ETF,14360.21
2026-09-22,SSE,517110,创新药HK,124309.85
2026-09-22,SSE,517120,创新药50,51096.64
2026-09-22,SSE,517130,云计算JS,18365.4
2026-09-22,SSE,517160,长江ETF,182677.75
2026-09-22,SSE,517170,沪港深E,1613.18
2026-09-22,SSE,517180,中国国企,8249.63
2026-09-22,SSE,517200,互联网,14378.2
2026-09-22,SSE,517230,云计算MW,13654.58
2026-09-22,SSE,517300,AH300ETF,96343.45
2026-09-22,SSE,517330,长江保护,180816.9
2026-09-22,SSE,517350,龙头科技,4604.2
2026-09-22,SSE,517360,AH科技,2358.3
2026-09-22,SSE,517380,创新药AH,284032.63
2026-09-22,SSE,517390,云计算AH,12811.26
2026-09-22,SSE,517400,黄金股票,102379.2
2026-09-22,SSE,517520,黄金股,705940.4
2026-09-22,SSE,517550,消费主题,8041.74
2026-09-22,SSE,517660,物联网AH,3988.07
2026-09-22,SSE,517770,游戏传媒,19194.78
2026-09-22,SSE,517800,AI50,20853.97
2026-09-22,SSE,517850,张江ETF,3818.52
2026-09-22,SSE,517880,品牌消费,4933.71
2026-09-22,SSE,517900,银行优选,38999.35
2026-09-22,SSE,517950,交银科技,4712.32
2026-09-22,SSE,517990,医药基金,4498.79
2026-09-22,SSE,518600,上海金,88921.63
2026-09-22,SSE,518660,工银黄金,102075.27
2026-09-22,SSE,518680,金ETF,86436.95
2026-09-22,SSE,518800,黄金基金,398857.92
2026-09-22,SSE,518850,黄金9999,199627.87
2026-09-22,SSE,518860,上海金E,47835.98
2026-09-22,SSE,518880,黄金ETF,1206044.08
2026-09-22,SSE,518890,中银黄金,37795.48
2026-09-22,SSE,520500,恒生新药,185630.5
2026-09-22,SSE,520510,港股医疗,31372.8
2026-09-22,SSE,520520,HK消费,5160.6
2026-09-22,SSE,520530,港科ETF,25377.6
2026-09-22,SSE,520550,红利恒生,119502.4
2026-09-22,SSE,520560,香港30,60741.9
2026-09-22,SSE,520570,科技恒指,364987.6
2026-09-22,SSE,520580,新兴亚洲,29298.39
2026-09-22,SSE,520590,恒科,22123.5
2026-09-22,SSE,520600,汽车港股,28186.8
2026-09-22,SSE,520610,港红利指,39796.3
2026-09-22,SSE,520620,港股消费,28440.9
2026-09-22,SSE,520630,互联港股,59261
2026-09-22,SSE,520650,互联网HK,246225.5
2026-09-22,SSE,520660,港红利CS,191248.55
2026-09-22,SSE,520670,港科基金,21992.81
2026-09-22,SSE,520680,港股通车,7636.9
2026-09-22,SSE,520690,恒生港药,63645.4
2026-09-22,SSE,520700,创新药WJ,46107.6
2026-09-22,SSE,520710,信息港股,8802.9
2026-09-22,SSE,520720,香港汽车,13594.2
2026-09-22,SSE,520730,汽车WJ,12039.44
2026-09-22,SSE,520740,互联香港,4001.26
2026-09-22,SSE,520750,HK信息,12538.4
2026-09-22,SSE,520760,港股生物,12746.6
2026-09-22,SSE,520770,港股恒指,21337.38
2026-09-22,SSE,520780,港股车50,4146
2026-09-22,SSE,520790,港互联网,66307.5
2026-09-22,SSE,520810,港高股息,31836
2026-09-22,SSE,520820,恒指通,5868.2
2026-09-22,SSE,520830,沙特ETF,103311.9
2026-09-22,SSE,520840,港科技,115904.9
2026-09-22,SSE,520850,港医疗,15224.96
2026-09-22,SSE,520860,港股通科,34419.5
2026-09-22,SSE,520870,巴西ETF,51797.72
2026-09-22,SSE,520880,港创新药,434161.8
2026-09-22,SSE,520890,港红利,7900.8
2026-09-22,SSE,520900,红利香港,151067.5
2026-09-22,SSE,520910,HK互联,75644.5
2026-09-22,SSE,520920,恒生科TH,1923401.9
2026-09-22,SSE,520930,恒生生科,14373.3
2026-09-22,SSE,520940,恒指基金,2229.7
2026-09-22,SSE,520950,港股50,34742.1
2026-09-22,SSE,520960,恒指港通,5160.34
2026-09-22,SSE,520970,港股通药,115735.8
2026-09-22,SSE,520980,港科技30,312838.7
2026-09-22,SSE,520990,国新红利,326947.05
2026-09-22,SSE,526000,港股信息,17114.2
2026-09-22,SSE,526010,香港医疗,3245.8
2026-09-22,SSE,526030,港信息基,14746.5
2026-09-22,SSE,526050,香港信息,4363
2026-09-22,SSE,526060,港股技术,4387.7
2026-09-22,SSE,526070,恒生博时,4937.7
2026-09-22,SSE,530000,50ETF基,92802.94
2026-09-22,SSE,530050,SH50ETF,13381.3
2026-09-22,SSE,530060,上证综E,87019.3
2026-09-22,SSE,530080,180指基,2491.7
2026-09-22,SSE,530100,上证580,12069.6
2026-09-22,SSE,530180,上证180,6195.2
2026-09-22,SSE,530280,180ETF指,2993.4
2026-09-22,SSE,530300,180指数,3364.3
2026-09-22,SSE,530380,上证380,13470.5
2026-09-22,SSE,530530,580ETF,13146
2026-09-22,SSE,530580,180基金,4914.9
2026-09-22,SSE,530680,180E,10289.19
2026-09-22,SSE,530800,上180ETF,1820.18
2026-09-22,SSE,530880,上证红利,3783.6
2026-09-22,SSE,551000,科创债,7662.41
2026-09-22,SSE,551030,科创债券,18762
2026-09-22,SSE,551060,科创债沪,5761.1
2026-09-22,SSE,551300,科创债摩,5599.75
2026-09-22,SSE,551500,科创债易,16917
2026-09-22,SSE,551510,科债AAA,15622.61
2026-09-22,SSE,551520,科创债汇,23212.16
2026-09-22,SSE,551550,科创AAA,19461.82
2026-09-22,SSE,551560,科创债兴,17317.88
2026-09-22,SSE,551580,科创债TK,10777.68
2026-09-22,SSE,551800,国泰科债,11845.14
2026-09-22,SSE,551900,科创债指,14193.17
2026-09-22,SSE,560010,1000基金,193662.17
2026-09-22,SSE,560020,红利添富,13156.2
2026-09-22,SSE,560030,800价值,2143.2
2026-09-22,SSE,560050,MSCIA50,214743.44
2026-09-22,SSE,560060,碳中和基,7509
2026-09-22,SSE,560070,央企分红,8136.23
2026-09-22,SSE,560080,中药ETF,227226.5
2026-09-22,SSE,560090,证券指数,231536.5
2026-09-22,SSE,560100,增强ETF,6258.03
2026-09-22,SSE,560110,ZZ1000,35590.35
2026-09-22,SSE,560120,500现金,56968.9
2026-09-22,SSE,560130,食品基金,6677.62
2026-09-22,SSE,560150,红利TK,66327.93
2026-09-22,SSE,560160,食品E,11970.6
2026-09-22,SSE,560170,央企科技,43949.55
2026-09-22,SSE,560180,ESG300,1310.3
2026-09-22,SSE,560190,公用事业,2733.4
2026-09-22,SSE,560210,景顺农牧,48652.2
2026-09-22,SSE,560220,2000基金,6071.7
2026-09-22,SSE,560230,光伏富国,8388.9
2026-09-22,SSE,560250,红利质量,12733.3
2026-09-22,SSE,560260,医疗50,169966.47
2026-09-22,SSE,560270,电力指数,15843.9
2026-09-22,SSE,560280,工程机械,135725.2
2026-09-22,SSE,560290,景顺有色,38069.4
2026-09-22,SSE,560300,电信50,2680.34
2026-09-22,SSE,560310,光伏博时,18712.2
2026-09-22,SSE,560320,食品富国,10133.2
2026-09-22,SSE,560330,300价值E,1613
2026-09-22,SSE,560350,A50指数,81553.21
2026-09-22,SSE,560360,软件指数,22634.5
2026-09-22,SSE,560370,全指红利,21758.4
2026-09-22,SSE,560380,A100,13886.1
2026-09-22,SSE,560390,电网E,197925.8
2026-09-22,SSE,560400,证券华泰,17549.3
2026-09-22,SSE,560410,电池鹏华,6078.61
2026-09-22,SSE,560420,食品Q,11978.02
2026-09-22,SSE,560450,电力TH,24606.9
2026-09-22,SSE,560460,电力平安,27003.7
2026-09-22,SSE,560470,有色E,29834
2026-09-22,SSE,560480,中证电力,12580.3
2026-09-22,SSE,560490,华泰有色,10848.2
2026-09-22,SSE,560500,500质量,29333.9
2026-09-22,SSE,560510,中证A500,255202.69
2026-09-22,SSE,560520,红利大成,5675.1
2026-09-22,SSE,560530,A500ETF,368862.37
2026-09-22,SSE,560550,碳中和,12359.74
2026-09-22,SSE,560560,碳中和TK,7019.01
2026-09-22,SSE,560570,A500低波,118854.12
2026-09-22,SSE,560580,电力指基,41000.3
2026-09-22,SSE,560590,1000鹏华,1671
2026-09-22,SSE,560610,A500指数,523698.84
2026-09-22,SSE,560620,公用WJ,2586.7
2026-09-22,SSE,560630,机器人WJ,14639.4
2026-09-22,SSE,560660,云50ETF,12093.8
2026-09-22,SSE,560670,中证银行,3347.4
2026-09-22,SSE,560680,龙头消费,33072.56
2026-09-22,SSE,560690,电信主题,1963.9
2026-09-22,SSE,560700,央红利50,44853.69
2026-09-22,SSE,560710,船舶ETF,174658
2026-09-22,SSE,560720,工银红利,9454.8
2026-09-22,SSE,560730,红利GTHT,6983.63
2026-09-22,SSE,560750,A500申万,7555.48
2026-09-22,SSE,560770,机器人ZS,165013.3
2026-09-22,SSE,560780,半导设备,1213648.8
2026-09-22,SSE,560790,软件服务,21645.59
2026-09-22,SSE,560800,数字ETF,29395.11
2026-09-22,SSE,560810,央企ESG,17911.6
2026-09-22,SSE,560820,A50新华,4092.6
2026-09-22,SSE,560830,电指数,66101.9
2026-09-22,SSE,560850,信创50,7016.4
2026-09-22,SSE,560860,工业有色,530223.3
2026-09-22,SSE,560870,中银有色,9135.19
2026-09-22,SSE,560880,家电基金,18773.2
2026-09-22,SSE,560900,创新药企,20196.91
2026-09-22,SSE,560910,中证电池,22372.1
2026-09-22,SSE,560920,招商机械,4537.33
2026-09-22,SSE,560930,电力E,19502.4
2026-09-22,SSE,560950,500增,1548.3
2026-09-22,SSE,560970,有色金属,6913.8
2026-09-22,SSE,560980,光伏龙头,32852.2
2026-09-22,SSE,560990,科技先锋,1618.71
2026-09-22,SSE,561000,300指增,4742
2026-09-22,SSE,561010,软件开发,29235.6
2026-09-22,SSE,561020,食品招商,2502.22
2026-09-22,SSE,561030,机械华泰,18255
2026-09-22,SSE,561050,稀金属E,23025
2026-09-22,SSE,561060,红利国企,4506.5
2026-09-22,SSE,561080,现金自由,2425
2026-09-22,SSE,561090,A500增,20997.4
2026-09-22,SSE,561100,电子龙头,58674.69
2026-09-22,SSE,561120,家电ETF,2815.99
2026-09-22,SSE,561130,国货ETF,8393.52
2026-09-22,SSE,561160,锂电池,228833.5
2026-09-22,SSE,561170,绿电50,50403.27
2026-09-22,SSE,561180,A100ETF,4960.96
2026-09-22,SSE,561190,双碳ETF,19331.8
2026-09-22,SSE,561200,A100基金,3147.05
2026-09-22,SSE,561220,国企数字,4455.3
2026-09-22,SSE,561230,A50,46047.78
2026-09-22,SSE,561250,稀金属PH,5875.22
2026-09-22,SSE,561260,能源ETF,2329.52
2026-09-22,SSE,561280,增强1000,7884.77
2026-09-22,SSE,561300,300增ETF,56296.5
2026-09-22,SSE,561310,消电ETF,10783.31
2026-09-22,SSE,561320,交运ETF,5036.9
2026-09-22,SSE,561330,矿业ETF,181639.21
2026-09-22,SSE,561350,国泰500,12170
2026-09-22,SSE,561360,石油ETF,123914.8
2026-09-22,SSE,561370,2000ETF,3235.6
2026-09-22,SSE,561380,电网ETF,612603.4
2026-09-22,SSE,561390,稀金属PA,8712.81
2026-09-22,SSE,561400,鑫元养殖,2451.9
2026-09-22,SSE,561410,光伏工银,18561.33
2026-09-22,SSE,561420,300现金,100623.7
2026-09-22,SSE,561430,全指质量,2972.32
2026-09-22,SSE,561450,华泰红利,7412.43
2026-09-22,SSE,561460,AITH,288352
2026-09-22,SSE,561470,畜牧TH,7993.6
2026-09-22,SSE,561490,红利财通,7763.13
2026-09-22,SSE,561500,漂亮50,5460.03
2026-09-22,SSE,561510,中医药,6520.6
2026-09-22,SSE,561530,银华银行,5733.4
2026-09-22,SSE,561550,500指增,138598.96
2026-09-22,SSE,561560,电力ETF,191512.42
2026-09-22,SSE,561570,油气基金,7114.7
2026-09-22,SSE,561580,央企红利,197537.07
2026-09-22,SSE,561590,1000增强,10149.96
2026-09-22,SSE,561600,消费电子,28454.8
2026-09-22,SSE,561610,鑫元绿电,15862.38
2026-09-22,SSE,561620,华泰化工,3172.7
2026-09-22,SSE,561630,华泰质量,4189.8
2026-09-22,SSE,561660,通航基金,6471
2026-09-22,SSE,561680,A500红低,5416.9
2026-09-22,SSE,561690,质量300,28588.06
2026-09-22,SSE,561700,电力基金,33831.36
2026-09-22,SSE,561730,中证A股,6674.81
2026-09-22,SSE,561750,A50博时,6149.6
2026-09-22,SSE,561760,油气博时,15919.5
2026-09-22,SSE,561770,指基A100,3555
2026-09-22,SSE,561780,1000指增,1735.58
2026-09-22,SSE,561790,现代能源,5513.4
2026-09-22,SSE,561800,稀金属,20757.72
2026-09-22,SSE,561810,华泰医疗,4763.84
2026-09-22,SSE,561830,有色GTHT,18257.11
2026-09-22,SSE,561870,XD现金流,8876.5
2026-09-22,SSE,561880,XDA100指,8438.9
2026-09-22,SSE,561890,A股E,3111.26
2026-09-22,SSE,561900,沪深ESG,2633.44
2026-09-22,SSE,561910,电池ETF,480007.66
2026-09-22,SSE,561920,疫苗龙头,4869.2
2026-09-22,SSE,561930,招商300,18726.06
2026-09-22,SSE,561950,500增强A,7365.6
2026-09-22,SSE,561960,央企回报,5578.52
2026-09-22,SSE,561980,芯片设备,837555
2026-09-22,SSE,561990,300增强,33164.92
2026-09-22,SSE,562000,中证A100,59273.79
2026-09-22,SSE,562010,绿色能源,1829.87
2026-09-22,SSE,562030,信创基金,14497.39
2026-09-22,SSE,562050,药ETF,11846.8
2026-09-22,SSE,562060,标普红利,506679.26
2026-09-22,SSE,562070,300ETF增,55254.2
2026-09-22,SSE,562080,自由现金,56475.72
2026-09-22,SSE,562110,东证云50,14848.13
2026-09-22,SSE,562150,红利PH,18856.75
2026-09-22,SSE,562170,300现金E,22859.22
2026-09-22,SSE,562180,红低A500,9315
2026-09-22,SSE,562300,低碳ETF,6249.5
2026-09-22,SSE,562310,300成长,41657.23
2026-09-22,SSE,562320,300价值A,5229.55
2026-09-22,SSE,562330,500价值,1201.89
2026-09-22,SSE,562340,500成长,814.43
2026-09-22,SSE,562350,电力,12441.09
2026-09-22,SSE,562360,机器人YH,30147.4
2026-09-22,SSE,562380,科技引领,7462.89
2026-09-22,SSE,562390,中药,8042.9
2026-09-22,SSE,562500,机器人,1824568.73
2026-09-22,SSE,562510,旅游ETF,115809.5
2026-09-22,SSE,562520,1000成长,2656.8
2026-09-22,SSE,562530,1000价值,14414.4
2026-09-22,SSE,562550,绿电ETF,141991.93
2026-09-22,SSE,562560,信息技术,2276.55
2026-09-22,SSE,562570,信创ETF,31028.1
2026-09-22,SSE,562580,可选消费,3922.33
2026-09-22,SSE,562590,半导材料,880698.9
2026-09-22,SSE,562600,医疗器械,43793.74
2026-09-22,SSE,562660,ZZ2000,34087.4
2026-09-22,SSE,562700,汽车零件,9875
2026-09-22,SSE,562800,稀有金属,576539.5
2026-09-22,SSE,562810,上证增强,4795.1
2026-09-22,SSE,562820,集成电路,44640.8
2026-09-22,SSE,562850,央企能源,17598.15
2026-09-22,SSE,562860,疫苗ETF,32689.5
2026-09-22,SSE,562870,证券全指,59700.52
2026-09-22,SSE,562880,电池基金,88939.96
2026-09-22,SSE,562890,A50中证,27355.1
2026-09-22,SSE,562900,现代农业,22170.63
2026-09-22,SSE,562910,高端制造,30322.73
2026-09-22,SSE,562920,信息安全,9406.9
2026-09-22,SSE,562930,软件30,166543.7
2026-09-22,SSE,562950,消电50,102425.83
2026-09-22,SSE,562960,绿色电力,114939.1
2026-09-22,SSE,562970,光伏E,37644.8
2026-09-22,SSE,562990,碳中和E,37775.6
2026-09-22,SSE,563000,中国A50,147345.11
2026-09-22,SSE,563010,电信ETF,10318.93
2026-09-22,SSE,563020,低波红利,1043191
2026-09-22,SSE,563030,增强500,12716.9
2026-09-22,SSE,563050,科技央企,17320.84
2026-09-22,SSE,563060,央企50,17852.7
2026-09-22,SSE,563080,中证A50E,107458.84
2026-09-22,SSE,563090,上50增强,5584.8
2026-09-22,SSE,563150,油气资源,3439.9
2026-09-22,SSE,563180,高股息,9542
2026-09-22,SSE,563200,2000指数,4745.88
2026-09-22,SSE,563210,专精特新,10606.7
2026-09-22,SSE,563220,A500富国,630501.37
2026-09-22,SSE,563230,卫星ETF,311323.7
2026-09-22,SSE,563280,A50增强,520.66
2026-09-22,SSE,563300,中证2000,399867.4
2026-09-22,SSE,563320,通用航空,21789.2
2026-09-22,SSE,563330,A股ETF,3856.06
2026-09-22,SSE,563350,中证A50,17399.76
2026-09-22,SSE,563360,A500基金,3035598.74
2026-09-22,SSE,563380,航空航天,79295
2026-09-22,SSE,563390,现金基金,214034.4
2026-09-22,SSE,563500,A500华宝,76595.87
2026-09-22,SSE,563510,A500红利,28353.7
2026-09-22,SSE,563520,300永赢,44806.5
2026-09-22,SSE,563530,卫星E,148574.8
2026-09-22,SSE,563550,增强A500,7655.9
2026-09-22,SSE,563560,科技成长,6076.9
2026-09-22,SSE,563570,金融科,10237.4
2026-09-22,SSE,563580,现金800,23964.8
2026-09-22,SSE,563590,红利A500,5994.44
2026-09-22,SSE,563600,A500增强,6648.3
2026-09-22,SSE,563620,现金流全,4704.9
2026-09-22,SSE,563630,A500指增,3794.71
2026-09-22,SSE,563650,A500中证,14090.9
2026-09-22,SSE,563660,A500银河,6608.52
2026-09-22,SSE,563670,金科基金,18598.7
2026-09-22,SSE,563680,现金流TF,10295.9
2026-09-22,SSE,563690,红利永赢,6088.2
2026-09-22,SSE,563700,红利价值,35015
2026-09-22,SSE,563750,500添富,36223.7
2026-09-22,SSE,563760,中银现金,71391.32
2026-09-22,SSE,563770,全指现金,2730.7
2026-09-22,SSE,563780,现金指数,23402.71
2026-09-22,SSE,563790,卫星产业,112744.7
2026-09-22,SSE,563800,A500龙头,920597.81
2026-09-22,SSE,563830,现金流基,12789.6
2026-09-22,SSE,563850,食品广发,10288.17
2026-09-22,SSE,563860,A500海富,18284.43
2026-09-22,SSE,563870,航空通用,10330.39
2026-09-22,SSE,563880,A500添富,149899.64
2026-09-22,SSE,563890,红利国有,1983.6
2026-09-22,SSE,563900,现金流,45696.57
2026-09-22,SSE,563930,上指增强,2559.2
2026-09-22,SSE,563960,300质量,34951.2
2026-09-22,SSE,563980,XD800红,21796.7
2026-09-22,SSE,563990,800现金,29457.3
2026-09-22,SSE,588000,科创50,5437466.82
2026-09-22,SSE,588010,科创材料,99542.58
2026-09-22,SSE,588020,科创50E,239337.3
2026-09-22,SSE,588030,科创指基,228283.81
2026-09-22,SSE,588040,科创板指,13788.9
2026-09-22,SSE,588050,科创ETF,661324.13
2026-09-22,SSE,588060,上证科创,762114
2026-09-22,SSE,588070,科创万家,3643.7
2026-09-22,SSE,588080,科创板50,2578062.81
2026-09-22,SSE,588090,科创板,312007.28
2026-09-22,SSE,588100,科创信息,23674.62
2026-09-22,SSE,588110,科创成长,91903.2
2026-09-22,SSE,588120,科100ETF,88362.2
2026-09-22,SSE,588130,科创药,45108.26
2026-09-22,SSE,588140,科200GF,21175.1
2026-09-22,SSE,588150,科创龙头,40143.26
2026-09-22,SSE,588160,科创新材,89949.6
2026-09-22,SSE,588170,科创半导,4601744.7
2026-09-22,SSE,588180,科创50基,76635.37
2026-09-22,SSE,588190,科创100,136661.83
2026-09-22,SSE,588200,科创芯片,4331068.43
2026-09-22,SSE,588210,科创100E,24575.4
2026-09-22,SSE,588220,科创100F,397069.79
2026-09-22,SSE,588230,科创200,75593.9
2026-09-22,SSE,588240,科200,11363.3
2026-09-22,SSE,588250,KC医药,27567.5
2026-09-22,SSE,588260,科创技术,4674.6
2026-09-22,SSE,588270,科创200F,29541
2026-09-22,SSE,588280,科创五零,38812.1
2026-09-22,SSE,588290,芯片科创,461819.1
2026-09-22,SSE,588300,双创ETF,156121.05
2026-09-22,SSE,588310,双创基金,3063.75
2026-09-22,SSE,588320,双创增强,8982.46
2026-09-22,SSE,588330,双创龙头,120573.78
2026-09-22,SSE,588350,双创,65654.6
2026-09-22,SSE,588360,创创ETF,22468.18
2026-09-22,SSE,588370,科创策略,7577.2
2026-09-22,SSE,588380,创50ETF,308077
2026-09-22,SSE,588390,科创创业,16193.59
2026-09-22,SSE,588400,双创50,151860.06
2026-09-22,SSE,588410,双创AI,10525
2026-09-22,SSE,588420,AI双创,32564.8
2026-09-22,SSE,588430,科创创AI,9445.8
2026-09-22,SSE,588450,科创50增,6356.87
2026-09-22,SSE,588460,科创增强,64801.4
2026-09-22,SSE,588470,双创智能,25990.7
2026-09-22,SSE,588480,AI50双创,22171.7
2026-09-22,SSE,588500,科创100Z,4464.7
2026-09-22,SSE,588510,智能双创,29517.5
2026-09-22,SSE,588520,科创增,1295.7
2026-09-22,SSE,588530,AIBOCI,20163.33
2026-09-22,SSE,588550,科创增指,7129
2026-09-22,SSE,588660,双创五零,3834.4
2026-09-22,SSE,588670,科综增强,3979.2
2026-09-22,SSE,588680,科100增,3536.1
2026-09-22,SSE,588690,科综指增,5163.6
2026-09-22,SSE,588700,科创生物,45783.62
2026-09-22,SSE,588710,科半导体,1107688.5
2026-09-22,SSE,588720,中银科创,11224.18
2026-09-22,SSE,588730,科创AI,71939.63
2026-09-22,SSE,588750,科创芯50,298322.8
2026-09-22,SSE,588760,AI科创,245553.2
2026-09-22,SSE,588770,信息科创,30559.71
2026-09-22,SSE,588780,芯片设计,97590.2
2026-09-22,SSE,588790,科创智能,328038.4
2026-09-22,SSE,588800,科创100C,165737.7
2026-09-22,SSE,588810,科创板芯,173464.8
2026-09-22,SSE,588820,科创200E,14840
2026-09-22,SSE,588830,科创新能,64584.79
2026-09-22,SSE,588840,50科创,5823.6
2026-09-22,SSE,588850,科创机械,8277.9
2026-09-22,SSE,588860,科创医药,34888.94
2026-09-22,SSE,588870,科创50指,87255.2
2026-09-22,SSE,588880,科创指数,10836.8
2026-09-22,SSE,588890,科创芯,270243
2026-09-22,SSE,588900,科创100S,35878.3
2026-09-22,SSE,588910,科创价值,10004.91
2026-09-22,SSE,588920,KC芯片,31187.6
2026-09-22,SSE,588930,科创板AI,61532.9
2026-09-22,SSE,588940,科创富国,303284
2026-09-22,SSE,588950,景顺科创,68372.97
2026-09-22,SSE,588960,新能科创,14557.98
2026-09-22,SSE,588980,科创广发,1442
2026-09-22,SSE,588990,科芯片,19374.54
2026-09-22,SSE,589000,科创综指,106750.78
2026-09-22,SSE,589010,科创AI指,92979.3
2026-09-22,SSE,589020,KC半导体,462043.8
2026-09-22,SSE,589030,科芯设计,87707.7
2026-09-22,SSE,589050,科创E,5096.8
2026-09-22,SSE,589060,科综东财,8213.79
2026-09-22,SSE,589070,科芯TH,200329.3
2026-09-22,SSE,589080,科创综E,14306.1
2026-09-22,SSE,589090,KCAI,18193.1
2026-09-22,SSE,589100,国泰芯片,88144.25
2026-09-22,SSE,589110,科AI国泰,54041.3
2026-09-22,SSE,589120,创新药基,132562
2026-09-22,SSE,589130,科创芯易,321278
2026-09-22,SSE,589150,科创平安,83943.72
2026-09-22,SSE,589160,科芯片GF,26629.6
2026-09-22,SSE,589170,芯设计KC,14790.9
2026-09-22,SSE,589180,科创材基,13281.8
2026-09-22,SSE,589190,科创芯基,355356.2
2026-09-22,SSE,589200,科200E,2250.7
2026-09-22,SSE,589210,芯设计GF,129693.8
2026-09-22,SSE,589220,科200GT,31049.58
2026-09-22,SSE,589230,AI科创CS,24355.3
2026-09-22,SSE,589250,芯设计PY,7110.13
2026-09-22,SSE,589260,科创芯设,12715.6
2026-09-22,SSE,589270,科创100Q,2151.66
2026-09-22,SSE,589280,科综增指,13906.9
2026-09-22,SSE,589290,芯片主题,13184.89
2026-09-22,SSE,589300,科综嘉实,4158.25
2026-09-22,SSE,589310,科创人工,31649.18
2026-09-22,SSE,589320,科200JS,10805.3
2026-09-22,SSE,589330,科200DC,16090.2
2026-09-22,SSE,589350,科芯片指,22228.15
2026-09-22,SSE,589360,科创50GT,268717.4
2026-09-22,SSE,589380,AI科创指,10369.43
2026-09-22,SSE,589390,芯设计,129981.05
2026-09-22,SSE,589400,芯设计FG,28378.52
2026-09-22,SSE,589410,科创AIJS,55656.56
2026-09-22,SSE,589420,芯设计MW,36648.15
2026-09-22,SSE,589430,科芯片设,13484.99
2026-09-22,SSE,589460,科200HB,16063.09
2026-09-22,SSE,589500,科综工银,8006.4
2026-09-22,SSE,589510,科新材料,6858.69
2026-09-22,SSE,589520,AI科创板,81310.46
2026-09-22,SSE,589550,KC价值,2829.55
2026-09-22,SSE,589560,科创AITF,27735.5
2026-09-22,SSE,589580,科综价格,1435.48
2026-09-22,SSE,589600,富国科综,22553.5
2026-09-22,SSE,589630,科综国泰,32525.8
2026-09-22,SSE,589660,综指科创,25353
2026-09-22,SSE,589680,科创综Z,143494.37
2026-09-22,SSE,589700,成长科创,3029.1
2026-09-22,SSE,589720,科创新药,493882.3
2026-09-22,SSE,589770,科创全指,14856.92
2026-09-22,SSE,589780,科200FG,6321.5
2026-09-22,SSE,589800,科创综合,107198.82
2026-09-22,SSE,589820,科200F,12972.02
2026-09-22,SSE,589850,科创东财,77505.7
2026-09-22,SSE,589860,天弘科综,16222.4
2026-09-22,SSE,589880,科创综,46999.6
2026-09-22,SSE,589890,景顺科综,8498.7
2026-09-22,SSE,589900,博时科综,16890.82
2026-09-22,SSE,589950,科100FG,36087.3
2026-09-22,SSE,589960,科创新源,17231.6
2026-09-22,SSE,589980,科基100,12612.2
2026-09-22,SSE,589990,科创板综,10609
2026-09-22,SZSE,158000,港股通金融ETF鹏华,5792.58
2026-09-22,SZSE,158001,价值ETF嘉实,12039.26
2026-09-22,SZSE,158003,港股通医疗ETF嘉实,6065.43
2026-09-22,SZSE,158005,工程机械ETF博时,11806.13
2026-09-22,SZSE,158006,化工ETF博时,4304.60
2026-09-22,SZSE,158008,储能电池ETF华夏,23641.31
2026-09-22,SZSE,158009,航空航天ETF南方,3037.38
2026-09-22,SZSE,158010,医疗ETF嘉实,36721.33
2026-09-22,SZSE,158011,创业板软件ETF国泰,5234.26
2026-09-22,SZSE,158012,云计算ETF南方,26132.55
2026-09-22,SZSE,158013,航空航天ETF易方达,5734.52
2026-09-22,SZSE,158017,化工ETF易方达,6459.45
2026-09-22,SZSE,158019,电池ETF永赢,26428.19
2026-09-22,SZSE,158022,创业板综增强ETF国联,29591.53
2026-09-22,SZSE,158023,红利低波ETF万家,56008.07
2026-09-22,SZSE,158027,工业互联网ETF易方达,16214.30
2026-09-22,SZSE,158028,稀有金属ETF招商,19668.77
2026-09-22,SZSE,158031,创业板人工智能ETF易方达,16797.02
2026-09-22,SZSE,158032,化工ETF景顺,22433.55
2026-09-22,SZSE,158038,粮食ETF富国,11706.00
2026-09-22,SZSE,158041,创业板算力ETF华夏,50939.25
2026-09-22,SZSE,158049,创业板算力ETF广发,107450.75
2026-09-22,SZSE,158050,创业板算力ETF易方达,82344.74
2026-09-22,SZSE,158061,创业板算力ETF天弘,34206.64
2026-09-22,SZSE,159001,货币ETF易方达,3003.58
2026-09-22,SZSE,159003,招商快线ETF,210.89
2026-09-22,SZSE,159005,快钱ETF汇添富,122.11
2026-09-22,SZSE,159007,养殖ETF华泰柏瑞,17660.32
2026-09-22,SZSE,159008,证券ETF景顺,13228.45
2026-09-22,SZSE,159009,创业板新能源ETF易方达,19739.27
2026-09-22,SZSE,159010,港股通科技ETF博时,20409.76
2026-09-22,SZSE,159011,养殖ETF华安,2350.51
2026-09-22,SZSE,159012,科创创业50ETF鹏华,12588.11
2026-09-22,SZSE,159013,工业互联网ETF大成,4057.88
2026-09-22,SZSE,159015,恒生港股通科技ETF国联,11035.29
2026-09-22,SZSE,159016,证券ETF广发,34754.01
2026-09-22,SZSE,159017,石油ETF工银,14925.68
2026-09-22,SZSE,159018,石油ETF广发,2590.42
2026-09-22,SZSE,159019,石油ETF华宝,4232.77
2026-09-22,SZSE,159020,养殖ETF易方达,11356.70
2026-09-22,SZSE,159021,大盘价值ETF华夏,6290.77
2026-09-22,SZSE,159022,科创创业人工智能ETF富国,16563.09
2026-09-22,SZSE,159023,养殖ETF万家,3677.79
2026-09-22,SZSE,159025,家电ETF华安,5093.50
2026-09-22,SZSE,159026,石油ETF南方,4351.34
2026-09-22,SZSE,159027,畜牧养殖ETF大成,10247.22
2026-09-22,SZSE,159028,港股汽车ETF天弘,13344.90
2026-09-22,SZSE,159029,有色ETF广发,30312.77
2026-09-22,SZSE,159030,粮食ETF华夏,41696.81
2026-09-22,SZSE,159031,粮食ETF博时,52502.86
2026-09-22,SZSE,159032,工业有色ETF易方达,26084.50
2026-09-22,SZSE,159033,粮食ETF国泰,13232.34
2026-09-22,SZSE,159035,软件ETF天弘,66385.97
2026-09-22,SZSE,159036,软件开发ETF华宝,28074.01
2026-09-22,SZSE,159037,价值ETF鹏华,5724.98
2026-09-22,SZSE,159038,粮食ETF易方达,16602.69
2026-09-22,SZSE,159039,机器人ETF华安,118946.14
2026-09-22,SZSE,159040,港股通互联网ETF鹏华,2948.10
2026-09-22,SZSE,159041,农业ETF鹏华,3447.18
2026-09-22,SZSE,159042,价值ETF汇添富,8180.11
2026-09-22,SZSE,159043,食品ETF华安,5977.06
2026-09-22,SZSE,159045,稀有金属ETF大成,17633.02
2026-09-22,SZSE,159046,绿电ETF天弘,83497.68
2026-09-22,SZSE,159048,机器人ETF大成,19080.38
2026-09-22,SZSE,159049,有色ETF工银,3507.33
2026-09-22,SZSE,159050,机器人ETF广发,63070.36
2026-09-22,SZSE,159051,医疗器械ETF易方达,7611.78
2026-09-22,SZSE,159052,储能电池ETF嘉实,19992.60
2026-09-22,SZSE,159053,稀有金属ETF华夏,16519.81
2026-09-22,SZSE,159055,稀有金属ETF富国,12729.39
2026-09-22,SZSE,159056,医疗器械ETF富国,5593.43
2026-09-22,SZSE,159057,医疗器械ETF鹏华,2471.53
2026-09-22,SZSE,159058,证券ETF大成,6533.12
2026-09-22,SZSE,159059,电力ETF大成,5183.00
2026-09-22,SZSE,159060,粮食ETF浦银,1648.34
2026-09-22,SZSE,159061,绿色电力ETF南方,20604.02
2026-09-22,SZSE,159062,稀有金属ETF南方,11920.12
2026-09-22,SZSE,159063,粮食ETF南方,6248.66
2026-09-22,SZSE,159065,工程机械ETF景顺,10435.08
2026-09-22,SZSE,159066,A股ETF建信,19873.30
2026-09-22,SZSE,159067,绿色电力ETF鹏华,1690.87
2026-09-22,SZSE,159068,软件ETF华夏,5933.65
2026-09-22,SZSE,159069,创业板新能源ETF华泰柏瑞,4277.04
2026-09-22,SZSE,159070,工程机械ETF嘉实,10036.68
2026-09-22,SZSE,159071,储能电池ETF华宝,12191.17
2026-09-22,SZSE,159072,粮食ETF景顺,4728.51
2026-09-22,SZSE,159073,粮食ETF汇添富,5917.38
2026-09-22,SZSE,159075,工业互联网ETF华夏,16819.71
2026-09-22,SZSE,159076,创业板新能源ETF华宝,25037.30
2026-09-22,SZSE,159077,电池ETF鑫元,3724.25
2026-09-22,SZSE,159078,A股ETF富国,16226.24
2026-09-22,SZSE,159079,价值ETF兴全,7180.68
2026-09-22,SZSE,159082,化工ETF华夏,7353.12
2026-09-22,SZSE,159083,红利低波100ETF嘉实,12837.04
2026-09-22,SZSE,159085,价值ETF永赢,3153.54
2026-09-22,SZSE,159086,金融科技ETF广发,2739.98
2026-09-22,SZSE,159087,化工ETF万家,2899.21
2026-09-22,SZSE,159091,港股通金融ETF易方达,2337.41
2026-09-22,SZSE,159093,化工ETF汇添富,2668.14
2026-09-22,SZSE,159095,云计算ETF银华,20646.81
2026-09-22,SZSE,159096,价值ETF华夏,14163.13
2026-09-22,SZSE,159098,价值ETF招商,8389.15
2026-09-22,SZSE,159099,云计算ETF华宝,10161.05
2026-09-22,SZSE,159100,巴西ETF华夏,48204.69
2026-09-22,SZSE,159101,港股通科技ETF华夏,287331.14
2026-09-22,SZSE,159102,港股通生物科技ETF华安,60062.20
2026-09-22,SZSE,159103,金融科技ETF汇添富,32740.67
2026-09-22,SZSE,159105,恒生生物科技ETF易方达,16527.29
2026-09-22,SZSE,159106,民企300ETF前海开源,3957.94
2026-09-22,SZSE,159107,创业板软件ETF富国,72282.30
2026-09-22,SZSE,159108,工业软件ETF博时,11973.85
2026-09-22,SZSE,159109,恒生50ETF景顺,55816.38
2026-09-22,SZSE,159110,科创债ETF万家,2312.70
2026-09-22,SZSE,159111,科创债ETF天弘,14687.66
2026-09-22,SZSE,159112,科创债ETF银华,25488.78
2026-09-22,SZSE,159113,科创债ETF大成,9662.62
2026-09-22,SZSE,159115,科创债ETF华安,5452.34
2026-09-22,SZSE,159116,科创债ETF工银,12413.27
2026-09-22,SZSE,159117,港股通红利低波ETF鹏华,5940.11
2026-09-22,SZSE,159118,港股通红利低波ETF华夏,6767.70
2026-09-22,SZSE,159119,800现金流ETF招商,15305.42
2026-09-22,SZSE,159120,港股通科技ETF国联安,19702.44
2026-09-22,SZSE,159121,港股通汽车ETF易方达,15248.11
2026-09-22,SZSE,159122,创业板新能源ETF富国,6916.09
2026-09-22,SZSE,159123,光伏ETF嘉实,40604.70
2026-09-22,SZSE,159125,港股通科技ETF招商,84024.58
2026-09-22,SZSE,159126,港股通50ETF南方,22761.65
2026-09-22,SZSE,159127,港股通红利ETF南方,15134.42
2026-09-22,SZSE,159128,港股科技ETF天弘,190076.08
2026-09-22,SZSE,159129,化工ETF嘉实,112240.65
2026-09-22,SZSE,159130,恒生生物科技ETF鹏华,19138.94
2026-09-22,SZSE,159131,港股通信息技术ETF华宝,204191.99
2026-09-22,SZSE,159132,恒生生物科技ETF富国,11196.35
2026-09-22,SZSE,159133,化工ETF天弘,154841.33
2026-09-22,SZSE,159135,港股通科技ETF前海开源,61796.63
2026-09-22,SZSE,159136,A50ETF广发,10941.40
2026-09-22,SZSE,159137,港股通医疗ETF华宝,16263.26
2026-09-22,SZSE,159138,工程机械ETF易方达,29226.79
2026-09-22,SZSE,159139,科创创业人工智能ETF华泰柏瑞,16810.92
2026-09-22,SZSE,159140,科创创业人工智能ETF易方达,45793.68
2026-09-22,SZSE,159141,科创创业人工智能ETF永赢,144306.07
2026-09-22,SZSE,159142,科创创业人工智能ETF景顺,110126.01
2026-09-22,SZSE,159143,港股通央企红利ETF平安,4355.44
2026-09-22,SZSE,159145,工业软件ETF广发,6958.18
2026-09-22,SZSE,159146,电力ETF华宝,68444.08
2026-09-22,SZSE,159147,电池ETF南方,221340.95
2026-09-22,SZSE,159148,石油ETF富国,20646.66
2026-09-22,SZSE,159149,创业板新能源ETF工银,5851.52
2026-09-22,SZSE,159150,深证50ETF易方达,9699.76
2026-09-22,SZSE,159151,食品ETF华夏,18825.10
2026-09-22,SZSE,159152,港股通科技ETF平安,82855.60
2026-09-22,SZSE,159153,消费电子ETF鹏华,8672.59
2026-09-22,SZSE,159155,电池ETF大成,53151.32
2026-09-22,SZSE,159156,电池ETF万家,22946.12
2026-09-22,SZSE,159157,有色金属ETF天弘,805475.87
2026-09-22,SZSE,159158,电力ETF景顺,85403.53
2026-09-22,SZSE,159159,公用事业ETF国投瑞银,11381.85
2026-09-22,SZSE,159160,电池ETF东财,26181.92
2026-09-22,SZSE,159161,工程机械ETF东财,6733.12
2026-09-22,SZSE,159162,工业有色ETF鹏华,42393.98
2026-09-22,SZSE,159163,有色ETF泰康,26180.70
2026-09-22,SZSE,159165,养殖ETF永赢,9957.12
2026-09-22,SZSE,159166,现金流ETF长城,55181.60
2026-09-22,SZSE,159167,港股通医疗ETF工银,14354.91
2026-09-22,SZSE,159168,有色ETF富国,51945.50
2026-09-22,SZSE,159169,恒生生物科技ETF广发,11787.44
2026-09-22,SZSE,159170,港股通互联网ETF永赢,38763.83
2026-09-22,SZSE,159171,工业有色ETF博时,22053.29
2026-09-22,SZSE,159172,养殖ETF汇添富,38182.92
2026-09-22,SZSE,159173,农牧ETF南方,4645.53
2026-09-22,SZSE,159175,电池ETF易方达,50427.03
2026-09-22,SZSE,159176,家电ETF华宝,1630.33
2026-09-22,SZSE,159177,工程机械ETF鹏华,4561.92
2026-09-22,SZSE,159178,消费电子ETF汇添富,9243.29
2026-09-22,SZSE,159179,港股通互联网ETF工银,10290.35
2026-09-22,SZSE,159180,软件ETF银华,3315.59
2026-09-22,SZSE,159181,石油ETF易方达,12940.53
2026-09-22,SZSE,159182,家电ETF南方,3448.56
2026-09-22,SZSE,159183,新能源车ETF招商,5038.77
2026-09-22,SZSE,159185,港股通信息技术ETF鹏华,18409.90
2026-09-22,SZSE,159186,港股通汽车ETF鹏华,8886.92
2026-09-22,SZSE,159187,创业板新能源ETF景顺,6617.62
2026-09-22,SZSE,159188,红利100ETF景顺,6560.18
2026-09-22,SZSE,159189,石油ETF华夏,10808.31
2026-09-22,SZSE,159190,创业板新能源ETF天弘,7606.92
2026-09-22,SZSE,159191,港股通科技ETF易方达,6810.48
2026-09-22,SZSE,159192,家电ETF汇添富,1798.70
2026-09-22,SZSE,159193,储能电池ETF银华,25108.03
2026-09-22,SZSE,159195,石油ETF华安,7349.01
2026-09-22,SZSE,159196,港股通信息技术ETF易方达,20353.03
2026-09-22,SZSE,159197,石油ETF招商,4038.82
2026-09-22,SZSE,159198,港股通信息技术ETF富国,8534.43
2026-09-22,SZSE,159199,石油ETF平安,6115.49
2026-09-22,SZSE,159200,科创债ETF富国,15632.26
2026-09-22,SZSE,159201,自由现金流ETF华夏,1286527.59
2026-09-22,SZSE,159202,恒生互联网ETF万家,126940.19
2026-09-22,SZSE,159203,大盘成长ETF博时,979.19
2026-09-22,SZSE,159205,创业板ETF东财,64505.60
2026-09-22,SZSE,159206,卫星ETF永赢,912995.33
2026-09-22,SZSE,159207,高股息ETF广发,232398.33
2026-09-22,SZSE,159208,航空航天ETF万家,29746.27
2026-09-22,SZSE,159209,红利质量ETF招商,231863.50
2026-09-22,SZSE,159210,港股通汽车ETF汇添富,5214.98
2026-09-22,SZSE,159211,深证100ETF富国,1968.32
2026-09-22,SZSE,159212,深100ETF南方,9120.43
2026-09-22,SZSE,159213,机器人ETF汇添富,47823.75
2026-09-22,SZSE,159215,A500ETF平安,95558.28
2026-09-22,SZSE,159216,深证100ETF大成,1104.82
2026-09-22,SZSE,159217,港股通创新药ETF工银,535415.75
2026-09-22,SZSE,159218,卫星ETF招商,193561.63
2026-09-22,SZSE,159219,深证100ETF融通,1038.80
2026-09-22,SZSE,159220,港股通红利低波ETF华宝,42156.95
2026-09-22,SZSE,159221,现金流ETF嘉实,106401.32
2026-09-22,SZSE,159222,自由现金流ETF易方达,169437.04
2026-09-22,SZSE,159223,现金流ETF永赢,17484.47
2026-09-22,SZSE,159225,现金流ETF银华,25874.48
2026-09-22,SZSE,159226,中证A500增强ETF国泰,8109.48
2026-09-22,SZSE,159227,航空航天ETF华夏,432591.11
2026-09-22,SZSE,159228,红利低波ETF长城,10321.26
2026-09-22,SZSE,159229,自由现金流ETF广发,13605.60
2026-09-22,SZSE,159230,通用航空ETF华夏,29830.42
2026-09-22,SZSE,159231,通用航空ETF华宝,32509.18
2026-09-22,SZSE,159232,自由现金流ETF南方,206894.85
2026-09-22,SZSE,159233,自由现金流ETF平安,61662.34
2026-09-22,SZSE,159235,中证现金流ETF大成,190472.95
2026-09-22,SZSE,159236,自由现金流ETF工银,3772.21
2026-09-22,SZSE,159237,港股汽车ETF工银,4233.42
2026-09-22,SZSE,159238,沪深300增强ETF景顺,5401.61
2026-09-22,SZSE,159239,港股通汽车ETF富国,11128.07
2026-09-22,SZSE,159240,A500增强ETF天弘,1761.97
2026-09-22,SZSE,159241,航空航天ETF天弘,128707.42
2026-09-22,SZSE,159242,创业板人工智能ETF大成,39227.85
2026-09-22,SZSE,159243,创业板人工智能ETF招商,13203.02
2026-09-22,SZSE,159245,港股通消费ETF富国,7711.32
2026-09-22,SZSE,159246,创业板人工智能ETF富国,307165.56
2026-09-22,SZSE,159247,创业板ETF汇添富,49998.49
2026-09-22,SZSE,159248,人工智能ETF万家,12409.56
2026-09-22,SZSE,159249,A500增强ETF工银,11119.19
2026-09-22,SZSE,159251,港股通科技ETF万家,24378.77
2026-09-22,SZSE,159253,银行ETF博时,48170.49
2026-09-22,SZSE,159255,通用航空ETF易方达,6533.88
2026-09-22,SZSE,159256,创业板软件ETF华夏,55018.37
2026-09-22,SZSE,159257,航空ETF汇添富,14541.69
2026-09-22,SZSE,159258,机器人ETF南方,133026.56
2026-09-22,SZSE,159259,成长ETF易方达,698569.64
2026-09-22,SZSE,159260,证券ETF博时,103921.35
2026-09-22,SZSE,159261,创业板新能源ETF鹏华,4981.49
2026-09-22,SZSE,159262,港股通科技ETF广发,554572.04
2026-09-22,SZSE,159263,价值ETF易方达,753410.51
2026-09-22,SZSE,159265,港股消费ETF鹏华,18895.08
2026-09-22,SZSE,159266,港股央企红利ETF永赢,33471.00
2026-09-22,SZSE,159267,航天ETF华安,247550.61
2026-09-22,SZSE,159268,港股通消费ETF汇添富,38905.50
2026-09-22,SZSE,159269,港股通科技ETF南方,146631.17
2026-09-22,SZSE,159270,创业板200ETF南方,8876.36
2026-09-22,SZSE,159271,恒生ETF鹏华,23138.67
2026-09-22,SZSE,159272,机器人ETF富国,367416.46
2026-09-22,SZSE,159273,云计算ETF汇添富,69377.75
2026-09-22,SZSE,159275,农牧渔ETF华宝,25030.29
2026-09-22,SZSE,159276,现金流ETF汇添富,54769.66
2026-09-22,SZSE,159277,港股通红利ETF富国,3255.70
2026-09-22,SZSE,159278,机器人ETF鹏华,198154.58
2026-09-22,SZSE,159279,创业板人工智能ETF华安,14238.75
2026-09-22,SZSE,159280,港股通互联网ETF汇添富,10771.71
2026-09-22,SZSE,159281,港股央企红利ETF天弘,23923.30
2026-09-22,SZSE,159283,通用航空ETF南方,28543.79
2026-09-22,SZSE,159285,港股通消费ETF华安,24648.66
2026-09-22,SZSE,159286,港股通创新药ETF鹏华,70578.54
2026-09-22,SZSE,159287,创业板综ETF博时,10956.87
2026-09-22,SZSE,159288,创业板综ETF银华,9217.49
2026-09-22,SZSE,159289,创业板综指ETF鹏华,3390.26
2026-09-22,SZSE,159290,创业板综指增强ETF东财,4210.03
2026-09-22,SZSE,159291,创业板综增强ETF招商,1745.73
2026-09-22,SZSE,159292,创业板综增强ETF华宝,17518.95
2026-09-22,SZSE,159293,创业板综增强ETF建信,2315.93
2026-09-22,SZSE,159295,创业综指ETF西部利得,8095.82
2026-09-22,SZSE,159296,A500红利低波ETF华宝,3404.29
2026-09-22,SZSE,159297,港股通创新药ETF南方,338741.86
2026-09-22,SZSE,159298,创业板50ETF大成,16228.10
2026-09-22,SZSE,159299,金融科技ETF易方达,66647.29
2026-09-22,SZSE,159300,沪深300ETF富国,34295.80
2026-09-22,SZSE,159301,公用事业ETF华夏,12045.83
2026-09-22,SZSE,159302,港股高股息ETF银华,4829.76
2026-09-22,SZSE,159303,恒生医疗ETF大成,6599.16
2026-09-22,SZSE,159305,储能电池ETF广发,118364.03
2026-09-22,SZSE,159306,汽车零部件ETF平安,2224.46
2026-09-22,SZSE,159307,红利低波100ETF博时,687190.35
2026-09-22,SZSE,159309,油气ETF汇添富,95237.17
2026-09-22,SZSE,159310,芯片ETF天弘,50298.10
2026-09-22,SZSE,159311,数字经济ETF易方达,3738.39
2026-09-22,SZSE,159312,恒指港股通ETF广发,3222.43
2026-09-22,SZSE,159315,黄金股ETF工银,18958.96
2026-09-22,SZSE,159316,港股通创新药ETF易方达,528833.61
2026-09-22,SZSE,159318,恒指港股通ETF银华,1360.16
2026-09-22,SZSE,159320,电网设备ETF广发,164923.55
2026-09-22,SZSE,159321,黄金股ETF华安,48040.03
2026-09-22,SZSE,159322,黄金股ETF平安,12041.16
2026-09-22,SZSE,159323,港股通汽车ETF华夏,12509.73
2026-09-22,SZSE,159325,半导体ETF南方,107692.10
2026-09-22,SZSE,159326,电网设备ETF华夏,1109326.55
